date,index,ln_index,daily_return
1990-01-03,460.9,6.133181099726462,0.0034121937413491565
1990-01-04,459.39,6.129899522495226,-0.0032815772312364544
1990-01-05,458.22,6.127349418128348,-0.002550104366878081
1990-01-08,458.71,6.128418202106719,0.0010687839783711794
1990-01-09,456.77,6.12417998192946,-0.0042382201772586114
1990-01-10,450.7,6.110801929696603,-0.013378052232857485
1990-01-11,448.86,6.106711035112369,-0.004090894584233951
1990-01-12,439.72,6.0861381607106635,-0.0205728744017053
1990-01-15,436.64,6.079109056960029,-0.007029103750634924
1990-01-16,440.16,6.087138297176264,0.008029240216235856
1990-01-17,438.68,6.083770217892008,-0.003368079284256531
1990-01-18,437.52,6.081122419038517,-0.002647798853490535
1990-01-19,440.88,6.08877272957498,0.007650310536462257
1990-01-22,431.94,6.068286689709266,-0.0204860398657134
1990-01-23,430.42,6.064761476169439,-0.0035252135398273765
1990-01-24,425.66,6.053640905534658,-0.011120570634781224
1990-01-25,425.24,6.052653715420404,-0.0009871901142535222
1990-01-26,421.33,6.043416374614993,-0.009237340805411165
1990-01-29,418.11,6.0357445557995275,-0.007671818815465414
1990-01-30,410.72,6.01791171712283,-0.01783283867669727
1990-01-31,415.81,6.030228425158765,0.012316708035934987
1990-02-01,417.76,6.034907104950818,0.004678679792053053
1990-02-02,422.21,6.045502820590854,0.010595715640035586
1990-02-05,424.73,6.051453672921953,0.005950852331099377
1990-02-06,423.99,6.0497098700481695,-0.0017438028737837286
1990-02-07,426.79,6.056292088975038,0.006582218926868499
1990-02-08,427.32,6.057533147077686,0.0012410581026482959
1990-02-09,428.84,6.061083888988039,0.0035507419103524285
1990-02-12,426.38,6.055330967436396,-0.005752921551642309
1990-02-13,425.75,6.053852319542798,-0.0014786478935988612
1990-02-14,426.56,6.055753036990344,0.0019007174475467181
1990-02-15,429.61,6.062877820391151,0.007124783400806578
1990-02-16,429.01,6.0614802286796525,-0.001397591711498336
1990-02-20,423.83,6.0493324314364365,-0.012147797243216019
1990-02-21,421.52,6.04386722590103,-0.005465205535406525
1990-02-22,422.75,6.04678098777869,0.002913761877660015
1990-02-23,419.52,6.039111200575335,-0.007669787203354872
1990-02-26,420.95,6.042514061783673,0.0034028612083378817
1990-02-27,422.61,6.0464497679403255,0.0039357061566525076
1990-02-28,425.83,6.0540402055904625,0.007590437650137005
1990-03-01,427.21,6.057275695611716,0.003235490021253895
1990-03-02,431.02,6.066154492739426,0.008878797127709781
1990-03-05,430.15,6.0641339850673575,-0.0020205076720687387
1990-03-06,432.33,6.06918918551838,0.005055200451022479
1990-03-07,432.47,6.06951295980428,0.0003237742859001358
1990-03-08,436.5,6.0787883752796565,0.00927541547537647
1990-03-09,436.76,6.079383845145865,0.000595469866208731
1990-03-12,436.56,6.078925822877976,-0.00045802226788893563
1990-03-13,434.58,6.07438004743529,-0.004545775442686306
1990-03-14,436.15,6.077986220879228,0.0036061734439378768
1990-03-15,438.06,6.08235588729605,0.004369666416821794
1990-03-16,442.16,6.091671807525008,0.009315920228957886
1990-03-19,442.91,6.093366589134412,0.0016947816094043944
1990-03-20,440.08,6.086956528567202,-0.006410060567209719
1990-03-21,439.3,6.085182550981734,-0.0017739775854686002
1990-03-22,434.51,6.07421895940033,-0.010963591581403698
1990-03-23,437.25,6.080505113898711,0.0062861544983814355
1990-03-26,438.84,6.08413488194929,0.0036297680505787966
1990-03-27,439.5,6.085637717125231,0.0015028351759411862
1990-03-28,436.69,6.079223561213986,-0.006414155911245167
1990-03-29,435.42,6.0763110825181,-0.002912478695885845
1990-03-30,435.54,6.076586640524805,0.00027555800670420183
1990-04-02,433.18,6.07115334600935,-0.005433294515454712
1990-04-03,437.65,6.081419504178447,0.01026615816909704
1990-04-04,435.42,6.0763110825181,-0.005108421660346529
1990-04-05,433.42,6.071707234784185,-0.004603847733915423
1990-04-06,430.9,6.065876044621792,-0.005831190162393085
1990-04-09,430.18,6.064203725748287,-0.001672318873504608
1990-04-10,431.9,6.068194079966656,0.003990354218368353
1990-04-11,433.53,6.071960997978349,0.0037669180116930434
1990-04-12,436.31,6.078352999876072,0.006392001897723709
1990-04-16,436.7,6.0792464604915155,0.0008934606154431535
1990-04-17,435.42,6.0763110825181,-0.002935377973415143
1990-04-18,431.52,6.06731385939142,-0.008997223126680609
1990-04-19,429.0,6.061456918928017,-0.005856940463402793
1990-04-20,425.79,6.053946266979276,-0.0075106519487411205
1990-04-23,420.08,6.040445169329604,-0.013501097649672111
1990-04-24,419.19,6.038324277760466,-0.0021208915691373065
1990-04-25,420.56,6.041587156511192,0.0032628787507258394
1990-04-26,421.06,6.042775341342409,0.0011881848312169652
1990-04-27,417.98,6.0354335844901055,-0.00734175685230376
1990-04-30,420.07,6.040421364056734,0.0049877795666288804
1990-05-01,421.85,6.044649800611635,0.004228436554901016
1990-05-02,423.58,6.0487423982594555,0.0040925976478201065
1990-05-03,425.44,6.05312392749471,0.004381529235254256
1990-05-04,428.61,6.0605474145451765,0.007423487050466804
1990-05-07,431.23,6.066641590458538,0.006094175913361255
1990-05-08,431.84,6.068055149269695,0.0014135588111567898
1990-05-09,431.34,6.066896642223835,-0.0011585070458597357
1990-05-10,433.2,6.071199515126835,0.004302872903000576
1990-05-11,438.1,6.082447194819853,0.011247679693017432
1990-05-14,441.61,6.09042713963403,0.007979944814176854
1990-05-15,442.5,6.092440464447984,0.0020133248139542204
1990-05-16,442.93,6.093411744015662,0.0009712795676781738
1990-05-17,445.74,6.09973582239177,0.0063240783761076
1990-05-18,448.31,6.105484957403797,0.005749135012027118
1990-05-21,452.89,6.115649270389059,0.010164312985262214
1990-05-22,453.89,6.1178548779353035,0.002205607546244437
1990-05-23,456.87,6.12439888653171,0.006544008596406137
1990-05-24,458.29,6.127502171508313,0.0031032849766035042
1990-05-25,453.69,6.117414145430759,-0.010088026077553991
1990-05-29,457.51,6.1257987424001925,0.008384596969433389
1990-05-30,458.77,6.128548995148716,0.002750252748523252
1990-05-31,458.97,6.128984848447398,0.0004358532986818986
1990-06-01,462.13,6.135846236781711,0.0068613883343129345
1990-06-04,465.61,6.1433483738498165,0.007502137068105874
1990-06-05,464.61,6.141198343996193,-0.0021500298536238915
1990-06-06,464.96,6.141951380381918,0.0007530363857251032
1990-06-07,464.09,6.140078498934618,-0.0018728814472996902
1990-06-08,460.87,6.13311600756679,-0.006962491367827894
1990-06-11,462.79,6.137273387480197,0.0041573799134067
1990-06-12,466.56,6.145386629380239,0.008113241900042034
1990-06-13,468.86,6.150304216421372,0.004917587041132876
1990-06-14,467.1,6.1465433675080625,-0.0037608489133091894
1990-06-15,467.55,6.147506294881456,0.0009629273733935406
1990-06-18,460.79,6.132942407757314,-0.014563887124142028
1990-06-19,460.53,6.13237800015322,-0.0005644076040942636
1990-06-20,460.8,6.132964109381682,0.0005861092284620284
1990-06-21,461.27,6.133983554848305,0.0010194454666230257
1990-06-22,459.33,6.129768905985113,-0.004214648863191783
1990-06-25,455.64,6.121703024031711,-0.008065881953402076
1990-06-26,455.38,6.121132235230019,-0.0005707888016921459
1990-06-27,456.89,6.12444266170244,0.0033104264724208576
1990-06-28,460.38,6.132052235417629,0.007609573715189555
1990-06-29,462.29,6.13619239978467,0.004140164367040455
1990-07-02,462.04,6.135651467420479,-0.000540932364190283
1990-07-03,461.76,6.135045275585506,-0.0006061918349731243
1990-07-05,459.19,6.12946406776475,-0.00558120782075644
1990-07-06,460.53,6.13237800015322,0.002913932388469931
1990-07-09,461.68,6.134872010402711,0.002494010249491474
1990-07-10,460.97,6.13333296495721,-0.001539045445500875
1990-07-11,463.9,6.1396690117576975,0.006336046800487161
1990-07-12,467.17,6.14669321712355,0.007024205365852687
1990-07-13,468.44,6.149408025173937,0.002714808050386708
1990-07-16,469.6,6.151881268513887,0.0024732433399501375
1990-07-17,464.48,6.14091850027632,-0.010962768237567033
1990-07-18,460.82,6.133007511217586,-0.00791098905873433
1990-07-19,458.17,6.127240294283588,-0.00576721693399751
1990-07-20,455.27,6.1208906495482855,-0.00634964473530264
1990-07-23,444.64,6.097264965994194,-0.02362568355409156
1990-07-24,442.56,6.092576048476394,-0.004688917517800206
1990-07-25,445.45,6.099085007166653,0.006508958690258915
1990-07-26,445.43,6.099040107741358,-4.489942529506408e-05
1990-07-27,442.59,6.092643833597585,-0.006396274143772196
1990-07-30,439.38,6.085364642301033,-0.007279191296552412
1990-07-31,438.24,6.082766705514768,-0.002597936786265187
1990-08-01,435.91,6.077435800022728,-0.005330905492039406
1990-08-02,428.89,6.061200475792877,-0.016235324229851855
1990-08-03,417.46,6.0341887313177605,-0.027011744475116117
1990-08-06,400.04,5.991564542108315,-0.04262418920944544
1990-08-07,402.08,5.996651073795282,0.005086531686966822
1990-08-08,407.73,6.010605190635365,0.013954116840083408
1990-08-09,412.98,6.0233991656383274,0.012793975002962199
1990-08-10,408.03,6.011340701112772,-0.012058464525555479
1990-08-13,408.3,6.01200219832553,0.0006614972127580998
1990-08-14,410.33,6.0169617140065,0.004959515680970306
1990-08-15,411.45,6.019687506051722,0.002725792045221276
1990-08-16,402.27,5.99712350495966,-0.02256400109206158
1990-08-17,393.49,5.975055654573933,-0.022067850385727006
1990-08-20,388.59,5.9625248032102744,-0.012530851363658613
1990-08-21,379.68,5.939328792687453,-0.023196010522821275
1990-08-22,374.84,5.926499268255623,-0.012829524431830386
1990-08-23,360.22,5.886714955908912,-0.039784312346711204
1990-08-24,367.33,5.906260626593414,0.019545670684502525
1990-08-27,381.27,5.943507785562089,0.037247158968674476
1990-08-28,382.86,5.94766938710831,0.004161601546221583
1990-08-29,381.78,5.944844526472756,-0.002824860635554316
1990-08-30,378.68,5.93669152126069,-0.008153005212065523
1990-08-31,381.21,5.943350404384552,0.0066588831238618695
1990-09-04,381.67,5.944556360906547,0.0012059565219946222
1990-09-05,382.44,5.946571778217245,0.0020154173106980977
1990-09-06,378.78,5.936955561607589,-0.009616216609655837
1990-09-07,380.38,5.941170753053515,0.004215191445926081
1990-09-10,381.73,5.944713552418529,0.0035427993650136713
1990-09-11,379.49,5.938828246027372,-0.00588530639115703
1990-09-12,380.32,5.941013003611884,0.002184757584512198
1990-09-13,376.18,5.930067752242659,-0.010945251369225417
1990-09-14,374.42,5.925378161980122,-0.004689590262536569
1990-09-17,374.11,5.924549871817475,-0.0008282901626470718
1990-09-18,372.21,5.9194582111228895,-0.005091660694585443
1990-09-19,371.68,5.918033269022099,-0.0014249421007903607
1990-09-20,364.43,5.898334489110175,-0.01969877991192437
1990-09-21,362.25,5.8923345812007915,-0.005999907909383317
1990-09-24,352.16,5.8640856177781515,-0.02824896342263994
1990-09-25,354.78,5.871497879060794,0.007412261282642163
1990-09-26,350.03,5.858018865095914,-0.013479013964879272
1990-09-27,341.19,5.832439506864463,-0.025579358231451188
1990-09-28,344.51,5.842123117608619,0.00968361074415558
1990-10-01,354.65,5.871131387648096,0.029008270039477146
1990-10-02,356.39,5.87602563684162,0.00489424919352377
1990-10-03,351.45,5.862067453621914,-0.013958183219705766
1990-10-04,349.89,5.857618819371068,-0.004448634250845629
1990-10-05,347.36,5.8503617061299815,-0.007257113241086799
1990-10-08,348.14,5.852604697724563,0.0022429915945814116
1990-10-09,339.11,5.826324538522787,-0.026280159201776065
1990-10-10,333.25,5.808892959058818,-0.01743157946396856
1990-10-11,325.61,5.785700346187478,-0.023192612871340224
1990-10-12,327.55,5.791640715177885,0.005940368990406952
1990-10-15,329.54,5.7976977426292855,0.006057027451400465
1990-10-16,325.44,5.785178112860195,-0.012519629769090379
1990-10-17,326.78,5.789287161602678,0.004109048742482635
1990-10-18,334.03,5.811230809302375,0.02194364769969681
1990-10-19,337.36,5.8211506094383045,0.009919800135929968
1990-10-22,341.12,5.832234321537425,0.011083712099120291
1990-10-23,341.09,5.832146372078991,-8.79494584342666e-05
1990-10-24,340.98,5.831823824537085,-0.00032254754190574886
1990-10-25,339.74,5.828180619191165,-0.0036432053459201086
1990-10-26,334.36,5.812218256830955,-0.015962362360209426
1990-10-29,330.8,5.801513963149536,-0.01070429368141923
1990-10-30,329.83,5.7985773702092445,-0.0029365929402915825
1990-10-31,329.84,5.798607688398644,3.031818939991382e-05
1990-11-01,330.6,5.8009091853869235,0.0023014969882790837
1990-11-02,336.45,5.818449549634327,0.01754036424740324
1990-11-05,340.76,5.83117841717464,0.012728867540313438
1990-11-06,340.53,5.830503227435358,-0.000675189739282267
1990-11-07,336.8,5.819489282368171,-0.011013945067186448
1990-11-08,336.37,5.818211744573904,-0.001277537794267758
1990-11-09,341.95,5.834664527544105,0.016452782970201696
1990-11-12,351.46,5.8620959067667,0.027431379222594643
1990-11-13,352.87,5.866099717149853,0.004003810383152562
1990-11-14,356.87,5.877371569804246,0.011271852654393122
1990-11-15,354.46,5.870595504626993,-0.006776065177252377
1990-11-16,350.85,5.860358781698298,-0.010236722928695485
1990-11-19,352.73,5.86570289174782,0.005344110049522399
1990-11-20,348.29,5.853035466078366,-0.012667425669453891
1990-11-21,348.77,5.854412679161512,0.0013772130831455343
1990-11-23,349.04,5.855186528815354,0.0007738496538420847
1990-11-26,348.86,5.854670695589989,-0.000515833225365192
1990-11-27,354.05,5.869438146097783,0.0147674505077946
1990-11-28,355.06,5.872286789278651,0.0028486431808678603
1990-11-29,355.75,5.874228236969961,0.0019414476913102163
1990-11-30,359.06,5.883489505442683,0.009261268472721795
1990-12-03,361.32,5.889763992281643,0.006274486838959703
1990-12-04,364.11,5.89745601978638,0.007692027504736743
1990-12-05,370.87,5.915851596888831,0.0183955771024511
1990-12-06,372.29,5.9196731204588415,0.003821523570010754
1990-12-07,371.54,5.917656529963258,-0.002016590495583337
1990-12-10,371.47,5.917468107195847,-0.000188422767410934
1990-12-11,367.99,5.90805576388667,-0.00941234330917684
1990-12-12,370.42,5.914637496994656,0.006581733107985599
1990-12-13,371.5,5.917548864157814,0.002911367163157763
1990-12-14,368.83,5.910335833276507,-0.007213030881306537
1990-12-17,365.72,5.901868013296226,-0.008467819980281455
1990-12-18,370.17,5.913962359578552,0.01209434628232664
1990-12-19,371.22,5.916794878770952,0.002832519192399907
1990-12-20,372.3,5.919699980878671,0.002905102107718882
1990-12-21,373.6,5.923185706354688,0.0034857254760165546
1990-12-24,372.41,5.9199953978887825,-0.0031903084659052894
1990-12-26,372.4,5.919968545402912,-2.6852485870421106e-05
1990-12-27,371.05,5.916336824416143,-0.003631720986769338
1990-12-28,371.2,5.916741000912046,0.00040417649590285265
1990-12-31,373.84,5.923827898392171,0.007086897480125032
1991-01-02,372.19,5.91940447657156,-0.004423421820610507
1991-01-03,367.51,5.906750529167035,-0.012653947404524857
1991-01-04,367.24,5.906015585275499,-0.0007349438915360551
1991-01-07,360.24,5.886770475993316,-0.019245109282183037
1991-01-08,359.0,5.883322388488279,-0.003448087505037556
1991-01-09,357.45,5.87899549221286,-0.004326896275418157
1991-01-10,361.92,5.891423192927756,0.012427700714895629
1991-01-11,361.8,5.891091572961195,-0.0003316199665608366
1991-01-14,355.75,5.874228236969961,-0.016863335991233797
1991-01-15,357.3,5.878575765029364,0.004347528059402528
1991-01-16,365.2,5.900445148720813,0.021869383691448974
1991-01-17,375.81,5.92908369652421,0.028638547803397252
1991-01-18,376.99,5.932218661897273,0.0031349653730625704
1991-01-21,379.7,5.939381467237757,0.007162805340484191
1991-01-22,379.03,5.9376153576226045,-0.0017661096151524447
1991-01-23,383.91,5.950408150117615,0.012792792495010197
1991-01-24,391.33,5.96955119379609,0.019143043678475635
1991-01-25,394.28,5.977061316797238,0.007510123001147839
1991-01-28,396.8,5.983432375410718,0.006371058613479974
1991-01-29,400.61,5.992988385476324,0.009556010065606024
1991-01-30,408.53,6.012565351016001,0.019576965539676472
1991-01-31,414.2,6.026348948961484,0.01378359794548345
1991-02-01,417.69,6.034739530589304,0.008390581627820026
1991-02-04,424.8,6.051618469927729,0.016878939338424992
1991-02-05,432.2,6.068888444072786,0.01726997414505682
1991-02-06,439.24,6.085045960729513,0.016157516656726933
1991-02-07,435.01,6.0753690193302,-0.009676941399312966
1991-02-08,436.8,6.079475424430695,0.004106405100495536
1991-02-11,444.1,6.0960497622980565,0.016574337867361066
1991-02-12,443.98,6.095779516372621,-0.0002702459254351197
1991-02-13,447.97,6.104726265887063,0.008946749514441521
1991-02-14,444.31,6.0965225170034545,-0.00820374888360842
1991-02-15,448.71,6.106376799339345,0.009854282335890474
1991-02-19,450.32,6.109958441155771,0.003581641816426284
1991-02-20,446.02,6.100363794063972,-0.00959464709179958
1991-02-21,446.38,6.101170607196039,0.0008068131320673189
1991-02-22,448.95,6.106911522966818,0.005740915770778621
1991-02-25,451.09,6.11166687613494,0.004755353168122589
1991-02-26,447.71,6.104145701383439,-0.007521174751500936
1991-02-27,450.82,6.111068146753814,0.006922445370374675
1991-02-28,453.05,6.11600249466807,0.004934347914256065
1991-03-01,456.73,6.124092406669416,0.008089912001345567
1991-03-04,461.13,6.133679998904951,0.00958759223553507
1991-03-05,473.05,6.159201091150453,0.025521092245502253
1991-03-06,473.8,6.160785291724685,0.0015842005742321419
1991-03-07,475.74,6.164871486512363,0.004086194787677577
1991-03-08,475.11,6.163546356171744,-0.0013251303406187631
1991-03-11,467.15,6.146650405238964,-0.016895950932779513
1991-03-12,461.4,6.134265345739653,-0.012385059499311346
1991-03-13,468.18,6.148852837356725,0.014587491617072068
1991-03-14,467.79,6.148019477264904,-0.0008333600918213335
1991-03-15,466.29,6.144807758162917,-0.0032117191019871427
1991-03-18,466.27,6.1447648654804015,-4.2892682515116576e-05
1991-03-19,462.81,6.137316602691958,-0.0074482627884435715
1991-03-20,466.09,6.14437874852507,0.0070621458331121545
1991-03-21,464.6,6.141176820336309,-0.003201928188761194
1991-03-22,464.15,6.1402077758459415,-0.0009690444903673878
1991-03-25,468.49,6.149514756733493,0.00930698088755122
1991-03-26,478.57,6.170802490684717,0.021287733951224297
1991-03-27,482.37,6.1787114544244295,0.007908963739712505
1991-03-28,482.3,6.178566327074926,-0.0001451273495032268
1991-04-01,480.86,6.175576167448433,-0.002990159626492961
1991-04-02,491.2,6.1968513768329325,0.021275209384499227
1991-04-03,495.05,6.204658767568524,0.007807390735591113
1991-04-04,497.57,6.209736250218424,0.005077482649900489
1991-04-05,495.79,6.20615244997453,-0.003583800243894153
1991-04-08,495.65,6.205870032478907,-0.00028241749562329943
1991-04-09,492.46,6.199413239039649,-0.0064567934392574244
1991-04-10,490.76,6.195955209922982,-0.0034580291166674826
1991-04-11,499.31,6.21322714534526,0.01727193542227834
1991-04-12,501.62,6.217842860932121,0.0046157155868611355
1991-04-15,500.84,6.216286688800747,-0.001556172131373934
1991-04-16,506.75,6.228017785332109,0.011731096531361729
1991-04-17,511.31,6.236976059884137,0.008958274552028023
1991-04-18,506.62,6.227761215667104,-0.009214844217033225
1991-04-19,501.19,6.216985270707943,-0.010775944959160455
1991-04-22,494.38,6.2033044522508,-0.01368081845714375
1991-04-23,496.08,6.206737204041622,0.0034327517908225857
1991-04-24,498.45,6.211503283468713,0.00476607942709073
1991-04-25,496.03,6.20663640876682,-0.004866874701892954
1991-04-26,494.64,6.2038302252503135,-0.002806183516506522
1991-04-29,487.74,6.189782476986536,-0.014047748263777748
1991-04-30,484.72,6.183571404636734,-0.006211072349802116
1991-05-01,487.85,6.1900079815539595,0.006436576917225878
1991-05-02,491.13,6.19670885853436,0.006700876980400672
1991-05-03,492.1,6.198681947871933,0.0019730893375724534
1991-05-06,491.48,6.197421246999371,-0.0012607008725620261
1991-05-07,491.51,6.197482285260206,6.10382608350335e-05
1991-05-08,492.51,6.199514764974537,0.0020324797143311812
1991-05-09,497.81,6.210218478120634,0.010703713146097193
1991-05-10,493.42,6.201360738336562,-0.008857739784072116
1991-05-13,493.93,6.202393806742613,0.0010330684060511075
1991-05-14,488.79,6.191932949382974,-0.01046085735963942
1991-05-15,478.08,6.169778082504398,-0.022154866878575596
1991-05-16,481.77,6.177466821741509,0.007688739237111442
1991-05-17,481.38,6.17665697899362,-0.0008098427478895331
1991-05-20,480.1,6.173994415536895,-0.002662563456724776
1991-05-21,483.6,6.1812581187406375,0.0072637032037423666
1991-05-22,487.29,6.1888594283994145,0.0076013096587770335
1991-05-23,489.6,6.193588731198116,0.004729302798701873
1991-05-24,492.67,6.199839578717014,0.006250847518897373
1991-05-28,497.17,6.208932019923956,0.00909244120694197
1991-05-29,499.05,6.212706291132595,0.0037742712086394903
1991-05-30,503.19,6.2209678323747735,0.00826154124217826
1991-05-31,506.11,6.2267540369657475,0.005786204590974009
1991-06-03,507.1,6.228708222800973,0.0019541858352258856
1991-06-04,507.25,6.229003978705924,0.0002957559049505676
1991-06-05,505.2,6.224954390476336,-0.004049588229587897
1991-06-06,502.94,6.220470878690567,-0.00448351178576889
1991-06-07,498.54,6.211683826904945,-0.008787051785621891
1991-06-10,495.85,6.206273461632134,-0.005410365272811468
1991-06-11,496.62,6.2078251461253595,0.0015516844932257357
1991-06-12,491.05,6.196545955603783,-0.011279190521576332
1991-06-13,491.14,6.1967292195349,0.00018326393111678385
1991-06-14,495.07,6.204699166712067,0.007969947177167036
1991-06-17,494.32,6.203183080752724,-0.0015160859593432718
1991-06-18,491.59,6.19764503574373,-0.005538045008993464
1991-06-19,485.36,6.184890883634043,-0.012754152109687666
1991-06-20,485.88,6.1859616798320705,0.0010707961980278569
1991-06-21,485.82,6.185838184926078,-0.00012349490599206092
1991-06-24,475.23,6.163798897368869,-0.02203928755720952
1991-06-25,473.3,6.159729436912202,-0.004069460456666896
1991-06-26,473.08,6.159264507382916,-0.00046492952928556264
1991-06-27,476.24,6.165921928845135,0.006657421462218593
1991-06-28,475.92,6.16524977287965,-0.0006721559654847553
1991-07-01,481.31,6.176511553155347,0.011261780275696687
1991-07-02,478.78,6.171241201716979,-0.005270351438367626
1991-07-03,474.32,6.161882199399113,-0.009359002317866683
1991-07-05,474.05,6.161312801363968,-0.0005693980351448857
1991-07-08,479.51,6.172764749163381,0.011451947799413276
1991-07-09,483.64,6.181340828306046,0.008576079142664561
1991-07-10,487.17,6.188613138145106,0.007272309839060576
1991-07-11,488.37,6.191073315288528,0.002460177143421838
1991-07-12,492.71,6.199920765670314,0.00884745038178636
1991-07-15,496.19,6.206958917890576,0.0070381522202618285
1991-07-16,493.6,6.201725472591178,-0.005233445299397843
1991-07-17,493.42,6.201360738336562,-0.00036473425461647224
1991-07-18,496.8,6.208187530619269,0.006826792282707217
1991-07-19,497.55,6.209696054061171,0.0015085234419016658
1991-07-22,494.99,6.204537560344424,-0.005158493716746371
1991-07-23,489.65,6.193690850166804,-0.010846710177620622
1991-07-24,487.42,6.1891261744075,-0.00456467575930386
1991-07-25,490.28,6.1949766564729645,0.005850482065464568
1991-07-26,492.69,6.199880173017579,0.004903516544614739
1991-07-29,493.35,6.201218861303175,0.0013386882855961346
1991-07-30,498.27,6.211142098779017,0.00992323747584134
1991-07-31,502.04,6.2186797977922454,0.00753769901322876
1991-08-01,504.15,6.222873842839224,0.004194045046978623
1991-08-02,505.67,6.225884282616507,0.0030104397772827696
1991-08-05,502.61,6.21981452144956,-0.0060697611669464635
1991-08-06,505.2,6.224954390476336,0.005139869026775656
1991-08-07,507.46,6.229417890075672,0.004463499599335563
1991-08-08,509.39,6.2332139314143085,0.0037960413386368685
1991-08-09,508.31,6.231091497680546,-0.002122433733762641
1991-08-12,510.0,6.234410725718371,0.0033192280378253614
1991-08-13,514.4,6.243001172923409,0.00859044720503821
1991-08-14,517.68,6.2493572907490105,0.006356117825601082
1991-08-15,515.67,6.245467026008175,-0.0038902647408356472
1991-08-16,512.47,6.2392421727138645,-0.0062248532943103285
1991-08-19,497.64,6.2098769240462905,-0.02936524866757395
1991-08-20,502.05,6.218699716325445,0.008822792279154612
1991-08-21,517.97,6.249917325524426,0.031217609198980867
1991-08-22,518.3,6.2505542251956605,0.000636899671234481
1991-08-23,521.06,6.255865198270393,0.005310973074732495
1991-08-26,521.38,6.256479142497498,0.0006139442271049234
1991-08-27,521.75,6.25718854595731,0.0007094034598118526
1991-08-28,526.29,6.265852391609203,0.00866384565189282
1991-08-29,526.39,6.266042382870176,0.00018999126097352104
1991-08-30,525.68,6.264692662589613,-0.00134972028056346
1991-09-03,520.91,6.25557728210959,-0.009115380480023028
1991-09-04,517.92,6.249820790177934,-0.005756491931655283
1991-09-05,516.93,6.247907468823118,-0.0019133213548165884
1991-09-06,516.94,6.247926813615017,1.934479189902305e-05
1991-09-09,518.07,6.250110368264688,0.0021835546496715708
1991-09-10,511.28,6.236917385342026,-0.013192982922662466
1991-09-11,514.76,6.2437007726254645,0.0067833872834386355
1991-09-12,521.13,6.255999530781942,0.012298758156477518
1991-09-13,516.71,6.247481788695952,-0.00851774208599032
1991-09-16,515.68,6.245486418067127,-0.001995370628824489
1991-09-17,515.17,6.2444969432810575,-0.0009894747860696995
1991-09-18,518.55,6.251036455035743,0.006539511754685812
1991-09-19,522.67,6.258950289772927,0.007913834737183656
1991-09-20,527.19,6.267561014874865,0.00861072510193761
1991-09-23,524.69,6.262807612001426,-0.004753402873438617
1991-09-24,526.47,6.266194349893625,0.003386737892198788
1991-09-25,527.82,6.268755316492638,0.0025609665990131703
1991-09-26,526.94,6.267086690067322,-0.0016686264253156224
1991-09-27,524.48,6.262407295555465,-0.004679394511857282
1991-09-30,526.88,6.266972818628054,0.004565523072589173
1991-10-01,528.51,6.2700617266071585,0.0030889079791043272
1991-10-02,526.33,6.265928392445249,-0.004133334161909197
1991-10-03,520.51,6.254809100166339,-0.011119292278910287
1991-10-04,520.4,6.25459774663835,-0.00021135352798928864
1991-10-07,516.2,6.246494287284514,-0.008103459353836051
1991-10-08,517.25,6.248526316625653,0.0020320293411391077
1991-10-09,513.81,6.241853547312387,-0.0066727693132655475
1991-10-10,515.94,6.24599047965086,0.0041369323384730095
1991-10-11,519.05,6.252000217639254,0.00600973798839366
1991-10-14,525.66,6.264654615906327,0.012654398267073041
1991-10-15,534.11,6.280601810256014,0.015947194349687166
1991-10-16,540.94,6.293308366965857,0.01270655670984322
1991-10-17,536.27,6.284637765584042,-0.008670601381814969
1991-10-18,538.9,6.289530024939451,0.004892259355408157
1991-10-21,536.96,6.2859236038387865,-0.0036064211006641145
1991-10-22,537.14,6.286258768165544,0.0003351643267572868
1991-10-23,535.17,6.282584453431286,-0.0036743147342575
1991-10-24,528.75,6.270515730360488,-0.012068723070798093
1991-10-25,525.13,6.263645850986706,-0.0068698793737818065
1991-10-28,529.41,6.271763178923251,0.00811732793654496
1991-10-29,534.51,6.2813504393639885,0.00958726044073721
1991-10-30,541.32,6.294010601208305,0.012660161844316065
1991-10-31,542.98,6.297072486843082,0.003061885634777717
1991-11-01,540.93,6.293289880456387,-0.003782606386695697
1991-11-04,537.5,6.2869287600018176,-0.006361120454569047
1991-11-05,538.82,6.289381563372166,0.0024528033703488106
1991-11-06,539.48,6.290605712648657,0.0012241492764903938
1991-11-07,545.28,6.301299424200896,0.010693711552239193
1991-11-08,548.08,6.306421261694644,0.00512183749374806
1991-11-11,550.71,6.3112083548106686,0.004787093116024543
1991-11-12,555.68,6.320192588995764,0.008984234185095197
1991-11-13,556.17,6.321074002912611,0.0008814139168471513
1991-11-14,554.84,6.31867978389509,-0.0023942190175212374
1991-11-15,531.28,6.275289189232458,-0.04339059466263162
1991-11-18,534.73,6.281761946608582,0.006472757376124072
1991-11-19,523.47,6.260479722078248,-0.021282224530334126
1991-11-20,526.12,6.265529323600578,0.005049601522330249
1991-11-21,530.33,6.273499454294802,0.007970130694223698
1991-11-22,526.46,6.266175355278598,-0.007324099016203789
1991-11-25,522.88,6.259351992231584,-0.006823363047014475
1991-11-26,522.23,6.258108103868043,-0.0012438883635406128
1991-11-27,522.78,6.259160725471251,0.0010526216032076263
1991-11-29,523.9,6.261300826414174,0.002140100942923162
1991-12-02,530.91,6.274592515351204,0.01329168893702981
1991-12-03,533.34,6.279159119481639,0.004566604130435081
1991-12-04,535.28,6.282789974474562,0.0036308549929229272
1991-12-05,534.03,6.280452017157451,-0.002337957317110728
1991-12-06,536.3,6.28469370598888,0.004241688831428725
1991-12-09,535.35,6.282920738604279,-0.0017729673846007543
1991-12-10,534.23,6.280826457841061,-0.002094280763217604
1991-12-11,531.64,6.275966568553132,-0.004859889287929242
1991-12-12,536.02,6.284171473807509,0.008204905254377337
1991-12-13,540.9,6.293234418877382,0.009062945069872264
1991-12-16,543.73,6.298452800117238,0.00521838123985674
1991-12-17,539.7,6.291013429624597,-0.00743937049264165
1991-12-18,539.84,6.291272799357603,0.00025936973300666466
1991-12-19,534.53,6.281387856111729,-0.009884943245874744
1991-12-20,535.76,6.283686299601794,0.0022984434900656936
1991-12-23,543.9,6.298765406428915,0.015079106827120548
1991-12-24,549.56,6.309117958055747,0.010352551626832351
1991-12-26,559.3,6.326686001827542,0.017568043771794883
1991-12-27,565.71,6.338081579406941,0.011395577579398797
1991-12-30,579.75,6.362596976135641,0.024515396728699734
1991-12-31,586.34,6.3738998261014554,0.011302849965814765
1992-01-02,586.45,6.374087412967514,0.0001875868660583535
1992-01-03,592.65,6.384604005525509,0.01051659255799553
1992-01-06,597.9,6.393423515886859,0.008819510361349536
1992-01-07,602.29,6.400739056890093,0.007315541003234394
1992-01-08,610.32,6.413983409781974,0.013244352891880418
1992-01-09,619.8,6.429396845353648,0.015413435571674405
1992-01-10,615.7,6.422759831917165,-0.006637013436483485
1992-01-13,617.63,6.425889572660367,0.0031297407432022695
1992-01-14,625.75,6.438950930311884,0.013061357651516836
1992-01-15,630.82,6.447020560356716,0.008069630044832188
1992-01-16,627.34,6.44148865841331,-0.005531901943405693
1992-01-17,626.85,6.440707277562034,-0.0007813808512757703
1992-01-20,619.38,6.428718977705554,-0.011988299856480644
1992-01-21,604.87,6.405013558908621,-0.023705418796932776
1992-01-22,620.68,6.430815651215283,0.025802092306662416
1992-01-23,622.86,6.434321774433209,0.0035061232179254276
1992-01-24,624.68,6.437239518619645,0.0029177441864360887
1992-01-27,621.0,6.431331081933479,-0.005908436686166141
1992-01-28,621.29,6.431797961656036,0.0004668797225573229
1992-01-29,616.31,6.423750083700587,-0.008047877955449145
1992-01-30,621.37,6.4319267177117725,0.008176634011185513
1992-01-31,620.21,6.430058130367383,-0.0018685873443891055
1992-02-03,623.43,6.435236489370733,0.00517835900334962
1992-02-04,631.0,6.447305862541213,0.012069373170479736
1992-02-05,636.97,6.456722558701742,0.009416696160529092
1992-02-06,637.67,6.457820908150012,0.0010983494482701417
1992-02-07,634.95,6.453546255635042,-0.004274652514969723
1992-02-10,634.13,6.45225398073651,-0.0012922748985326749
1992-02-11,633.37,6.4510547695474285,-0.001199211189081062
1992-02-12,644.92,6.469126278095539,0.018071508548110238
1992-02-13,639.1,6.4600609366562365,-0.009065341439302266
1992-02-14,636.43,6.455874435515988,-0.004186501140248211
1992-02-18,626.41,6.4400051087892685,-0.015869326726719812
1992-02-19,622.41,6.433599039573158,-0.0064060692161103105
1992-02-20,632.23,6.449253251993195,0.01565421242003673
1992-02-21,629.75,6.44532291523272,-0.0039303367604750505
1992-02-24,624.93,6.437639643463933,-0.007683271768787137
1992-02-25,621.4,6.431974996958947,-0.005664646504985882
1992-02-26,632.4,6.449522105335317,0.017547108376370524
1992-02-27,633.95,6.451970086973957,0.0024479816386397957
1992-02-28,633.47,6.451212642680907,-0.0007574442930504688
1992-03-02,635.47,6.454364882591545,0.003152239910638066
1992-03-03,634.25,6.452443198479391,-0.0019216841121538764
1992-03-04,630.29,6.446180030932315,-0.006263167547075454
1992-03-05,621.97,6.432891860064749,-0.013288170867566507
1992-03-06,615.95,6.423165791407984,-0.009726068656765285
1992-03-09,615.82,6.422954713040297,-0.0002110783676867456
1992-03-10,623.46,6.43528460909261,0.012329896052313494
1992-03-11,617.14,6.4250959025424965,-0.010188706550113835
1992-03-12,615.92,6.423117084969794,-0.0019788175727022406
1992-03-13,618.62,6.42749119079849,0.004374105828695463
1992-03-16,617.94,6.426391365365766,-0.001099825432723911
1992-03-17,623.27,6.434979811740384,0.008588446374617753
1992-03-18,624.94,6.437655645128107,0.0026758333877232587
1992-03-19,625.96,6.439286471294971,0.0016308261668642743
1992-03-20,624.28,6.436598985674353,-0.0026874856206182685
1992-03-23,621.83,6.43266674348557,-0.003932242188782631
1992-03-24,618.68,6.427588176169939,-0.005078567315631055
1992-03-25,619.48,6.428880416447973,0.0012922402780342068
1992-03-26,615.4,6.422272462887942,-0.006607953560031632
1992-03-27,604.67,6.40468285467094,-0.017589608217002173
1992-03-30,602.07,6.400373717618701,-0.004309137052238121
1992-03-31,603.77,6.4031933307121145,0.0028196130934130537
1992-04-01,602.09,6.400406935795691,-0.002786394916423518
1992-04-02,593.82,6.386576243136655,-0.013830692659036359
1992-04-03,590.01,6.380139485908672,-0.006436757227982426
1992-04-06,596.29,6.390727125906268,0.010587639997595488
1992-04-07,581.61,6.365800120019226,-0.024927005887041886
1992-04-08,573.68,6.3520717495743195,-0.013728370444906268
1992-04-09,586.75,6.374598834731133,0.022527085156813342
1992-04-10,584.24,6.3703118573118545,-0.004286977419278415
1992-04-13,588.15,6.37698201740645,0.006670160094595978
1992-04-14,594.81,6.388242026818581,0.011260009412130678
1992-04-15,600.03,6.396979653966188,0.00873762714760673
1992-04-16,591.81,6.383185637423887,-0.013794016542300724
1992-04-20,577.2,6.358188826899716,-0.02499681052417113
1992-04-21,575.05,6.35445699353859,-0.0037318333611260357
1992-04-22,578.23,6.359971713397101,0.005514719858511263
1992-04-23,576.05,6.356194462484062,-0.003777250913039154
1992-04-24,572.89,6.350693726208953,-0.005500736275108942
1992-04-27,566.94,6.340253478022589,-0.01044024818636391
1992-04-28,560.33,6.328525895882835,-0.011727582139753778
1992-04-29,569.94,6.345531092130146,0.017005196247311005
1992-04-30,578.68,6.36074964776139,0.015218555631243191
1992-05-01,578.14,6.359816053876045,-0.0009335938853443082
1992-05-04,583.54,6.369113001219371,0.009296947343325535
1992-05-05,588.07,6.376845988432069,0.007732987212698106
1992-05-06,589.36,6.379037202374558,0.002191213942489334
1992-05-07,587.16,6.375297355089033,-0.003739847285525677
1992-05-08,585.76,6.3729101493719265,-0.0023872057171061556
1992-05-11,587.13,6.375246260384987,0.0023361110130606377
1992-05-12,583.96,6.369832487331779,-0.005413773053208004
1992-05-13,582.38,6.3671231556334815,-0.002709331698297568
1992-05-14,576.46,6.356905953086827,-0.010217202546654924
1992-05-15,574.43,6.353378244782415,-0.0035277083044116253
1992-05-18,576.53,6.357027376516494,0.003649131734078992
1992-05-19,578.05,6.359660370121331,0.0026329936048368197
1992-05-20,580.29,6.363527978582116,0.0038676084607853767
1992-05-21,579.1,6.361475174231744,-0.0020528043503720284
1992-05-22,580.3,6.363545211196563,0.0020700369648185557
1992-05-26,575.65,6.355499837119673,-0.008045374076889544
1992-05-27,577.35,6.358448668397865,0.00294883127819201
1992-05-28,580.49,6.363872574460713,0.0054239060628482605
1992-05-29,585.31,6.372141621406648,0.008269046945934555
1992-06-01,588.37,6.377356001703469,0.005214380296821197
1992-06-02,589.18,6.378731739681057,0.001375737977587832
1992-06-03,589.93,6.380003885793204,0.001272146112147432
1992-06-04,588.26,6.377169027037992,-0.0028348587552127213
1992-06-05,585.43,6.372346619955294,-0.004822407082698099
1992-06-08,582.01,6.366487629714411,-0.005858990240882989
1992-06-09,573.8,6.352280903547264,-0.014206726167146577
1992-06-10,569.71,6.345127459430418,-0.007153444116846153
1992-06-11,567.68,6.34155787968116,-0.0035695797492580894
1992-06-12,569.52,6.344793900795618,0.0032360211144579765
1992-06-15,569.01,6.343898008664341,-0.000895892131277165
1992-06-16,564.07,6.335178357271796,-0.008719651392544492
1992-06-17,553.24,6.315791903756507,-0.019386453515289226
1992-06-18,549.17,6.308408047492863,-0.0073838562636439065
1992-06-19,554.2,6.317525632428878,0.009117584936015
1992-06-22,549.72,6.3094090576866515,-0.00811657474222649
1992-06-23,553.36,6.316008784292329,0.006599726605677425
1992-06-24,551.39,6.312442362770546,-0.003566421521782992
1992-06-25,548.2,6.306640183868685,-0.005802178901860522
1992-06-26,547.84,6.3059832735133226,-0.0006569103553628608
1992-06-29,558.8,6.325791627382807,0.019808353869484208
1992-06-30,563.6,6.334344780024526,0.008553152641718853
1992-07-01,568.99,6.343862859279452,0.009518079254926093
1992-07-02,563.35,6.333901104610175,-0.009961754669276957
1992-07-06,563.17,6.333581536379638,-0.0003195682305365821
1992-07-07,557.41,6.3233010553246665,-0.010280481054971702
1992-07-08,557.57,6.323588055990326,0.00028700066565967575
1992-07-09,564.75,6.336383155348113,0.012795099357786555
1992-07-10,567.8,6.341769244038871,0.005386088690758406
1992-07-13,570.22,6.3460222512755795,0.004253007236708406
1992-07-14,575.21,6.354735191513017,0.008712940237437294
1992-07-15,575.47,6.355187098219355,0.0004519067063384341
1992-07-16,576.19,6.356437467414787,0.0012503691954321994
1992-07-17,570.52,6.346548225655222,-0.009889241759565515
1992-07-20,564.28,6.335550582206301,-0.010997643448920513
1992-07-21,568.63,6.3432299589928585,0.007679376786557057
1992-07-22,563.88,6.334841462902725,-0.00838849609013348
1992-07-23,565.24,6.337250419714546,0.0024089568118208504
1992-07-24,565.61,6.33790479476553,0.0006543750509839796
1992-07-27,564.73,6.33634774082107,-0.0015570539444595966
1992-07-28,571.63,6.348491928933186,0.012144188112115373
1992-07-29,577.49,6.358691126228709,0.0101991972955231
1992-07-30,578.8,6.360956994757329,0.0022658685286200964
1992-07-31,580.83,6.3644581150691835,0.0035011203118546774
1992-08-03,582.36,6.367088813205125,0.0026306981359418558
1992-08-04,581.32,6.36530137975797,-0.0017874334471557063
1992-08-05,576.87,6.357616937830605,-0.007684441927364283
1992-08-06,574.02,6.3526642389181305,-0.004952698912474851
1992-08-07,573.74,6.352176332028965,-0.00048790688916522384
1992-08-10,573.14,6.351130014969222,-0.0010463170597434512
1992-08-11,571.6,6.348439446055712,-0.0026905689135094946
1992-08-12,570.85,6.347126478122337,-0.0013129679333756528
1992-08-13,570.99,6.347371696367802,0.00024521824546575033
1992-08-14,573.18,6.351199803509972,0.0038281071421693014
1992-08-17,572.47,6.34996033230865,-0.001239471201321507
1992-08-18,570.87,6.347161512982026,-0.002798819326624624
1992-08-19,567.61,6.341434563171566,-0.005726949810459736
1992-08-20,567.86,6.341874909467002,0.0004403462954361004
1992-08-21,563.7,6.334522195087529,-0.0073527143794729355
1992-08-24,555.39,6.319670569669195,-0.01485162541833418
1992-08-25,554.22,6.3175617198325735,-0.002108849836621296
1992-08-26,558.8,6.325791627382807,0.008229907550233229
1992-08-27,563.27,6.333759086893226,0.007967459510418884
1992-08-28,563.56,6.3342738051850755,0.0005147182918499027
1992-08-31,563.12,6.333492749299876,-0.0007810558851994998
1992-09-01,565.61,6.33790479476553,0.004412045465653769
1992-09-02,571.25,6.347826942208415,0.009922147442884999
1992-09-03,574.88,6.354161323365209,0.006334381156793967
1992-09-04,573.44,6.351653310346511,-0.002508013018697852
1992-09-08,571.17,6.3476868886376945,-0.003966421708816448
1992-09-09,574.89,6.354178718148513,0.006491829510818725
1992-09-10,581.24,6.365163752452495,0.010985034303981678
1992-09-11,583.01,6.368204338862049,0.00304058640955418
1992-09-14,594.21,6.387232792237283,0.019028453375233845
1992-09-15,587.86,6.376488824311361,-0.010743967925922249
1992-09-16,585.89,6.373132058646084,-0.003356765665277095
1992-09-17,587.82,6.376420778584606,0.003288719938522533
1992-09-18,589.12,6.378629898044713,0.0022091194601072672
1992-09-21,588.58,6.377712856289014,-0.0009170417556996213
1992-09-22,583.0,6.368187186350492,-0.009525669938521553
1992-09-23,582.96,6.368118573362027,-6.861298846505548e-05
1992-09-24,585.93,6.373200328516909,0.005081755154882295
1992-09-25,577.2,6.358188826899716,-0.015011501617193446
1992-09-28,575.34,6.354961170393645,-0.0032276565060707085
1992-09-29,577.63,6.358933525288002,0.0039723548943566556
1992-09-30,583.27,6.368650200926575,0.009716675638572703
1992-10-01,578.33,6.360144640007479,-0.0085055609190956
1992-10-02,571.63,6.348491928933186,-0.011652711074293443
1992-10-05,565.21,6.337197343505943,-0.011294585427242154
1992-10-06,570.55,6.346600807880689,0.009403464374745596
1992-10-07,569.2,6.344231866215697,-0.002368941664991908
1992-10-08,573.88,6.352420315230189,0.008188449014491894
1992-10-09,570.52,6.346548225655222,-0.005872089574967099
1992-10-12,573.84,6.352350611818179,0.005802386162956807
1992-10-13,576.44,6.356871257970161,0.004520646151982
1992-10-14,576.22,6.356489532218124,-0.0003817257520370987
1992-10-15,578.64,6.360680522541025,0.004190990322901378
1992-10-16,582.61,6.367518008813317,0.0068374862722917484
1992-10-19,590.67,6.381257485821851,0.013739477008534173
1992-10-20,592.7,6.3846883687937925,0.0034308829719416067
1992-10-21,597.15,6.392168338114436,0.00747996932064332
1992-10-22,597.12,6.3921180982189245,-5.023989551133923e-05
1992-10-23,597.3,6.39241949973826,0.00030140151933544246
1992-10-26,598.92,6.395128033269518,0.002708533531258439
1992-10-27,596.95,6.3918333577913975,-0.003294675478120901
1992-10-28,601.39,6.3992436425478765,0.00741028475647898
1992-10-29,605.82,6.406582912244285,0.0073392696964083015
1992-10-30,605.17,6.405509410295594,-0.0010735019486904918
1992-11-02,607.57,6.409467394914108,0.003957984618513599
1992-11-03,604.58,6.4045340020760815,-0.004933392838026407
1992-11-04,605.52,6.406087593000912,0.001553590924830317
1992-11-05,614.08,6.420125212819335,0.01403761981842333
1992-11-06,616.82,6.424577247144958,0.004452034325622911
1992-11-09,622.05,6.4330204753605,0.00844322821554222
1992-11-10,627.76,6.442157927819218,0.009137452458717554
1992-11-11,634.92,6.453499006704041,0.011341078884822942
1992-11-12,634.37,6.452632380425692,-0.0008666262783485479
1992-11-13,637.16,6.457020801426437,0.004388421000744991
1992-11-16,634.01,6.452064727183498,-0.004956074242938868
1992-11-17,627.07,6.441058177144555,-0.011006550038943352
1992-11-18,634.86,6.453404502144125,0.012346324999570335
1992-11-19,638.57,6.459231301413333,0.005826799269208038
1992-11-20,642.6,6.465522446681758,0.006291145268424891
1992-11-23,638.84,6.459654031788109,-0.005868414893649643
1992-11-24,645.94,6.47070662021209,0.011052588423981824
1992-11-25,648.33,6.4743998259830455,0.0036932057709551103
1992-11-27,649.49,6.476187439533313,0.001787613550267686
1992-11-30,652.73,6.481163567508151,0.0049761279748379295
1992-12-01,653.95,6.483030895935161,0.0018673284270098733
1992-12-02,652.91,6.481439294356502,-0.0015916015786592297
1992-12-03,656.36,6.486709418906949,0.005270124550447619
1992-12-04,661.6,6.494661143709481,0.007951724802532034
1992-12-07,666.53,6.5020851498586,0.007424006149118867
1992-12-08,667.12,6.50296993977873,0.000884789920129414
1992-12-09,663.92,6.498161660290193,-0.004808279488536904
1992-12-10,658.93,6.4906173073127995,-0.007544352977393309
1992-12-11,655.79,6.4858406157429,-0.004776691569899683
1992-12-14,654.73,6.484222936911355,-0.0016176788315451773
1992-12-15,650.75,6.4781255438746745,-0.00609739303668011
1992-12-16,649.63,6.47640297004711,-0.0017225738275641334
1992-12-17,658.46,6.489903775222923,0.013500805175812758
1992-12-18,661.29,6.494192472836356,0.004288697613432646
1992-12-21,662.46,6.495960178679101,0.0017677058427452153
1992-12-22,660.84,6.493511753062391,-0.0024484256167101037
1992-12-23,662.96,6.496714656540787,0.003202903478396024
1992-12-24,665.88,6.50110947412581,0.004394817585023247
1992-12-28,666.25,6.501664975480054,0.0005555013542437592
1992-12-29,669.01,6.505799007699622,0.004134032219567985
1992-12-30,671.85,6.510035101321419,0.00423609362179711
1992-12-31,676.95,6.51759741494112,0.007562313619700944
1993-01-04,671.8,6.509960677178192,-0.007636737762927837
1993-01-05,674.34,6.513734434758231,0.003773757580038506
1993-01-06,681.85,6.524809692303843,0.011075257545612338
1993-01-07,678.21,6.519456974495838,-0.005352717808005281
1993-01-08,677.21,6.517981416836309,-0.001475557659528448
1993-01-11,682.4,6.52561599617747,0.007634579341160297
1993-01-12,679.45,6.521283647366507,-0.004332348810963005
1993-01-13,686.78,6.532014008040194,0.010730360673687045
1993-01-14,695.7,6.544918532929596,0.01290452488940197
1993-01-15,697.15,6.5470005956410295,0.002082062711433963
1993-01-18,698.13,6.548405331839,0.0014047361979701023
1993-01-19,696.81,6.546512776755635,-0.001892555083364833
1993-01-20,697.44,6.547416488490082,0.0009037117344474765
1993-01-21,700.77,6.5521797304867055,0.0047632419966232575
1993-01-22,701.63,6.553406199550886,0.0012264690641803355
1993-01-25,706.95,6.56095994203785,0.007553742486964055
1993-01-26,707.16,6.561256948637822,0.00029700659997189405
1993-01-27,697.9,6.548075826023106,-0.013181122614716045
1993-01-28,694.67,6.543436912658127,-0.004638913364979125
1993-01-29,696.34,6.545838046801458,0.002401134143330985
1993-02-01,701.77,6.553605715013996,0.007767668212538048
1993-02-02,705.12,6.558368001093677,0.0047622860796812105
1993-02-03,708.67,6.563389973891583,0.005021972797906393
1993-02-04,708.85,6.563643938563641,0.0002539646720576272
1993-02-05,700.98,6.552479355957112,-0.011164582606529194
1993-02-08,698.44,6.548849276653927,-0.003630079303184708
1993-02-09,692.21,6.539889377788599,-0.008959898865327887
1993-02-10,695.02,6.54394062212916,0.0040512443405607
1993-02-11,695.88,6.54517723167635,0.0012366095471900707
1993-02-12,690.54,6.537473900208455,-0.007703331467895147
1993-02-16,665.39,6.500373334917193,-0.03710056529126149
1993-02-17,659.43,6.491375825508092,-0.00899750940910149
1993-02-18,662.45,6.495945083314132,0.004569257806040561
1993-02-19,663.61,6.497694627521615,0.001749544207482856
1993-02-22,652.42,6.480688526316212,-0.017006101205403468
1993-02-23,651.56,6.4793694874894046,-0.0013190388268071729
1993-02-24,662.46,6.495960178679101,0.01659069118969647
1993-02-25,667.07,6.502894987935254,0.006934809256152974
1993-02-26,670.77,6.508426306229822,0.005531318294567988
1993-03-01,669.51,6.506546101539469,-0.0018802046903525493
1993-03-02,677.72,6.518734223289906,0.012188121750436487
1993-03-03,683.92,6.5278409517179785,0.009106728428072586
1993-03-04,680.73,6.523165751761288,-0.004675199956690079
1993-03-05,681.37,6.5241054772544205,0.0009397254931320376
1993-03-08,687.23,6.532669025130447,0.008563547876026867
1993-03-09,688.96,6.535183214175999,0.0025141890455513405
1993-03-10,692.87,6.540842391405073,0.005659177229074608
1993-03-11,694.28,6.5428753373526805,0.0020329459476071676
1993-03-12,692.78,6.540712488471249,-0.0021628488814311453
1993-03-15,695.21,6.544213958197556,0.0035014697263067163
1993-03-16,695.47,6.544587875997523,0.000373917799967316
1993-03-17,687.4,6.532916364415733,-0.011671511581790028
1993-03-18,687.41,6.532930911880475,1.4547464741276883e-05
1993-03-19,682.72,6.526084819439689,-0.0068460924407851564
1993-03-22,676.62,6.517109815472251,-0.008975003967438333
1993-03-23,675.04,6.514771948376029,-0.0023378670962221904
1993-03-24,674.36,6.513764092947601,-0.0010078554284280727
1993-03-25,681.01,6.523576990329511,0.009812897381910268
1993-03-26,681.54,6.524354943471385,0.0007779531418741215
1993-03-29,680.76,6.523209821126476,-0.0011451223449094883
1993-03-30,686.25,6.53124199282374,0.008032171697264445
1993-03-31,690.13,6.536879985642264,0.005637992818523507
1993-04-01,686.64,6.531810137409964,-0.005069848232299279
1993-04-02,669.85,6.507053806722995,-0.024756330686969363
1993-04-05,670.71,6.508336852790277,0.0012830460672823563
1993-04-06,664.14,6.498492970625588,-0.009843882164689788
1993-04-07,668.88,6.505604671841803,0.007111701216214961
1993-04-08,666.33,6.501785043318527,-0.0038196285232752203
1993-04-12,673.12,6.511923619842211,0.01013857652368344
1993-04-13,673.83,6.512977853578813,0.0010542337366024057
1993-04-14,673.94,6.5131410861782095,0.0001632325993963235
1993-04-15,670.32,6.507755210305031,-0.005385875873178847
1993-04-16,666.78,6.50246015642561,-0.005295053879420308
1993-04-19,663.03,6.496820238030941,-0.005639918394669152
1993-04-20,661.97,6.495220237689608,-0.0016000003413330077
1993-04-21,664.04,6.4983423886258755,0.0031221509362673316
1993-04-22,663.51,6.497543925248739,-0.0007984633771362937
1993-04-23,658.41,6.489827837582877,-0.007716087665862403
1993-04-26,645.87,6.470598245141347,-0.019229592441529775
1993-04-27,652.52,6.4808417900681015,0.010243544926754389
1993-04-28,658.16,6.489448062860675,0.008606272792573755
1993-04-29,658.45,6.489888588156229,0.0004405252955539396
1993-04-30,661.42,6.494389038977715,0.0045004508214860905
1993-05-03,666.71,6.502355168761564,0.00796612978384914
1993-05-04,678.16,6.51938324830015,0.017028079538585317
1993-05-05,683.26,6.526875460632285,0.00749221233213504
1993-05-06,680.04,6.522151619969528,-0.004723840662756551
1993-05-07,681.44,6.524208206174904,0.0020565862053754103
1993-05-10,682.82,6.52623128164538,0.002023075470476421
1993-05-11,683.06,6.526582703443005,0.0003514217976245959
1993-05-12,681.69,6.524575009051816,-0.0020076943911888634
1993-05-13,675.64,6.515660389812144,-0.00891461923967185
1993-05-14,676.37,6.516740263586657,0.0010798737745130182
1993-05-17,677.96,6.519088289149853,0.0023480255631964653
1993-05-18,680.78,6.5232391996243555,0.004150910474502112
1993-05-19,690.43,6.537314591895845,0.014075392271489129
1993-05-20,697.43,6.547402150236338,0.010087558340493352
1993-05-21,694.29,6.54288974065968,-0.004512409576657994
1993-05-24,694.69,6.543465702892481,0.0005759622328014302
1993-05-25,695.04,6.543969397865461,0.0005036949729797513
1993-05-26,704.09,6.556906188896181,0.012936791030719874
1993-05-27,704.59,6.557616073356806,0.0007098844606252541
1993-05-28,700.53,6.551837191412494,-0.0057788819443125305
1993-06-01,704.28,6.557176004358244,0.005338812945749893
1993-06-02,705.86,6.559416917545855,0.0022409131876113264
1993-06-03,706.22,6.559926803682334,0.0005098861364789542
1993-06-04,702.01,6.553947648938597,-0.005979154743736892
1993-06-07,694.61,6.543350536981463,-0.010597111957133976
1993-06-08,687.74,6.533410859531763,-0.009939677449700035
1993-06-09,689.24,6.5355895412748986,0.002178681743135513
1993-06-10,688.05,6.533861509711291,-0.0017280315636076793
1993-06-11,693.19,6.541304131886272,0.0074426221749810395
1993-06-14,696.41,6.545938567354406,0.004634435468133802
1993-06-15,697.34,6.547273096700451,0.0013345293460451657
1993-06-16,696.25,6.545708791241494,-0.001564305458956916
1993-06-17,695.94,6.54526344972184,-0.0004453415196543631
1993-06-18,689.59,6.536097218084247,-0.009166231637592226
1993-06-21,688.74,6.5348638413054605,-0.0012333767787868766
1993-06-22,686.77,6.531999447230612,-0.0028643940748480645
1993-06-23,684.79,6.529112221917172,-0.0028872253134402115
1993-06-24,688.72,6.5348348023497,0.00572258043252738
1993-06-25,694.81,6.54363842689435,0.008803624544650113
1993-06-28,702.84,6.555129269889691,0.01149084299534131
1993-06-29,701.07,6.552607739395825,-0.0025215304938663863
1993-06-30,703.95,6.556707330908536,0.0040995915127117755
1993-07-01,703.59,6.556195800141595,-0.000511530766940993
1993-07-02,704.49,6.557474136773833,0.0012783366322377532
1993-07-06,702.22,6.554246745242715,-0.0032273915311185064
1993-07-07,698.79,6.549350267911373,-0.00489647733134202
1993-07-08,702.71,6.55494428892086,0.005594021009486916
1993-07-09,705.81,6.559346079460437,0.004401790539577455
1993-07-12,707.67,6.561977883339644,0.0026318038792068066
1993-07-13,708.47,6.563107715256123,0.001129831916479418
1993-07-14,712.49,6.5687658769565935,0.005658161700470288
1993-07-15,708.69,6.563418195373777,-0.005347681582816399
1993-07-16,699.73,6.550694546350801,-0.012723649022976069
1993-07-19,695.83,6.545105377626265,-0.0055891687245361865
1993-07-20,701.9,6.5537909437363755,0.00868556611011062
1993-07-21,700.08,6.551194614227576,-0.0025963295087994
1993-07-22,695.52,6.544659767240482,-0.006534846987094056
1993-07-23,700.24,6.551423133424183,0.006763366183700548
1993-07-26,704.54,6.557545107583569,0.006121974159386312
1993-07-27,701.0,6.55250788703459,-0.005037220548978816
1993-07-28,705.59,6.5590343322565525,0.00652644522196244
1993-07-29,707.24,6.561370070809889,0.002335738553336242
1993-07-30,704.7,6.557772180332977,-0.003597890476911836
1993-08-02,707.66,6.561963752359589,0.004191572026612356
1993-08-03,709.01,6.5638696308050175,0.0019058784454282218
1993-08-04,713.79,6.570588801431447,0.0067191706264297935
1993-08-05,715.5,6.572981598996505,0.002392797565057947
1993-08-06,718.08,6.576580983454222,0.003599384457716681
1993-08-09,718.49,6.577151787537743,0.0005708040835212813
1993-08-10,717.08,6.575187410386638,-0.00196437715110509
1993-08-11,718.77,6.5775414178113785,0.0023540074247403453
1993-08-12,717.12,6.575243190612563,-0.002298227198815894
1993-08-13,718.26,6.576831620491333,0.0015884298787707252
1993-08-16,726.89,6.588775159345472,0.01194353885413868
1993-08-17,731.01,6.59442713954677,0.005651980201298201
1993-08-18,734.83,6.5996391799435905,0.005212040396820328
1993-08-19,730.48,6.593701852308085,-0.005937327635505696
1993-08-20,730.96,6.5943587386903655,0.0006568863822806748
1993-08-23,730.86,6.594221922939923,-0.0001368157504426648
1993-08-24,735.14,6.600060957265026,0.005839034325103576
1993-08-25,733.66,6.59804570603833,-0.002015251226696435
1993-08-26,731.39,6.594946833212734,-0.0030988728255962883
1993-08-27,734.07,6.598604391914703,0.0036575587019695988
1993-08-30,737.38,6.603103363110557,0.004498971195853407
1993-08-31,742.84,6.610480678324852,0.007377315214295521
1993-09-01,746.15,6.614926652377477,0.004445974052624813
1993-09-02,748.65,6.618271584583728,0.0033449322062510944
1993-09-03,749.71,6.619686465088858,0.001414880505129723
1993-09-07,739.35,6.6057714218194965,-0.013915043269361327
1993-09-08,730.73,6.5940440344755205,-0.011727387343976048
1993-09-09,737.71,6.603550793444306,0.009506758968785611
1993-09-10,744.31,6.612457614718308,0.008906821274002219
1993-09-13,740.32,6.607082525158689,-0.005375089559619184
1993-09-14,732.64,6.596654448908786,-0.010428076249903384
1993-09-15,739.55,6.6060418931173785,0.009387444208592832
1993-09-16,739.8,6.606379879398354,0.0003379862809751444
1993-09-17,740.11,6.606798823799749,0.000418944401395116
1993-09-20,740.21,6.606933929722998,0.00013510592324905701
1993-09-21,733.56,6.597909393828634,-0.009024535894363694
1993-09-22,745.54,6.6141087880303235,0.016199394201689366
1993-09-23,752.26,6.623082008874772,0.008973220844448626
1993-09-24,754.65,6.626254065605437,0.003172056730664785
1993-09-27,759.95,6.63325264164247,0.006998576037033466
1993-09-28,763.66,6.638122663934972,0.004870022292501552
1993-09-29,763.17,6.637480811185389,-0.0006418527495828386
1993-09-30,762.78,6.636969654190086,-0.0005111569953033523
1993-10-01,763.23,6.6375594275376315,0.0005897733475457301
1993-10-04,764.84,6.639666661624759,0.0021072340871270967
1993-10-05,762.27,6.636300823635007,-0.003365837989751874
1993-10-06,764.77,6.639575135026411,0.0032743113914044386
1993-10-07,762.49,6.6365893936414695,-0.002985741384941676
1993-10-08,764.27,6.6389211298757,0.0023317362342307746
1993-10-11,767.65,6.643333900104908,0.00441277022920783
1993-10-12,772.46,6.649580227495998,0.006246327391090212
1993-10-13,778.97,6.657972534217759,0.008392306721760612
1993-10-14,785.41,6.666205874428527,0.008233340210767714
1993-10-15,787.42,6.668761778237862,0.002555903809335014
1993-10-18,782.91,6.663017746855669,-0.005744031382192816
1993-10-19,768.71,6.644713785246664,-0.01830396160900527
1993-10-20,768.25,6.644115201010594,-0.0005985842360693994
1993-10-21,771.28,6.648051472356125,0.003936271345530429
1993-10-22,772.68,6.6498649913380925,0.0018135189819679098
1993-10-25,769.75,6.64606578680461,-0.003799204533482481
1993-10-26,765.46,6.640476960303349,-0.005588826501260691
1993-10-27,771.88,6.648829097528155,0.0083521372248061
1993-10-28,773.49,6.650912741681328,0.002083644153172415
1993-10-29,779.26,6.658344751417207,0.007432009735879319
1993-11-01,783.77,6.664115609962851,0.00577085854564352
1993-11-02,785.66,6.666524128869272,0.002408518906420909
1993-11-03,772.95,6.650214363442343,-0.016309765426928635
1993-11-04,757.26,6.629706655498595,-0.020507707943748343
1993-11-05,762.99,6.637244925038676,0.007538269540081188
1993-11-08,766.21,6.6414562836039845,0.004211358565308743
1993-11-09,769.84,6.646182701048145,0.004726417444160802
1993-11-10,776.5,6.6547966425887415,0.008613941540596137
1993-11-11,778.98,6.657985371600217,0.0031887290114758216
1993-11-12,779.32,6.658421744577686,0.0004363729774690128
1993-11-15,772.45,6.649567281758059,-0.008854462819627429
1993-11-16,771.69,6.648582914976072,-0.0009843667819868784
1993-11-17,762.36,6.636418885066442,-0.012164029909629726
1993-11-18,754.34,6.625843194752269,-0.010575690314173158
1993-11-19,751.56,6.622151046325322,-0.003692148426947206
1993-11-22,738.13,6.60411996084909,-0.018031085476232
1993-11-23,746.82,6.615824192240941,0.011704231391851394
1993-11-24,753.18,6.624304243058172,0.00848005081723091
1993-11-26,754.87,6.626545548992948,0.0022413059347758946
1993-11-29,751.54,6.6221244346561035,-0.004421114336844667
1993-11-30,754.39,6.625909475664054,0.003785041007950518
1993-12-01,763.81,6.638319067138284,0.012409591474230375
1993-12-02,766.73,6.642134718532873,0.003815651394588393
1993-12-03,772.22,6.649269483520636,0.007134764987763553
1993-12-06,771.09,6.647805098268246,-0.0014643852523903433
1993-12-07,769.35,6.645546002503387,-0.0022590957648587207
1993-12-08,767.89,6.643646493722729,-0.0018995087806583655
1993-12-09,761.49,6.635277040272629,-0.008369453450099762
1993-12-10,760.74,6.634291643767912,-0.0009853965047170732
1993-12-13,759.72,6.632949944344036,-0.001341699423876186
1993-12-14,751.47,6.622031288236518,-0.010918656107517855
1993-12-15,752.97,6.624025386368785,0.0019940981322665863
1993-12-16,755.53,6.627419489726538,0.003394103357753586
1993-12-17,759.23,6.632304761794251,0.0048852720677130534
1993-12-20,760.15,6.633515782226845,0.0012110204325939122
1993-12-21,755.63,6.62755183838604,-0.005963943840805008
1993-12-22,756.07,6.628133964485696,0.0005821260996556887
1993-12-23,758.7,6.6316064423440295,0.0034724778583337113
1993-12-27,761.06,6.634712198380497,0.0031057560364677883
1993-12-28,764.56,6.639300504957924,0.004588306577426593
1993-12-29,768.48,6.644414537916514,0.005114032958590364
1993-12-30,771.08,6.647792129529391,0.0033775916128764294
1993-12-31,776.8,6.6551829169771155,0.0073907874477248114
1994-01-03,770.76,6.647377041057702,-0.0078058759194137295
1994-01-04,774.28,6.651933565277345,0.00455652421964281
1994-01-05,778.05,6.656790789465519,0.004857224188174136
1994-01-06,780.41,6.659819422608427,0.0030286331429083546
1994-01-07,782.94,6.663056064702211,0.003236642093783715
1994-01-10,786.69,6.667834269928616,0.004778205226405596
1994-01-11,785.52,6.666345918861035,-0.0014883510675813838
1994-01-12,786.87,6.668063050529019,0.0017171316679842619
1994-01-13,787.81,6.669256944033292,0.0011938935042730137
1994-01-14,792.31,6.674952729373308,0.005695785340015469
1994-01-17,792.18,6.674788638719165,-0.00016409065414269008
1994-01-18,793.02,6.67584844199777,0.0010598032786051093
1994-01-19,789.28,6.671121137485428,-0.0047273045123423785
1994-01-20,793.02,6.67584844199777,0.0047273045123423785
1994-01-21,794.28,6.677436043918831,0.0015876019210612213
1994-01-24,790.65,6.672855391969326,-0.004580651949505743
1994-01-25,786.39,6.667452852577131,-0.005402539392195038
1994-01-26,788.8,6.6705128032884256,0.0030599507112949453
1994-01-27,792.88,6.675671886098453,0.0051590828100271935
1994-01-28,796.53,6.6802647934242305,0.004592907325777773
1994-01-31,800.47,6.685199055157366,0.004934261733135159
1994-02-01,797.24,6.681155762694537,-0.004043292462828418
1994-02-02,799.57,6.684074083163019,0.0029183204684821717
1994-02-03,797.79,6.681845404922957,-0.0022286782400620098
1994-02-04,777.28,6.655800645813808,-0.026044759109149496
1994-02-07,779.2,6.658267752328325,0.0024671065145174254
1994-02-08,782.7,6.662749480810793,0.0044817284824674175
1994-02-09,786.53,6.667630865445388,0.00488138463459542
1994-02-10,783.42,6.6636689506480025,-0.003961914797385724
1994-02-11,781.39,6.661074384996209,-0.002594565651793168
1994-02-14,785.45,6.6662568019459485,0.005182416949739199
1994-02-15,790.12,6.6721848326597994,0.005928030713850951
1994-02-16,792.62,6.675343913847011,0.003159081187211754
1994-02-17,790.24,6.672336696792315,-0.0030072170546961985
1994-02-18,788.85,6.670576188703463,-0.0017605080888518643
1994-02-22,791.15,6.6734875831649925,0.0029113944615293263
1994-02-23,789.11,6.670905728111753,-0.002581855053239046
1994-02-24,779.44,6.658575713117086,-0.012330014994667238
1994-02-25,783.78,6.6641283687265265,0.0055526556094402935
1994-02-28,792.5,6.675192505751435,0.011064137024908938
1994-03-01,788.64,6.670309942957068,-0.0048825627943678285
1994-03-02,783.47,6.663732771337415,-0.006577171619652766
1994-03-03,784.58,6.665148542754663,0.001415771417248024
1994-03-04,790.55,6.672728905756154,0.007580363001491008
1994-03-07,795.05,6.678405005758406,0.005676100002252049
1994-03-08,792.12,6.67471289548868,-0.0036921102697258235
1994-03-09,793.05,6.675886271349569,0.0011733758608887257
1994-03-10,789.09,6.670880382781629,-0.00500588856793982
1994-03-11,789.2,6.67101977414846,0.0001393913668312763
1994-03-14,792.8,6.675570983015779,0.0045512088673183015
1994-03-15,793.52,6.6764787444377385,0.0009077614219599184
1994-03-16,798.99,6.683348430043398,0.00686968560565937
1994-03-17,803.85,6.6894126846089685,0.0060642545655706925
1994-03-18,803.93,6.6895122007120005,9.951610303193803e-05
1994-03-21,797.3,6.681231019508449,-0.008281181203551036
1994-03-22,796.34,6.680026230326299,-0.0012047891821502787
1994-03-23,797.51,6.681494373765338,0.0014681434390384496
1994-03-24,786.68,6.667821558360453,-0.01367281540488463
1994-03-25,783.45,6.663707243550418,-0.004114314810035324
1994-03-28,772.5,6.649632008771901,-0.014075234778516688
1994-03-29,755.29,6.62710178145948,-0.022530227312421047
1994-03-30,744.91,6.613263405712876,-0.013838375746604292
1994-03-31,743.46,6.611314964856456,-0.001948440856419431
1994-04-04,727.41,6.589490280052562,-0.0218246848038941
1994-04-05,750.95,6.621339071651589,0.031848791599027315
1994-04-06,750.72,6.621032746025056,-0.00030632562653298834
1994-04-07,755.17,6.626942889465978,0.005910143440921445
1994-04-08,748.71,6.6183517256320155,-0.008591163833962412
1994-04-11,748.11,6.617550025985918,-0.0008016996460975534
1994-04-12,739.22,6.605595576238517,-0.011954449747401341
1994-04-13,727.38,6.589449036986547,-0.016146539251969294
1994-04-14,727.31,6.589352796550366,-9.624043618128297e-05
1994-04-15,727.97,6.5902598385563715,0.000907042006005554
1994-04-18,720.45,6.579876016778943,-0.01038382177742836
1994-04-19,712.85,6.56927101959997,-0.010604997178973008
1994-04-20,705.52,6.5589351195799255,-0.010335900020044697
1994-04-21,718.74,6.577499678971295,0.01856455939136925
1994-04-22,722.56,6.582800461521242,0.005300782549947591
1994-04-25,730.8,6.594139824503851,0.011339362982608847
1994-04-26,734.21,6.598795091236936,0.004655266733085028
1994-04-28,731.69,6.595356926993258,-0.0034381642436782656
1994-04-29,733.84,6.5982910212014,0.0029340942081423904
1994-05-02,740.68,6.607568683169615,0.009277661968214446
1994-05-03,739.37,6.605798472241485,-0.0017702109281296785
1994-05-04,740.3,6.607055509449053,0.0012570372075675351
1994-05-05,740.55,6.607393153372982,0.0003376439239293205
1994-05-06,732.86,6.59695468773738,-0.010438465635601801
1994-05-09,722.96,6.5833538955937,-0.013600792143679818
1994-05-10,725.0,6.586171654854675,0.002817759260974384
1994-05-11,717.0,6.57507584059962,-0.01109581425505457
1994-05-12,719.61,6.578709398589049,0.0036335579894286596
1994-05-13,716.92,6.574964258363397,-0.0037451402256518662
1994-05-16,711.91,6.567951498927872,-0.007012759435524707
1994-05-17,711.52,6.567403526762386,-0.0005479721654859659
1994-05-18,721.9,6.581886625145115,0.014483098382728876
1994-05-19,727.31,6.589352796550366,0.007466171405250854
1994-05-20,726.7,6.58851373762259,-0.0008390589277755822
1994-05-23,724.95,6.586102686959203,-0.0024110506633876483
1994-05-24,731.47,6.595056207999221,0.00895352104001823
1994-05-25,732.07,6.595876137804507,0.0008199298052860016
1994-05-26,731.64,6.595288589707725,-0.0005875480967816316
1994-05-27,733.14,6.597336679556486,0.0020480898487607035
1994-05-31,735.19,6.60012896920795,0.0027922896514640527
1994-06-01,735.52,6.600577732057918,0.00044876284996764326
1994-06-02,739.5,6.6059742821508545,0.005396550092936714
1994-06-03,742.38,6.609861241453939,0.0038869593030845806
1994-06-06,743.43,6.6112746121740065,0.0014133707200674195
1994-06-07,739.3,6.605703792563054,-0.005570819610952071
1994-06-08,729.79,6.592756821524254,-0.012946971038800825
1994-06-09,728.88,6.591509109405603,-0.0012477121186504903
1994-06-10,734.25,6.5988495700787295,0.007340460673126437
1994-06-13,731.7,6.595370593889984,-0.003478976188745264
1994-06-14,735.98,6.601202944446615,0.005832350556630672
1994-06-15,735.84,6.601012703791613,-0.0001902406550016167
1994-06-16,734.97,6.599829682053297,-0.0011830217383161923
1994-06-17,729.35,6.5921537265322225,-0.0076759555210745845
1994-06-20,718.85,6.577652712868601,-0.014501013663621443
1994-06-21,708.79,6.563559290839203,-0.014093422029398006
1994-06-22,712.74,6.569116697529504,0.005557406690300581
1994-06-23,700.85,6.5522938841090665,-0.01682281342043712
1994-06-24,693.79,6.542169321056163,-0.010124563052903213
1994-06-27,702.68,6.554901596145182,0.012732275089018863
1994-06-28,702.05,6.554004626560651,-0.0008969695845308934
1994-06-29,704.01,6.556792560602613,0.0027879340419616483
1994-06-30,705.96,6.559558578664365,0.002766018061752362
1994-07-01,706.85,6.560818479313042,0.0012599006486766484
1994-07-05,703.59,6.556195800141595,-0.004622679171446542
1994-07-06,701.0,6.55250788703459,-0.003687913107005336
1994-07-07,706.53,6.560365664068072,0.007857777033481561
1994-07-08,707.46,6.561681090816637,0.0013154267485653293
1994-07-11,706.83,6.5607901843665175,-0.0008909064501194663
1994-07-12,709.59,6.564687338449621,0.003897154083103871
1994-07-13,719.35,6.5783480264830425,0.013660688033421131
1994-07-14,721.56,6.581415534839477,0.003067508356434878
1994-07-15,721.36,6.581138319191651,-0.00027721564782634545
1994-07-18,722.62,6.582883496160574,0.0017451769689227348
1994-07-19,719.32,6.5783063212969966,-0.004577174863577227
1994-07-20,712.77,6.5691587877288065,-0.009147533568190092
1994-07-21,715.03,6.5723244998557515,0.0031657121269450528
1994-07-22,716.68,6.574629436931697,0.002304937075945368
1994-07-25,716.88,6.574908462575964,0.00027902564426707244
1994-07-26,715.66,6.573205193843576,-0.0017032687323883522
1994-07-27,712.13,6.5682604790151595,-0.004944714828416075
1994-07-28,712.43,6.568681661702354,0.0004211826871944879
1994-07-29,722.16,6.582246720989899,0.013565059287545367
1994-08-01,724.85,6.585964736896907,0.003718015907007377
1994-08-02,724.8,6.585895754728769,-6.898216813766567e-05
1994-08-03,723.69,6.584363123896277,-0.00153263083249211
1994-08-04,720.18,6.579501180765308,-0.004861943130968882
1994-08-05,718.67,6.577402281568945,-0.002098899196362858
1994-08-08,720.47,6.579903776821141,0.0025014952521953404
1994-08-09,722.61,6.582869657532812,0.0029658807116712538
1994-08-10,728.2,6.590575735741333,0.007706078208521205
1994-08-11,728.2,6.590575735741333,0.0
1994-08-12,731.61,6.5952475850947,0.004671849353367286
1994-08-15,732.89,6.596995622412466,0.0017480373177658493
1994-08-16,735.51,6.600564136142131,0.003568513729664602
1994-08-17,742.66,6.610238335678092,0.009674199535961492
1994-08-18,742.17,6.6095783274377045,-0.0006600082403878105
1994-08-19,742.43,6.609928590138308,0.00035026270060356524
1994-08-22,742.29,6.609740002390565,-0.00018858774774344056
1994-08-23,747.98,6.617376239649097,0.007636237258532574
1994-08-24,751.72,6.6223639141884005,0.004987674539303377
1994-08-25,754.8,6.626452813494395,0.004088899305994431
1994-08-26,762.94,6.637179391233039,0.010726577738643606
1994-08-29,763.21,6.6375332227736035,0.0003538315405648973
1994-08-30,766.46,6.641782511692506,0.004249288918902749
1994-08-31,765.62,6.640685963099522,-0.0010965485929839147
1994-09-01,758.95,6.631935899072868,-0.008750064026654236
1994-09-02,759.23,6.632304761794251,0.00036886272138314524
1994-09-06,759.48,6.632633988575214,0.0003292267809626992
1994-09-07,764.28,6.638934214171274,0.006300225596060471
1994-09-08,769.3,6.645481010464889,0.006546796293614321
1994-09-09,763.73,6.6382143235635525,-0.00726668690133625
1994-09-12,760.01,6.633331591088549,-0.004882732475003593
1994-09-13,765.83,6.640960212995132,0.0076286219065835326
1994-09-14,768.61,6.644583688714854,0.0036234757197215473
1994-09-15,778.66,6.657574493599522,0.01299080488466764
1994-09-16,777.91,6.656610836252868,-0.0009636573466531573
1994-09-19,776.72,6.655079925061889,-0.0015309111909793671
1994-09-20,766.74,6.642147760848667,-0.012932164213221853
1994-09-21,760.71,6.634252207703626,-0.007895553145041312
1994-09-22,760.44,6.633897213123426,-0.00035499458020016306
1994-09-23,757.46,6.629970730708748,-0.0039264824146778565
1994-09-26,755.63,6.62755183838604,-0.0024188923227077552
1994-09-27,755.37,6.627207695430956,-0.0003441429550843367
1994-09-28,760.01,6.633331591088549,0.006123895657593081
1994-09-29,759.34,6.632449634931732,-0.0008819561568165213
1994-09-30,764.29,6.638947298295653,0.006497663363920658
1994-10-03,760.88,6.63447565817413,-0.004471640121522569
1994-10-04,747.3,6.616466710936244,-0.018008947237886375
1994-10-05,746.28,6.615100864903798,-0.0013658460324457167
1994-10-06,744.19,6.61229637857419,-0.002804486329607947
1994-10-07,749.96,6.62001987177475,0.007723493200559872
1994-10-10,756.81,6.6291122311810255,0.009092359406275285
1994-10-11,765.57,6.640620654418016,0.011508423236990417
1994-10-12,767.0,6.642486801367256,0.0018661469492400329
1994-10-13,767.89,6.643646493722729,0.0011596923554728633
1994-10-14,767.08,6.6425910984053145,-0.001055395317414387
1994-10-17,765.78,6.640894922222654,-0.0016961761826603805
1994-10-18,764.81,6.639627436965518,-0.0012674852571361583
1994-10-19,770.62,6.647195385657495,0.0075679486919773
1994-10-20,768.24,6.644102184329717,-0.003093201327778239
1994-10-21,765.38,6.640372442522167,-0.0037297418075503685
1994-10-24,761.21,6.634909272487568,-0.005463170034598619
1994-10-25,758.26,6.631026334744172,-0.0038829377433957646
1994-10-26,763.24,6.637572529662141,0.006546194917969039
1994-10-27,767.47,6.643099390749516,0.005526861087374435
1994-10-28,776.15,6.654345800472452,0.011246409722936335
1994-10-31,777.49,6.656070782234342,0.0017249817618898433
1994-11-01,772.19,6.649230633733334,-0.006840148501008336
1994-11-02,771.82,6.648751362216851,-0.00047927151648252675
1994-11-03,772.1,6.64911407531477,0.0003627130979193538
1994-11-04,766.08,6.641286602929553,-0.007827472385216971
1994-11-07,762.31,6.636353297103121,-0.004933305826432033
1994-11-08,767.54,6.643190595367138,0.006837298264017022
1994-11-09,767.25,6.642812693499845,-0.00037790186729314
1994-11-10,764.38,6.639065047711948,-0.0037476457878975467
1994-11-11,762.12,6.636104023602884,-0.00296102410906407
1994-11-14,768.14,6.6439720082012315,0.00786798459834781
1994-11-15,769.02,6.6451169769697875,0.001144968768556076
1994-11-16,769.64,6.6459228730528155,0.000805896083027946
1994-11-17,765.84,6.6409732706380975,-0.00494960241471798
1994-11-18,764.67,6.639444368209612,-0.001528902428485246
1994-11-21,757.74,6.630340318886134,-0.009104049323478414
1994-11-22,741.21,6.60828398595538,-0.022056332930754152
1994-11-23,736.7,6.602180753688768,-0.006103232266611691
1994-11-25,742.52,6.6100498063410225,0.00786905265225446
1994-11-28,745.73,6.614363604396278,0.004313798055255447
1994-11-29,751.48,6.622044595399098,0.007680991002819937
1994-11-30,750.32,6.6204997822006835,-0.0015448131984143743
1994-12-01,741.2,6.6082704944112045,-0.01222928778947896
1994-12-02,745.02,6.613411063656805,0.005140569245600801
1994-12-05,745.71,6.61433678467842,0.0009257210216144784
1994-12-06,741.23,6.608310968497676,-0.006025816180743604
1994-12-07,734.27,6.598876808386687,-0.009434160110989076
1994-12-08,719.12,6.578028242265144,-0.0208485661215434
1994-12-09,719.05,6.577930896332388,-9.734593275556591e-05
1994-12-12,719.12,6.578028242265144,9.734593275556591e-05
1994-12-13,719.49,6.578542627690184,0.0005143854250402313
1994-12-14,725.67,6.58709536603315,0.008552738342966215
1994-12-15,730.68,6.593975607408483,0.0068802413753328295
1994-12-16,729.07,6.59176974934672,-0.0022058580617629886
1994-12-19,727.89,6.590149937878998,-0.0016198114677221653
1994-12-20,728.51,6.5910013523770115,0.0008514144980136251
1994-12-21,737.12,6.602750701187607,0.011749348810595528
1994-12-22,739.34,6.605757896334101,0.003007195146493835
1994-12-23,742.19,6.60960527507844,0.0038473787443393803
1994-12-27,746.19,6.614980259464347,0.005374984385906778
1994-12-28,742.46,6.609968997171832,-0.005011262292515362
1994-12-29,749.53,6.619446343426063,0.009477346254231023
1994-12-30,751.96,6.62268313104576,0.003236787619697701
1995-01-03,743.58,6.611476359304838,-0.011206771740922328
1995-01-04,745.84,6.614511099988438,0.003034740683600212
1995-01-05,745.66,6.6142697322366795,-0.00024136775175875869
1995-01-06,749.69,6.619659787751255,0.005390055514575387
1995-01-09,752.09,6.622855997639722,0.0031962098884674717
1995-01-10,756.52,6.628728970420253,0.005872972780530894
1995-01-11,755.74,6.627697401683173,-0.0010315687370798798
1995-01-12,756.51,6.628715751911698,0.0010183502285245893
1995-01-13,762.16,6.636156507398524,0.0074407554868258785
1995-01-16,768.16,6.64399804478263,0.00784153738410609
1995-01-17,772.14,6.649165880733628,0.005167835950998345
1995-01-18,772.38,6.649476656899598,0.0003107761659695285
1995-01-19,768.55,6.644505622670941,-0.0049710342286566345
1995-01-20,762.05,6.636012170331859,-0.008493452339082275
1995-01-23,759.51,6.632673488506095,-0.0033386818257641337
1995-01-24,763.2,6.637520120134077,0.0048466316279824895
1995-01-25,760.98,6.634607076307393,-0.002913043826684003
1995-01-26,757.56,6.6301027421675345,-0.004504334139858734
1995-01-27,758.91,6.631883193289714,0.001780451122179727
1995-01-30,751.83,6.622510234563774,-0.00937295872594035
1995-01-31,755.2,6.626982614831291,0.00447238026751684
1995-02-01,758.31,6.631092273012789,0.004109658181498332
1995-02-02,763.64,6.638096473926458,0.007004200913669045
1995-02-03,772.06,6.6490622672119715,0.010965793285513392
1995-02-06,778.85,6.657818472772615,0.00875620556064316
1995-02-07,778.97,6.657972534217759,0.00015406144514429343
1995-02-08,783.77,6.664115609962851,0.006143075745091764
1995-02-09,785.44,6.666244070309743,0.0021284603468920693
1995-02-10,790.43,6.6725771011789545,0.006333030869211775
1995-02-13,789.42,6.671298498605802,-0.0012786025731523765
1995-02-14,790.62,6.672817447785216,0.0015189491794140864
1995-02-15,795.63,6.6791342536595595,0.006316805874343245
1995-02-16,793.31,6.6762140658001705,-0.0029201878593889674
1995-02-17,786.97,6.668190128249924,-0.008023937550246885
1995-02-21,784.62,6.665199524146466,-0.002990604103457528
1995-02-22,787.93,6.66940925342473,0.004209729278263907
1995-02-23,791.35,6.673740347779292,0.004331094354562026
1995-02-24,791.08,6.673399100453825,-0.00034124732546736425
1995-02-27,784.5,6.665046572173087,-0.008352528280737737
1995-02-28,793.73,6.676743353039062,0.011696780865975143
1995-03-01,791.87,6.674397236927608,-0.0023461161114539664
1995-03-02,793.68,6.676680357341647,0.002283120414038997
1995-03-03,798.79,6.683098082685133,0.006417725343485614
1995-03-06,797.77,6.681820335354905,-0.0012777473302278963
1995-03-07,791.33,6.6737150741927165,-0.008105261162188349
1995-03-08,795.81,6.679360463885226,0.005645389692509717
1995-03-09,796.24,6.679900647937808,0.0005401840525820489
1995-03-10,802.22,6.687382884463713,0.007482236525905073
1995-03-13,802.31,6.6874950668474575,0.0001121823837442193
1995-03-14,808.24,6.694859044119477,0.0073639772720195396
1995-03-15,807.38,6.6937944372425795,-0.001064606876897578
1995-03-16,809.34,6.696219100709643,0.0024246634670639367
1995-03-17,808.33,6.694970390983631,-0.0012487097260125424
1995-03-20,810.49,6.697639003036692,0.0026686120530614588
1995-03-21,809.78,6.696762605836912,-0.0008763971997804987
1995-03-22,809.1,6.695922518813794,-0.0008400870231177748
1995-03-23,811.39,6.698748826318782,0.002826307504988357
1995-03-24,818.66,6.7076688572432905,0.008920030924508104
1995-03-27,822.63,6.7125065248614435,0.004837667618152963
1995-03-28,826.14,6.716764250684336,0.004257725822892411
1995-03-29,819.16,6.7082794249681115,-0.008484825716224442
1995-03-30,816.86,6.705467721547304,-0.0028117034208072766
1995-03-31,817.21,6.7058960997751065,0.00042837822780228407
1995-04-03,818.05,6.706923459429086,0.001027359653979154
1995-04-04,813.72,6.701616326483751,-0.005307132945334914
1995-04-05,816.32,6.704806434953446,0.003190108469695474
1995-04-06,813.8,6.70171463556759,-0.003091799385856575
1995-04-07,814.69,6.7028076727844095,0.0010930372168198588
1995-04-10,821.26,6.710839746284808,0.008032073500398695
1995-04-11,824.83,6.715177304495217,0.004337558210409043
1995-04-12,828.53,6.719653046229156,0.004475741733938499
1995-04-13,832.64,6.7246013758840855,0.004948329654929751
1995-04-17,830.82,6.722413164894678,-0.0021882109894075796
1995-04-18,825.74,6.716279953994724,-0.006133210899953667
1995-04-19,816.55,6.705088147522752,-0.011191806471972043
1995-04-20,819.01,6.708096293790738,0.003008146267985623
1995-04-21,823.44,6.713490687218304,0.00539439342756598
1995-04-24,828.91,6.720111584706154,0.006620897487850108
1995-04-25,831.28,6.722966681544391,0.002855096838237259
1995-04-26,836.91,6.7297165378263255,0.006749856281934363
1995-04-27,840.95,6.7345322051734415,0.004815667347116026
1995-04-28,843.98,6.738128797632722,0.0035965924592806786
1995-05-01,841.63,6.735340487735961,-0.002788309896761376
1995-05-02,841.79,6.735530576959662,0.0001900892237012286
1995-05-03,850.26,6.745542185064834,0.010011608105171987
1995-05-04,846.75,6.741405491697881,-0.004136693366953104
1995-05-05,843.53,6.737595467447222,-0.0038100242506589055
1995-05-08,849.29,6.744400706314195,0.006805238866973262
1995-05-09,848.17,6.7430810873982505,-0.0013196189159447869
1995-05-10,847.62,6.742432422151628,-0.0006486652466222154
1995-05-11,853.83,6.749732110741005,0.007299688589376352
1995-05-12,858.94,6.75569907088349,0.0059669601424854335
1995-05-15,863.06,6.760484213579777,0.004785142696286826
1995-05-16,868.25,6.766479691624183,0.005995478044406255
1995-05-17,871.93,6.770709145457393,0.004229453833209718
1995-05-18,864.06,6.761642210837346,-0.00906693462004693
1995-05-19,864.32,6.761943070604251,0.0003008597669049706
1995-05-22,871.18,6.7698486145141,0.007905543909848767
1995-05-23,879.64,6.779512732862647,0.009664118348547746
1995-05-24,877.98,6.77762381433239,-0.0018889185302572997
1995-05-25,877.32,6.776871806093225,-0.0007520082391652139
1995-05-26,871.87,6.770640330226262,-0.006231475866963265
1995-05-30,858.7,6.755419617678439,-0.015220712547822757
1995-05-31,864.58,6.76224383988178,0.006824222203341002
1995-06-01,868.82,6.767135969172536,0.004892129290755776
1995-06-02,872.97,6.771901190987969,0.004765221815433485
1995-06-05,882.85,6.783155310748807,0.011254119760837789
1995-06-06,879.4,6.77923985674671,-0.003915454002097363
1995-06-07,881.58,6.78171575211591,0.0024758953692005647
1995-06-08,886.13,6.7868636667040505,0.005147914588140345
1995-06-09,884.38,6.784886834525867,-0.00197683217818323
1995-06-12,887.98,6.788949220216011,0.004062385690144055
1995-06-13,894.23,6.795963012778596,0.007013792562585053
1995-06-14,895.72,6.797627864136631,0.0016648513580346247
1995-06-15,902.68,6.805368116303709,0.00774025216707841
1995-06-16,908.65,6.81195998152727,0.006591865223560589
1995-06-19,922.09,6.826642832675532,0.014682851148261733
1995-06-20,929.83,6.835001773739207,0.008358941063675296
1995-06-21,929.19,6.834313238892584,-0.0006885348466232344
1995-06-22,940.09,6.845975615361671,0.011662376469087299
1995-06-23,938.87,6.844677024469428,-0.0012985908922429346
1995-06-26,926.98,6.831931990360081,-0.012745034109347131
1995-06-27,919.56,6.823895294770313,-0.008036695589767717
1995-06-28,920.52,6.824938727759205,0.001043432988891979
1995-06-29,926.81,6.831748582314427,0.0068098545552217615
1995-06-30,933.45,6.838887399683337,0.007138817368909756
1995-07-03,934.53,6.840043729109068,0.001156329425731073
1995-07-05,941.82,6.847814173515171,0.007770444406102861
1995-07-06,952.93,6.859541448700419,0.01172727518524841
1995-07-07,969.76,6.877048618202975,0.017507169502556152
1995-07-10,976.62,6.884097630631462,0.007049012428486989
1995-07-11,970.22,6.877522849904973,-0.0065747807264893154
1995-07-12,988.63,6.896320146356189,0.01879729645121575
1995-07-13,994.15,6.90188810070409,0.0055679543479012494
1995-07-14,999.33,6.907085054431833,0.005196953727742759
1995-07-17,1005.89,6.9136280007448185,0.006542946312985798
1995-07-18,988.53,6.896218991163806,-0.017409009581012214
1995-07-19,952.87,6.859478483016696,-0.03674050814711016
1995-07-20,960.57,6.867526858262093,0.008048375245397033
1995-07-21,961.77,6.868775336841189,0.0012484785790958242
1995-07-24,978.57,6.886092322345878,0.01731698550468863
1995-07-25,993.75,6.901485665968542,0.01539334362266409
1995-07-26,1000.18,6.907935262784081,0.006449596815539138
1995-07-27,1010.66,6.918358861766328,0.010423598982247206
1995-07-28,1005.28,6.913021388654637,-0.005337473111691082
1995-07-31,1001.21,6.908964547522122,-0.004056841132515032
1995-08-01,991.11,6.898825527160974,-0.010139020361147999
1995-08-02,983.75,6.891371799731613,-0.007453727429361123
1995-08-03,982.7,6.890303885368382,-0.0010679143632312815
1995-08-04,991.09,6.898805347562547,0.008501462194165477
1995-08-07,995.22,6.902963818246007,0.004158470683459647
1995-08-08,997.12,6.904871123802274,0.0019073055562675023
1995-08-09,1005.1,6.912842318030695,0.007971194228420408
1995-08-10,1000.61,6.908365093007763,-0.004477225022931464
1995-08-11,1004.11,6.911856856003212,0.0034917629954485108
1995-08-14,1012.44,6.920118537965536,0.008261681962324019
1995-08-15,1012.37,6.920049395675615,-6.914228992105365e-05
1995-08-16,1025.75,6.933179331322296,0.01312993564668119
1995-08-17,1029.24,6.936575944790331,0.0033966134680349924
1995-08-18,1031.28,6.938556028134849,0.0019800833445184907
1995-08-21,1019.7,6.92726374537018,-0.011292282764669537
1995-08-22,1025.29,6.932730778385529,0.00546703301534901
1995-08-23,1028.19,6.935555253839816,0.00282447545428699
1995-08-24,1020.93,6.928469255579241,-0.007085998260574655
1995-08-25,1019.97,6.927528494081076,-0.0009407614981649104
1995-08-28,1008.15,6.915872247084084,-0.011656246996992081
1995-08-29,1003.64,6.911388670214558,-0.00448357686952594
1995-08-30,1012.61,6.920286435054891,0.008897764840332556
1995-08-31,1020.11,6.927665743600919,0.007379308546028085
1995-09-01,1019.47,6.927038163392242,-0.0006275802086763704
1995-09-05,1039.3,6.9463026885943755,0.019264525202133065
1995-09-06,1044.28,6.951082931717315,0.004780243122939787
1995-09-07,1051.08,6.957573485962998,0.006490554245682567
1995-09-08,1060.03,6.966052488592414,0.008479002629416144
1995-09-11,1066.56,6.972193795119375,0.006141306526960655
1995-09-12,1065.0,6.970730078143525,-0.0014637169758495716
1995-09-13,1067.4,6.972981063899844,0.0022509857563193236
1995-09-14,1066.96,6.972568762314139,-0.00041230158570559894
1995-09-15,1051.1,6.957592513829309,-0.014976248484829924
1995-09-18,1050.18,6.956716857030799,-0.0008756567985095387
1995-09-19,1060.32,6.966326028339917,0.009609171309117315
1995-09-20,1065.09,6.97081458161526,0.004488553275343143
1995-09-21,1058.51,6.9646175378614235,-0.00619704375383634
1995-09-22,1053.39,6.959768813934171,-0.00484872392725233
1995-09-25,1046.15,6.95287203778526,-0.0068967761489107104
1995-09-26,1038.05,6.945099232122558,-0.007772805662701998
1995-09-27,1026.54,6.933949203064612,-0.011150029057946043
1995-09-28,1047.05,6.953731965222161,0.019782762157548817
1995-09-29,1043.54,6.950374058317322,-0.0033579069048395027
1995-10-02,1027.57,6.9349520705705645,-0.015421987746757182
1995-10-03,1020.45,6.92799898545918,-0.006953085111384816
1995-10-04,1002.27,6.910022706424539,-0.01797627903464072
1995-10-05,1014.2,6.921855403360919,0.011832696936379783
1995-10-06,1012.04,6.919723374757991,-0.0021320286029276048
1995-10-09,984.74,6.892377646937814,-0.027345727820176968
1995-10-10,983.47,6.891087134059354,-0.0012905128784606035
1995-10-11,1001.57,6.909324047820585,0.018236913761231044
1995-10-12,1015.63,6.923264388582907,0.013940340762322201
1995-10-13,1018.38,6.925968408401495,0.0027040198185881437
1995-10-16,1018.13,6.925722890332587,-0.0002455180689082681
1995-10-17,1035.44,6.942581736134183,0.016858845801595912
1995-10-18,1045.13,6.951896558575511,0.009314822441328197
1995-10-19,1046.97,6.953655557164894,0.0017589985893833315
1995-10-20,1039.53,6.946523966910485,-0.007131590254409126
1995-10-23,1036.92,6.944010059641308,-0.002513907269176663
1995-10-24,1039.24,6.946244955762661,0.0022348961213527474
1995-10-25,1026.47,6.933881010508291,-0.012363945254370456
1995-10-26,1017.57,6.925172711019205,-0.00870829948908547
1995-10-27,1025.55,6.932984333027912,0.007811622008706998
1995-10-30,1039.69,6.9466778707785855,0.01369353775067328
1995-10-31,1036.06,6.9431803362003315,-0.003497534578253969
1995-11-01,1040.5,6.9474566458336895,0.004276309633358011
1995-11-02,1057.32,6.963492683666638,0.016036037832948935
1995-11-03,1065.66,6.9713496045072905,0.007856920840652037
1995-11-06,1062.14,6.968041019855499,-0.003308584651791513
1995-11-07,1043.9,6.950718978414253,-0.01732204144124605
1995-11-08,1047.94,6.954581611333637,0.003862632919384268
1995-11-09,1065.59,6.971283915357707,0.01670230402406947
1995-11-10,1063.87,6.969668481985822,-0.0016154333718843006
1995-11-13,1058.46,6.964570300536369,-0.005098181449453065
1995-11-14,1040.62,6.94757196835246,-0.016998332183908893
1995-11-15,1041.85,6.948753258016209,0.0011812896637488635
1995-11-16,1044.48,6.951274432895633,0.0025211748794236044
1995-11-17,1045.03,6.951800872120812,0.0005264392251795869
1995-11-20,1029.47,6.936799385683858,-0.015001486436954536
1995-11-21,1024.99,6.932438135427357,-0.004361250256501137
1995-11-22,1021.24,6.928772854204607,-0.0036652812227497833
1995-11-24,1030.17,6.937479116148358,0.008706261943751237
1995-11-27,1029.32,6.9366536690247855,-0.0008254471235726868
1995-11-28,1050.05,6.956593061065437,0.019939392040651427
1995-11-29,1057.57,6.9637291025831445,0.007136041517707525
1995-11-30,1059.2,6.965269185182744,0.0015400825995994794
1995-12-01,1055.31,6.961589841610542,-0.0036793435722017875
1995-12-04,1069.79,6.975217646511864,0.013627804901322094
1995-12-05,1065.89,6.971565409907955,-0.0036522366039095644
1995-12-06,1061.73,6.96765493218997,-0.003910477717984584
1995-12-07,1053.17,6.959559942598154,-0.008094989591816315
1995-12-08,1062.41,6.968295191328473,0.008735248730319611
1995-12-11,1061.5,6.967438281143311,-0.0008569101851625405
1995-12-12,1052.07,6.958514931007927,-0.008923350135384034
1995-12-13,1056.54,6.962754697200742,0.004239766192815075
1995-12-14,1038.19,6.945234091291259,-0.01752060590948279
1995-12-15,1030.48,6.937779992087832,-0.007454099203426878
1995-12-18,1002.56,6.910312007763827,-0.0274679843240051
1995-12-19,1026.41,6.933822556044301,0.023510548280474275
1995-12-20,1025.27,6.9327112715191115,-0.0011112845251899373
1995-12-21,1040.64,6.947591187479336,0.014879915960224643
1995-12-22,1046.89,6.95357914326899,0.005987955789653832
1995-12-26,1049.37,6.955945263079537,0.002366119810546685
1995-12-27,1048.13,6.95476290298947,-0.0011823600900662257
1995-12-28,1042.22,6.949108332465616,-0.005654570523854652
1995-12-29,1052.13,6.958571959807486,0.009463627341870229
1996-01-02,1058.65,6.964749790501945,0.006177830694459097
1996-01-03,1046.26,6.95297717970305,-0.01177261079889469
1996-01-04,1029.82,6.937139308670295,-0.01583787103275558
1996-01-05,1033.47,6.940677351124317,0.0035380424540223387
1996-01-08,1032.37,6.939612408917797,-0.001064942206520314
1996-01-09,998.81,6.906564570369915,-0.033047838547881625
1996-01-10,990.21,6.897917041846234,-0.008647528523681558
1996-01-11,1011.1,6.918794126097353,0.02087708425111945
1996-01-12,1008.23,6.915951597206623,-0.0028425288907305557
1996-01-15,988.57,6.896259454468653,-0.01969214273796993
1996-01-16,995.87,6.9036167269774955,0.0073572725088428825
1996-01-17,998.3,6.90605383234238,0.0024371053648843954
1996-01-18,1007.24,6.914969196000332,0.008915363657951758
1996-01-19,1018.45,6.9260371426601495,0.011067946659817807
1996-01-22,1029.44,6.936770244050662,0.01073310139051209
1996-01-23,1028.04,6.9354093557639525,-0.0013608882867091054
1996-01-24,1043.46,6.950297393247806,0.014888037483853367
1996-01-25,1035.95,6.943074159106492,-0.007223234141314094
1996-01-26,1040.96,6.9478986432849865,0.004824484178494792
1996-01-29,1042.51,6.9493865459530895,0.0014879026681029472
1996-01-30,1051.3,6.957782772581785,0.008396226628695658
1996-01-31,1059.79,6.9658260542715515,0.008043281689766424
1996-02-01,1069.46,6.974909127168527,0.009083072896975075
1996-02-02,1072.11,6.977383948306801,0.0024748211382741303
1996-02-05,1083.34,6.987804140482893,0.010420192176091803
1996-02-06,1089.08,6.993088582126411,0.005284441643518711
1996-02-07,1084.88,6.98922466077969,-0.0038639213467215328
1996-02-08,1093.17,6.996837011306344,0.007612350526653877
1996-02-09,1094.6,6.998144278709818,0.0013072674034741993
1996-02-12,1095.38,6.998856614012407,0.0007123353025892953
1996-02-13,1087.22,6.991379258547055,-0.007477355465351998
1996-02-14,1088.03,6.992124000565157,0.0007447420181021513
1996-02-15,1090.54,6.994428265390798,0.002304264825641056
1996-02-16,1090.71,6.994584139316616,0.0001558739258173958
1996-02-20,1083.24,6.987711829098064,-0.006872310218551725
1996-02-21,1096.85,7.000197714371696,0.012485885273632036
1996-02-22,1117.11,7.018500272286803,0.018302557915107265
1996-02-23,1117.79,7.019108800651369,0.0006085283645660411
1996-02-26,1113.05,7.014859273896338,-0.004249526755031319
1996-02-27,1106.17,7.008658877323003,-0.006200396573334821
1996-02-28,1107.55,7.00990564762707,0.0012467703040668354
1996-02-29,1100.05,7.00311091229889,-0.006794735328179868
1996-03-01,1086.08,6.990330162605806,-0.012780749693083848
1996-03-04,1084.88,6.98922466077969,-0.0011055018261165728
1996-03-05,1096.81,7.000161245639072,0.010936584859382315
1996-03-06,1091.82,6.995601307553207,-0.0045599380858654115
1996-03-07,1093.12,6.996791271720095,0.0011899641668886574
1996-03-08,1063.73,6.96953687830073,-0.02725439341936564
1996-03-11,1080.5,6.985179175946941,0.01564229764621139
1996-03-12,1073.05,6.97826033986749,-0.006918836079450763
1996-03-13,1088.64,6.992684489767442,0.014424149899951999
1996-03-14,1091.07,6.994914145094711,0.002229655327268709
1996-03-15,1099.59,7.00269266203366,0.007778516938948599
1996-03-18,1114.42,7.016089369181796,0.013396707148136677
1996-03-19,1112.5,7.014365014040395,-0.0017243551414010128
1996-03-20,1101.82,7.004718636988589,-0.009646377051805821
1996-03-21,1099.79,7.002874531470093,-0.0018441055184963417
1996-03-22,1102.22,7.005081606811634,0.002207075341541298
1996-03-25,1087.09,6.991259680381885,-0.013821926429748999
1996-03-26,1088.35,6.992418066860846,0.0011583864789610487
1996-03-27,1093.88,6.997486287751731,0.005068220890884767
1996-03-28,1094.83,6.998354379056343,0.000868091304611518
1996-03-29,1101.4,7.004337376828381,0.005982997772038701
1996-04-01,1106.57,7.009020420029653,0.004683043201271886
1996-04-02,1111.29,7.0132767816808546,0.004256361651201246
1996-04-03,1115.85,7.01737172530546,0.004094943624605385
1996-04-04,1118.21,7.0194844714965745,0.0021127461911145673
1996-04-08,1105.66,7.008197720715995,-0.011286750780579169
1996-04-09,1109.15,7.0113492351922435,0.003151514476248174
1996-04-10,1105.28,7.007853975518259,-0.003495259673984563
1996-04-11,1097.14,7.000462072916347,-0.007391902601911582
1996-04-12,1100.94,7.003919639324917,0.0034575664085698676
1996-04-15,1110.44,7.01251161215848,0.008591972833563055
1996-04-16,1124.92,7.025467200998895,0.012955588840414478
1996-04-17,1120.87,7.021860448461548,-0.003606752537346658
1996-04-18,1136.3,7.035532648923963,0.01367220046241524
1996-04-19,1138.7,7.037642539816559,0.0021098908925960558
1996-04-22,1153.5,7.050556077613808,0.012913537797248686
1996-04-23,1166.76,7.061985955609566,0.011429877995757565
1996-04-24,1176.83,7.070579661824289,0.00859370621472344
1996-04-25,1184.17,7.076797386218256,0.006217724393966506
1996-04-26,1186.89,7.079091719717336,0.002294333499080814
1996-04-29,1188.2,7.080194835921641,0.0011031162043044773
1996-04-30,1190.52,7.082145465449812,0.001950629528170822
1996-05-01,1199.66,7.089793462296286,0.007647996846474214
1996-05-02,1178.33,7.071853460804248,-0.017940001492037894
1996-05-03,1184.6,7.077160443842865,0.005306983038616764
1996-05-06,1186.31,7.078602928202463,0.0014424843595985948
1996-05-07,1182.67,7.075529873246678,-0.0030730549557853593
1996-05-08,1183.43,7.076172280605739,0.0006424073590611812
1996-05-09,1187.82,7.079874973291495,0.0037026926857555154
1996-05-10,1202.76,7.092374194824775,0.012499221533280647
1996-05-13,1221.87,7.1081377510937465,0.01576355626897108
1996-05-14,1234.49,7.118413208306901,0.010275457213154482
1996-05-15,1233.56,7.117659576861819,-0.0007536314450815595
1996-05-16,1239.31,7.1223100521095235,0.004650475247704122
1996-05-17,1241.88,7.124381639468082,0.002071587358558169
1996-05-20,1248.11,7.129385686070822,0.005004046602739898
1996-05-21,1244.42,7.1264248368969,-0.002960849173921254
1996-05-22,1247.38,7.12880063061412,0.002375793717219743
1996-05-23,1248.65,7.129818246676103,0.0010176160619828067
1996-05-24,1247.8,7.129137279676686,-0.0006809669994165546
1996-05-28,1236.3,7.119878327012882,-0.00925895266380472
1996-05-29,1225.63,7.111210276493539,-0.008668050519342607
1996-05-30,1233.48,7.117594721812831,0.006384445319292276
1996-05-31,1243.43,7.12562896893681,0.008034247123978489
1996-06-03,1238.73,7.121841940206091,-0.003787028730719122
1996-06-04,1243.68,7.12583000548191,0.003988065275819075
1996-06-05,1249.15,7.130218598991482,0.004388593509572658
1996-06-06,1232.52,7.116816132965713,-0.013402466025769222
1996-06-07,1229.76,7.114574307376479,-0.0022418255892340255
1996-06-10,1230.04,7.114801968162892,0.00022766078641289766
1996-06-11,1230.76,7.1153871437322564,0.0005851755693644378
1996-06-12,1235.47,7.11920674346652,0.003819599734263157
1996-06-13,1225.65,7.111226594498826,-0.007980148967693168
1996-06-14,1213.18,7.101000290350483,-0.010226304148343246
1996-06-17,1207.64,7.096423320834956,-0.004576969515527551
1996-06-18,1183.08,7.07587648637495,-0.020546834460005492
1996-06-19,1179.27,7.072650881952713,-0.0032256044222371827
1996-06-20,1167.34,7.062482935183652,-0.01016794676906052
1996-06-21,1175.44,7.069397824567691,0.006914889384038503
1996-06-24,1182.9,7.075724329551691,0.006326504984000003
1996-06-25,1172.58,7.066961728270041,-0.008762601281650184
1996-06-26,1153.29,7.05037400642347,-0.016587721846570425
1996-06-27,1166.01,7.061342943202992,0.010968936779521599
1996-06-28,1185.02,7.077514931063937,0.01617198786094498
1996-07-01,1197.45,7.087949574759918,0.010434643695981016
1996-07-02,1191.15,7.0826745060093295,-0.005275068750588474
1996-07-03,1181.6,7.07462473121717,-0.00804977479215907
1996-07-05,1158.35,7.054751857716478,-0.019872873500692556
1996-07-08,1148.82,7.046490607613169,-0.008261250103308804
1996-07-09,1153.59,7.050634097977163,0.0041434903639938625
1996-07-10,1141.19,7.039826856595028,-0.010807241382134514
1996-07-11,1106.36,7.008830626407053,-0.03099623018797537
1996-07-12,1103.49,7.006233163580515,-0.002597462826537722
1996-07-15,1060.19,6.966203416326615,-0.04002974725390018
1996-07-16,1053.47,6.959844756331899,-0.006358659994716298
1996-07-17,1086.65,6.990854848151711,0.031010091819812402
1996-07-18,1109.82,7.011953118994513,0.021098270842801803
1996-07-19,1097.68,7.00095414061292,-0.01099897838159336
1996-07-22,1081.39,6.986002529633094,-0.01495161097982578
1996-07-23,1049.07,6.955659336389192,-0.030343193243902
1996-07-24,1042.37,6.949252245657427,-0.0064070907317645975
1996-07-25,1062.39,6.9682763660272675,0.019024120369840247
1996-07-26,1079.44,6.984197667122532,0.015921301095264795
1996-07-29,1066.47,6.972109408120549,-0.012088259001983737
1996-07-30,1071.95,6.97723469875194,0.005125290631391444
1996-07-31,1080.59,6.985262467249063,0.008027768497123056
1996-08-01,1098.85,7.00201945737222,0.01675699012315679
1996-08-02,1124.92,7.025467200998895,0.0234477436266749
1996-08-05,1120.53,7.021557066644284,-0.003910134354610406
1996-08-06,1128.87,7.028972411372803,0.007415344728518569
1996-08-07,1141.11,7.039756751876076,0.010784340503272816
1996-08-08,1137.51,7.0365969419952545,-0.003159809880821207
1996-08-09,1137.27,7.036385932578176,-0.00021100941707885568
1996-08-12,1138.27,7.0372648448929445,0.0008789123147687761
1996-08-13,1126.15,7.026560014747387,-0.010704830145557231
1996-08-14,1133.51,7.033074292140693,0.00651427739330579
1996-08-15,1134.69,7.034114764856021,0.0010404727153279225
1996-08-16,1133.65,7.033197794672652,-0.0009169701833693367
1996-08-19,1130.91,7.030777897352998,-0.002419897319653863
1996-08-20,1124.67,7.02524493827455,-0.005532959078447419
1996-08-21,1126.84,7.027172534129695,0.0019275958551450145
1996-08-22,1143.96,7.042251206293487,0.015078672163792106
1996-08-23,1143.05,7.0414554073699795,-0.0007957989235078955
1996-08-26,1139.22,7.0380990966833785,-0.0033563106866010273
1996-08-27,1149.02,7.046664684137649,0.008565587454270052
1996-08-28,1153.88,7.05088545552593,0.0042207713882813636
1996-08-29,1145.03,7.0431861165184655,-0.007699339007464445
1996-08-30,1141.5,7.04009846596985,-0.0030876505486157058
1996-09-03,1142.29,7.040790298433877,0.0006918324640272644
1996-09-04,1143.82,7.042128816902746,0.001338518468869232
1996-09-05,1125.66,7.026124809283575,-0.016004007619171645
1996-09-06,1139.39,7.03824831045872,0.012123501175145712
1996-09-09,1148.71,7.046394852606632,0.00814654214791144
1996-09-10,1149.43,7.04702144630724,0.0006265937006082467
1996-09-11,1153.95,7.050946118573053,0.003924672265813278
1996-09-12,1165.81,7.061171403375313,0.01022528480225926
1996-09-13,1188.67,7.080590314013523,0.019418910638210107
1996-09-16,1193.96,7.0850307925538605,0.0044404785403378
1996-09-17,1203.31,7.092831371889099,0.007800579335238922
1996-09-18,1205.71,7.0948238840260025,0.001992512136903102
1996-09-19,1212.09,7.100101421298056,0.005277537272053934
1996-09-20,1219.69,7.106352007078188,0.006250585780131601
1996-09-23,1211.47,7.099589777259101,-0.006762229819087473
1996-09-24,1215.27,7.102721553309171,0.0031317760500702008
1996-09-25,1224.66,7.110418533434006,0.007696980124835662
1996-09-26,1227.98,7.113125821929508,0.002707288495501281
1996-09-27,1230.05,7.114810097946762,0.0016842760172544047
1996-09-30,1226.92,7.112262242911319,-0.0025478550354431917
1996-10-01,1221.51,7.107843077320036,-0.004419165591283303
1996-10-02,1236.11,7.119724630821413,0.011881553501376985
1996-10-03,1233.09,7.117278493201237,-0.002446137620175648
1996-10-04,1247.56,7.128944922661474,0.011666429460237104
1996-10-07,1250.87,7.131594588200673,0.0026496655391987645
1996-10-08,1240.15,7.122987619025011,-0.008606969175661838
1996-10-09,1237.98,7.1212362980251935,-0.0017513209998174517
1996-10-10,1236.97,7.120420119875278,-0.0008161781499156362
1996-10-11,1248.27,7.1295138716837645,0.009093751808486594
1996-10-14,1256.36,7.135973930163096,0.006460058479331288
1996-10-15,1258.1,7.137357925357085,0.0013839951939891293
1996-10-16,1250.99,7.131690516829846,-0.005667408527238571
1996-10-17,1241.96,7.124446055855633,-0.007244460974213496
1996-10-18,1242.48,7.124864661261755,0.0004186054061223743
1996-10-21,1236.41,7.119967298222665,-0.0048973630390900524
1996-10-22,1220.0,7.106606137727303,-0.013361160495362512
1996-10-23,1227.88,7.1130443840624835,0.006438246335180864
1996-10-24,1227.0,7.112327444710911,-0.0007169393515722433
1996-10-25,1222.6,7.108735017594625,-0.0035924271162866006
1996-10-28,1215.89,7.103231597907996,-0.005503419686628597
1996-10-29,1203.05,7.092615277870738,-0.010616320037257765
1996-10-30,1206.23,7.09525507220486,0.002639794334121426
1996-10-31,1221.51,7.107843077320036,0.012588005115175882
1996-11-01,1221.78,7.108064090790479,0.00022101347044323205
1996-11-04,1220.48,7.106999502971999,-0.0010645878184796231
1996-11-05,1229.07,7.114013064819562,0.007013561847562855
1996-11-06,1245.49,7.127284305765949,0.013271240946386875
1996-11-07,1254.14,7.1342053577045,0.006921051938551415
1996-11-08,1257.51,7.136888854228557,0.00268349652405675
1996-11-11,1262.67,7.140983805549897,0.00409495132134019
1996-11-12,1256.53,7.136109232544226,-0.004874573005671401
1996-11-13,1260.72,7.1394382653138155,0.003329032769589624
1996-11-14,1270.36,7.147055603851077,0.007617338537261098
1996-11-15,1261.8,7.140294551936709,-0.006761051914367933
1996-11-18,1254.57,7.13454816337292,-0.005746388563788507
1996-11-19,1262.62,7.140944206137547,0.006396042764627019
1996-11-20,1264.94,7.142779969206703,0.0018357630691561155
1996-11-21,1258.08,7.137342028243205,-0.0054379409634979226
1996-11-22,1274.36,7.1501993707837235,0.012857342540518069
1996-11-25,1280.37,7.154904377643148,0.004705006859424543
1996-11-26,1281.2,7.155552417735003,0.000648040091855151
1996-11-27,1287.32,7.160317816938903,0.004765399203900067
1996-11-29,1292.61,7.16441870914422,0.004100892205316953
1996-12-02,1299.82,7.169981072324482,0.005562363180262153
1996-12-03,1300.37,7.170404118338968,0.0004230460144860615
1996-12-04,1297.02,7.1678246043980165,-0.0025795139409519052
1996-12-05,1300.12,7.170211846881843,0.0023872424838264905
1996-12-06,1287.68,7.160597428591211,-0.009614418290632365
1996-12-09,1316.27,7.182557258014609,0.021959829423398247
1996-12-10,1312.55,7.179727088978269,-0.0028301690363399246
1996-12-11,1309.12,7.177110434741033,-0.0026166542372356716
1996-12-12,1298.33,7.168834102239348,-0.008276332501685246
1996-12-13,1284.91,7.158443955965975,-0.010390146273373091
1996-12-16,1260.98,7.13964447541091,-0.01879948055506464
1996-12-17,1266.32,7.143870335377483,0.004225859966572543
1996-12-18,1285.38,7.158809673457183,0.01493933807970027
1996-12-19,1295.86,7.1669298463857745,0.008120172928591352
1996-12-20,1288.56,7.161280594782424,-0.0056492516033506135
1996-12-23,1279.52,7.15424028658358,-0.0070403081988441585
1996-12-24,1287.63,7.160558598314462,0.0063183117308822645
1996-12-26,1294.57,7.165933872662002,0.005375274347540149
1996-12-27,1291.38,7.163466693004143,-0.002467179657859475
1996-12-30,1287.75,7.160651788445694,-0.002814904558448461
1996-12-31,1291.03,7.163195628376804,0.002543839931109737
1997-01-02,1280.7,7.155162082432026,-0.008033545944777565
1997-01-03,1310.68,7.178301365487183,0.023139283055156668
1997-01-06,1316.4,7.182656017069185,0.004354651582001878
1997-01-07,1327.73,7.191225996112426,0.00856997904324075
1997-01-08,1320.35,7.185652131949118,-0.005573864163308073
1997-01-09,1326.2,7.190072988934768,0.00442085698565009
1997-01-10,1332.02,7.194451866002625,0.004378877067857445
1997-01-13,1330.91,7.193618197776808,-0.0008336682258169859
1997-01-14,1346.36,7.205159933582041,0.011541735805232989
1997-01-15,1333.53,7.1955848405568625,-0.00957509302517856
1997-01-16,1340.58,7.2008576351194495,0.005272794562587002
1997-01-17,1349.05,7.207155920013101,0.006298284893651029
1997-01-20,1364.28,7.218382095929016,0.011226175915915348
1997-01-21,1376.97,7.227640711998951,0.009258616069935499
1997-01-22,1388.06,7.2356623677981675,0.008021655799216099
1997-01-23,1378.37,7.228656920612392,-0.007005447185775893
1997-01-24,1363.83,7.218052197204931,-0.010604723407460881
1997-01-27,1352.81,7.2099391896327445,-0.008113007572186248
1997-01-28,1354.37,7.211091680544077,0.0011524909113322934
1997-01-29,1355.17,7.211682186698809,0.0005905061547322177
1997-01-30,1371.02,7.223310267347962,0.011628080649153105
1997-01-31,1379.85,7.2297300765912755,0.0064198092433134235
1997-02-03,1376.05,7.2269723550424105,-0.0027577215488649998
1997-02-04,1373.75,7.225299505717831,-0.0016728493245796727
1997-02-05,1348.44,7.206703647707811,-0.01859585801001984
1997-02-06,1346.4,7.205189642876596,-0.001514004831214777
1997-02-07,1357.71,7.213554735976475,0.008365093099878429
1997-02-10,1335.34,7.1969412200564244,-0.016613515920050226
1997-02-11,1331.51,7.194068915552484,-0.0028723045039402706
1997-02-12,1358.96,7.2144749803110555,0.02040606475857132
1997-02-13,1370.81,7.2231570849840585,0.00868210467300301
1997-02-14,1367.19,7.22051281755579,-0.0026442674282680656
1997-02-18,1365.79,7.219488294783974,-0.0010245227718161942
1997-02-19,1365.58,7.219334525795947,-0.00015376898802710315
1997-02-20,1347.4,7.205932088526559,-0.013402437269387946
1997-02-21,1334.32,7.196177077768918,-0.00975501075764118
1997-02-24,1345.08,7.204208769821005,0.008031692052086647
1997-02-25,1347.69,7.206147294698613,0.0019385248776080388
1997-02-26,1340.55,7.200835256495511,-0.005312038203101999
1997-02-27,1312.66,7.179810891797902,-0.02102436469760871
1997-02-28,1309.0,7.1770187659099,-0.0027921258880017064
1997-03-03,1311.18,7.178682774110116,0.0016640082002155054
1997-03-04,1317.37,7.183392603820387,0.004709829710271229
1997-03-05,1329.09,7.192249776510637,0.008857172690249548
1997-03-06,1315.43,7.181918887357979,-0.010330889152657896
1997-03-07,1311.8,7.179155518859635,-0.002763368498343688
1997-03-10,1322.72,7.1874455015043655,0.008289982644730465
1997-03-11,1316.76,7.182929452790708,-0.004516048713657739
1997-03-12,1304.13,7.1732914307690905,-0.009638022021617232
1997-03-13,1293.28,7.164936905985535,-0.008354524783555917
1997-03-14,1292.97,7.164697176646542,-0.00023972933899241156
1997-03-17,1279.43,7.154169945232606,-0.010527231413935745
1997-03-18,1269.34,7.1462523593301945,-0.007917585902411872
1997-03-19,1249.29,7.1303306689232375,-0.015921690406957012
1997-03-20,1259.26,7.13827952582909,0.007948856905852786
1997-03-21,1254.07,7.134149541006522,-0.004129984822568211
1997-03-24,1242.64,7.124993427679652,-0.009156113326870496
1997-03-25,1248.06,7.129345624696792,0.004352197017140291
1997-03-26,1269.08,7.146047507492509,0.016701882795716827
1997-03-27,1249.51,7.130506753444262,-0.015540754048246619
1997-03-31,1221.7,7.107998610410014,-0.022508143034247752
1997-04-01,1216.93,7.1040865728451905,-0.003912037564823834
1997-04-02,1201.0,7.0909098220799835,-0.013176750765206968
1997-04-03,1213.76,7.101478258500534,0.010568436420550498
1997-04-04,1236.73,7.120226078560039,0.018747820059505038
1997-04-07,1251.35,7.131978247515911,0.011752168955871944
1997-04-08,1257.37,7.136777516908173,0.004799269392261607
1997-04-09,1249.43,7.13044272629673,-0.00633479061144282
1997-04-10,1235.77,7.119449536559439,-0.010993189737290798
1997-04-11,1206.9,7.095810367623852,-0.023639168935586596
1997-04-14,1216.41,7.103659176749359,0.007848809125506229
1997-04-15,1212.88,7.100752975773326,-0.002906200976032558
1997-04-16,1210.27,7.098598754194517,-0.002154221578809512
1997-04-17,1217.07,7.104201609821488,0.0056028556269716034
1997-04-18,1222.57,7.108710479423453,0.00450886960196506
1997-04-21,1203.95,7.093363096767242,-0.01534738265621094
1997-04-22,1212.74,7.1006375413687985,0.00727444460155624
1997-04-23,1227.14,7.11244153763157,0.011803996262771399
1997-04-24,1228.1,7.113223538616339,0.0007820009847687714
1997-04-25,1209.29,7.0977886895103675,-0.01543484910597126
1997-04-28,1217.03,7.104168743464309,0.006380053953941811
1997-04-29,1242.63,7.12498538026428,0.020816636799970922
1997-04-30,1260.76,7.139469992712013,0.014484612447732914
1997-05-01,1270.5,7.1471658027602185,0.007695810048205409
1997-05-02,1305.33,7.174211161352882,0.027045358592663327
1997-05-05,1339.24,7.19985756786741,0.025646406514527875
1997-05-06,1328.3,7.1916552081384575,-0.008202359728952224
1997-05-07,1322.91,7.187589134590116,-0.004066073548341542
1997-05-08,1330.83,7.193558086721615,0.005968952131499172
1997-05-09,1335.05,7.196724023316517,0.0031659365949021634
1997-05-12,1344.19,7.203546880139052,0.006822856822534362
1997-05-13,1333.59,7.19562983290817,-0.00791704723088138
1997-05-14,1335.55,7.19709847101055,0.001468638102379849
1997-05-15,1353.58,7.210508213329089,0.013409742318539308
1997-05-16,1340.73,7.200969520727721,-0.009538692601368304
1997-05-19,1341.24,7.2013498381855205,0.0003803174577994284
1997-05-20,1363.88,7.2180888579936555,0.01673901980813497
1997-05-21,1373.75,7.225299505717831,0.007210647724175345
1997-05-22,1372.6,7.224462030474534,-0.0008374752432969146
1997-05-23,1389.72,7.236857566984287,0.01239553650975278
1997-05-27,1409.21,7.250784542666713,0.013926975682426068
1997-05-28,1410.18,7.251472634798892,0.0006880921321794631
1997-05-29,1403.04,7.246396590031045,-0.0050760447678470655
1997-05-30,1400.32,7.2444560609134525,-0.001940529117592682
1997-06-02,1404.79,7.24764310440449,0.003187043491037933
1997-06-03,1384.91,7.233390434560562,-0.0142526698439287
1997-06-04,1379.67,7.2295996191202265,-0.0037908154403352157
1997-06-05,1390.05,7.23709499670081,0.007495377580583273
1997-06-06,1404.84,7.247678696279581,0.010583699578771366
1997-06-09,1412.04,7.2527907462638375,0.005112049984256295
1997-06-10,1401.69,7.245433930449371,-0.007356815814466344
1997-06-11,1407.85,7.24981899695192,0.00438506650254844
1997-06-12,1411.32,7.2522807156509455,0.0024617186990258944
1997-06-13,1423.03,7.260543680088286,0.00826296443734087
1997-06-16,1431.95,7.266792430709889,0.006248750621602461
1997-06-17,1443.11,7.274555785944736,0.007763355234847502
1997-06-18,1432.43,7.2671275817753855,-0.0074282041693507495
1997-06-19,1447.14,7.277344473851804,0.010216892076418738
1997-06-20,1447.1,7.277316832743947,-2.7641107857689917e-05
1997-06-23,1434.32,7.268446148287172,-0.008870684456774747
1997-06-24,1452.43,7.2809932947936735,0.012547146506501683
1997-06-25,1446.24,7.276722364050101,-0.004270930743572876
1997-06-26,1436.38,7.269881338556858,-0.006841025493242725
1997-06-27,1438.15,7.271112844384732,0.0012315058278744573
1997-06-30,1442.07,7.273834860356008,0.0027220159712753045
1997-07-01,1438.25,7.271182375743403,-0.0026524846126045887
1997-07-02,1455.61,7.283180335733642,0.011997959990239337
1997-07-03,1467.61,7.291390506303648,0.008210170570005282
1997-07-07,1470.74,7.293520954469368,0.002130448165720722
1997-07-08,1485.1,7.3032373890369,0.009716434567531351
1997-07-09,1486.63,7.304267092364716,0.001029703327816378
1997-07-10,1490.93,7.307155365305823,0.0028882729411066066
1997-07-11,1502.62,7.314965530108692,0.007810164802869224
1997-07-14,1523.88,7.3290149929889425,0.014049462880250552
1997-07-15,1542.11,7.340906887506356,0.011891894517413348
1997-07-16,1580.63,7.3655787807248805,0.024671893218524588
1997-07-17,1568.85,7.358098145868387,-0.007480634856493751
1997-07-18,1547.99,7.3447125941804865,-0.013385551687900232
1997-07-21,1536.23,7.337086642081099,-0.007625952099387767
1997-07-22,1563.86,7.354912403032137,0.017825760951038383
1997-07-23,1567.65,7.3573329617086225,0.002420558676485385
1997-07-24,1569.13,7.358276604622581,0.0009436429139588753
1997-07-25,1569.58,7.358563346630019,0.0002867420074377236
1997-07-28,1563.53,7.354701364433673,-0.0038619821963461476
1997-07-29,1572.32,7.360307514614116,0.005606150180443414
1997-07-30,1588.05,7.370262127457498,0.009954612843381838
1997-07-31,1593.81,7.373882655256927,0.0036205277994287854
1997-08-01,1594.33,7.374208864271971,0.00032620901504376576
1997-08-04,1605.45,7.381159370098494,0.0069505058265235675
1997-08-05,1621.53,7.3911254269638285,0.009966056865334139
1997-08-06,1630.44,7.3966051960242325,0.005479769060404038
1997-08-07,1624.18,7.392758352018032,-0.0038468440062002784
1997-08-08,1598.52,7.3768334801513715,-0.015924871866660695
1997-08-11,1586.74,7.369436875976709,-0.007396604174662258
1997-08-12,1576.24,7.362797543087712,-0.006639332888997096
1997-08-13,1583.4,7.367329712737334,0.004532169649621665
1997-08-14,1586.69,7.369405364331579,0.0020756515942448317
1997-08-15,1562.03,7.353741536361162,-0.015663827970416655
1997-08-18,1569.52,7.358525119112573,0.0047835827514113305
1997-08-19,1600.71,7.378202559799958,0.019677440687384973
1997-08-20,1628.7,7.395537429579515,0.017334869779556783
1997-08-21,1607.36,7.3823483605616795,-0.013189069017835564
1997-08-22,1598.69,7.376939822869029,-0.0054085376926504836
1997-08-25,1601.57,7.378739677116792,0.0017998542477632995
1997-08-26,1591.3,7.372306571216138,-0.006433105900653935
1997-08-27,1595.54,7.37496751591485,0.002660944698711809
1997-08-28,1581.32,7.3660152202707,-0.008952295644149899
1997-08-29,1587.32,7.369802338511416,0.00378711824071587
1997-09-02,1618.09,7.389001720298908,0.01919938178749181
1997-09-03,1618.24,7.389094417891618,9.269759271024469e-05
1997-09-04,1624.63,7.3930353765303165,0.003940958638698255
1997-09-05,1635.77,7.399868920482376,0.006833543952059706
1997-09-08,1645.35,7.405708406525453,0.005839486043076825
1997-09-09,1656.22,7.412293176362939,0.006584769837486348
1997-09-10,1639.25,7.401994099143729,-0.010299077219210417
1997-09-11,1639.86,7.402366151320714,0.0003720521769849938
1997-09-12,1649.33,7.408124423823633,0.0057582725029190485
1997-09-15,1634.92,7.39934915247065,-0.008775271352982728
1997-09-16,1668.6,7.4197402304679745,0.020391077997324203
1997-09-17,1666.47,7.41846289578558,-0.0012773346823946596
1997-09-18,1670.02,7.4205908813869925,0.0021279856014126963
1997-09-19,1680.36,7.426763335155686,0.006172453768693131
1997-09-22,1689.45,7.432158311161815,0.0053949760061291485
1997-09-23,1697.36,7.436829381804861,0.004671070643046171
1997-09-24,1687.41,7.430950087991079,-0.0058792938137823825
1997-09-25,1678.89,7.425888139743716,-0.005061948247362835
1997-09-26,1682.24,7.427881517631083,0.001993377887367309
1997-09-29,1694.98,7.435426220334907,0.007544702703824235
1997-09-30,1685.69,7.429930254515003,-0.005495965819903859
1997-10-01,1690.3,7.432661306956132,0.0027310524411285897
1997-10-02,1702.41,7.439800173190223,0.00713886623409099
1997-10-03,1715.87,7.4476755196024,0.007875346412176576
1997-10-06,1721.91,7.4511894188134615,0.0035138992110619327
1997-10-07,1737.27,7.460070194576003,0.00888077576254176
1997-10-08,1741.77,7.462657116548479,0.0025869219724761194
1997-10-09,1745.85,7.464996822056095,0.0023397055076159745
1997-10-10,1739.03,7.461082765499328,-0.0039140565567672425
1997-10-13,1742.12,7.462858041377436,0.0017752758781082179
1997-10-14,1732.79,7.45748810522361,-0.005369936153826416
1997-10-15,1723.37,7.452036955203766,-0.005451150019843531
1997-10-16,1699.66,7.4381835100416405,-0.013853445162125944
1997-10-17,1666.85,7.418690896698571,-0.019492613343069287
1997-10-20,1685.45,7.42978786944621,0.0110969727476391
1997-10-21,1712.54,7.445732927527828,0.015945058081618058
1997-10-22,1708.08,7.443125211659125,-0.002607715868703231
1997-10-23,1671.25,7.421327128416153,-0.021798083242972055
1997-10-24,1650.92,7.409087987264597,-0.012239141151556332
1997-10-27,1535.09,7.336344290224337,-0.07274369704025929
1997-10-28,1603.02,7.379644629138084,0.043300338913746295
1997-10-29,1602.75,7.379476182867367,-0.0001684462707167711
1997-10-30,1570.41,7.359092010746358,-0.02038417212100896
1997-10-31,1593.61,7.373757161911047,0.014665151164688695
1997-11-03,1629.98,7.396323023786882,0.02256586187583487
1997-11-04,1631.15,7.397040566509925,0.0007175427230432518
1997-11-05,1637.33,7.4008221453261775,0.0037815788162527397
1997-11-06,1623.44,7.392302633668713,-0.008519511657464562
1997-11-07,1602.4,7.3792577843516085,-0.013044849317104479
1997-11-10,1590.72,7.371942022906308,-0.0073157614453007724
1997-11-11,1584.86,7.368251354334517,-0.0036906685717905674
1997-11-12,1541.72,7.3406539552746315,-0.027597399059885674
1997-11-13,1559.25,7.351960215406232,0.011306260131600077
1997-11-14,1583.51,7.367399181083478,0.01543896567724623
1997-11-17,1614.11,7.3865390001630535,0.019139819079575737
1997-11-18,1600.44,7.378033870422303,-0.008505129740750128
1997-11-19,1601.22,7.378521117672437,0.0004872472501338265
1997-11-20,1626.56,7.394222634258537,0.015701516586100084
1997-11-21,1620.75,7.390644284055105,-0.0035783502034325565
1997-11-24,1586.99,7.369594419309329,-0.02104986474577597
1997-11-25,1589.04,7.3708853392847,0.0012909199753714518
1997-11-26,1594.5,7.374315486450112,0.003430147165412123
1997-11-28,1600.55,7.378102599159377,0.003787112709265017
1997-12-01,1630.72,7.396776914063635,0.018674314904257194
1997-12-02,1606.37,7.38173225402422,-0.015044660039414737
1997-12-03,1615.13,7.387170727773217,0.005438473748997197
1997-12-04,1613.42,7.386111428608018,-0.0010592991651989792
1997-12-05,1633.9,7.398725074036778,0.0126136454287602
1997-12-08,1651.54,7.409463464943227,0.010738390906448458
1997-12-09,1620.55,7.39052087678009,-0.018942588163136875
1997-12-10,1596.61,7.3756379105016165,-0.014882966278473297
1997-12-11,1558.54,7.351504764582236,-0.02413314591938054
1997-12-12,1536.58,7.337314446599772,-0.014190317982463618
1997-12-15,1536.56,7.337301430596597,-1.3016003175714275e-05
1997-12-16,1553.0,7.347943823148687,0.010642392552090207
1997-12-17,1547.37,7.344311994567975,-0.003631828580711982
1997-12-18,1523.19,7.3285620988895,-0.015749895678474957
1997-12-19,1524.74,7.329579182702854,0.0010170838133536364
1997-12-22,1532.06,7.334368514024489,0.004789331321635615
1997-12-23,1509.91,7.319805325383655,-0.01456318864083439
1997-12-24,1499.53,7.312907004657823,-0.0068983207258321855
1997-12-26,1511.38,7.320778419734741,0.007871415076918353
1997-12-29,1537.45,7.337880478826673,0.017102059091931743
1997-12-30,1565.03,7.355660272119597,0.017779793292924673
1997-12-31,1570.35,7.359053803433474,0.00339353131387643
1998-01-02,1581.53,7.3661480118987,0.007094208465225904
1998-01-05,1594.12,7.374077138825247,0.007929126926547347
1998-01-06,1580.14,7.365268729690528,-0.008808409134719142
1998-01-07,1561.7,7.3535302504938,-0.01173847919672788
1998-01-08,1555.54,7.349578031211176,-0.003952219282624014
1998-01-09,1503.22,7.315364752960186,-0.03421327825098963
1998-01-12,1507.58,7.318260995186651,0.0028962422264644516
1998-01-13,1541.63,7.3405955772117935,0.022334582025142602
1998-01-14,1548.76,7.345209889742523,0.004614312530729414
1998-01-15,1547.06,7.344111634565625,-0.0010982551768980997
1998-01-16,1562.88,7.354285552042231,0.010173917476605787
1998-01-20,1590.14,7.371577341652541,0.017291789610310637
1998-01-21,1587.92,7.370180262704322,-0.001397078948219388
1998-01-22,1576.51,7.362968822130237,-0.007211440574084627
1998-01-23,1575.93,7.362600853187739,-0.00036796894249846446
1998-01-26,1561.46,7.353376560000536,-0.009224293187203081
1998-01-27,1578.9,7.364483681027843,0.011107121027307265
1998-01-28,1610.82,7.384498645090932,0.02001496406308867
1998-01-29,1619.49,7.389866563847028,0.005367918756096657
1998-01-30,1619.36,7.389786288440591,-8.027540643684716e-05
1998-02-02,1652.89,7.4102805499322315,0.02049426149164013
1998-02-03,1666.34,7.418384883537618,0.008104333605386316
1998-02-04,1680.44,7.426810942868144,0.008426059330526314
1998-02-05,1676.9,7.424702129753064,-0.0021088131150799327
1998-02-06,1694.35,7.4350544654410164,0.010352335687952241
1998-02-09,1690.43,7.432738213423116,-0.002316252017900311
1998-02-10,1709.04,7.443687088341979,0.01094887491886265
1998-02-11,1708.55,7.443400336564641,-0.0002867517773381678
1998-02-12,1714.34,7.446783445880112,0.0033831093154716996
1998-02-13,1710.42,7.444494233373605,-0.0022892125065077096
1998-02-17,1703.43,7.440399144387047,-0.004095088986557194
1998-02-18,1715.73,7.447593925010911,0.007194780623863473
1998-02-19,1727.01,7.454146868517871,0.006552943506959785
1998-02-20,1728.13,7.454795178015736,0.0006483094978655402
1998-02-23,1751.76,7.468376275811487,0.013581097795750452
1998-02-24,1738.71,7.460898737940682,-0.007477537870804518
1998-02-25,1766.48,7.476744144912294,0.01584540697161163
1998-02-26,1777.11,7.4827437283209575,0.005999583408663689
1998-02-27,1770.51,7.479022919658007,-0.0037208086629503256
1998-03-02,1758.54,7.47223919831442,-0.006783721343587068
1998-03-03,1757.14,7.4714427662876135,-0.0007964320268065705
1998-03-04,1759.7,7.472898618957716,0.0014558526701025087
1998-03-05,1711.92,7.445370826637893,-0.027527792319823163
1998-03-06,1753.49,7.469363366684017,0.023992540046124056
1998-03-09,1725.16,7.453075078787298,-0.01628828789671921
1998-03-10,1748.51,7.466519275674951,0.013444196887653526
1998-03-11,1756.85,7.471277711748097,0.004758436073145411
1998-03-12,1764.06,7.475373249593729,0.004095537845632435
1998-03-13,1771.66,7.47967223916577,0.004298989572040668
1998-03-16,1788.18,7.4889536218074,0.009281382641630032
1998-03-17,1779.3,7.48397530751279,-0.004978314294609376
1998-03-18,1788.28,7.4890095430256025,0.005034235512812124
1998-03-19,1799.98,7.495530832711416,0.006521289685813336
1998-03-20,1789.16,7.489501514948401,-0.006029317763014852
1998-03-23,1792.51,7.491372151258772,0.0018706363103708767
1998-03-24,1812.44,7.502429282732622,0.011057131473850568
1998-03-25,1824.51,7.509066736815168,0.0066374540825453465
1998-03-26,1828.54,7.511273113204688,0.0022063763895205923
1998-03-27,1823.62,7.50857881559654,-0.0026942976081487657
1998-03-30,1818.7,7.505877239132972,-0.002701576463567612
1998-03-31,1835.68,7.515170264050833,0.009293024917861104
1998-04-01,1847.66,7.521675252590756,0.006504988539923318
1998-04-02,1852.96,7.5245396394360675,0.0028643868453110954
1998-04-03,1855.4,7.525855585219171,0.001315945783103345
1998-04-06,1829.14,7.5116011900213495,-0.014254395197821346
1998-04-07,1798.71,7.494825020289272,-0.016776169732077406
1998-04-08,1807.01,7.499428824611226,0.004603804321954286
1998-04-09,1820.24,7.506723639508872,0.007294814897645274
1998-04-13,1824.95,7.509307868381006,0.0025842288721342754
1998-04-14,1843.03,7.519166235345263,0.009858366964256682
1998-04-15,1863.26,7.530082920713723,0.010916685368460577
1998-04-16,1858.24,7.527385082183685,-0.0026978385300377994
1998-04-17,1866.6,7.531873873131646,0.00448879094796073
1998-04-20,1887.14,7.54281773445537,0.010943861323723603
1998-04-21,1903.87,7.551643935709384,0.008826201254014343
1998-04-22,1917.61,7.558834897958476,0.007190962249091548
1998-04-23,1881.39,7.53976614433291,-0.01906875362556537
1998-04-24,1868.96,7.533137405407386,-0.006628738925524402
1998-04-27,1820.31,7.506762095236719,-0.026375310170666744
1998-04-28,1831.77,7.513037991501007,0.00627589626428815
1998-04-29,1851.64,7.523827011861775,0.01078902036076812
1998-04-30,1868.41,7.532843080786613,0.009016068924837306
1998-05-01,1873.44,7.535531592100415,0.002688511313801989
1998-05-04,1878.86,7.538420488920757,0.0028888968203419907
1998-05-05,1864.91,7.530968073540837,-0.007452415379919586
1998-05-06,1856.68,7.526545225555981,-0.004422847984856482
1998-05-07,1835.14,7.51487605185634,-0.011669173699640822
1998-05-08,1864.37,7.5306784734015215,0.015802421545181744
1998-05-11,1848.07,7.521897130272125,-0.008781343129396824
1998-05-12,1860.16,7.528417784512985,0.006520654240860679
1998-05-13,1866.18,7.531648839777539,0.003231055264553362
1998-05-14,1865.36,7.531209342940738,-0.00043949683680111207
1998-05-15,1846.77,7.521193446186404,-0.010015896754334008
1998-05-18,1831.62,7.512956100138044,-0.008237346048360017
1998-05-19,1845.87,7.520705990047803,0.007749889909759666
1998-05-20,1831.75,7.513027073040074,-0.007678917007729602
1998-05-21,1820.99,7.507135588224337,-0.00589148481573698
1998-05-22,1805.0,7.498315870766981,-0.008819717457355658
1998-05-26,1778.09,7.483295033465434,-0.015020837301547019
1998-05-27,1781.1,7.4849864299447395,0.0016913964793054959
1998-05-28,1794.62,7.492548579346603,0.007562149401863394
1998-05-29,1778.87,7.483733610234643,-0.00881496911195967
1998-06-01,1746.82,7.465552271053532,-0.018181339181110978
1998-06-02,1761.79,7.474085616646418,0.008533345592885766
1998-06-03,1742.31,7.4629670979520775,-0.011118518694340551
1998-06-04,1769.95,7.478706576581305,0.015739478629227754
1998-06-05,1782.92,7.486007748656869,0.007301172075563578
1998-06-08,1787.77,7.488724312112468,0.002716563455599008
1998-06-09,1800.76,7.495964076995758,0.007239764883290256
1998-06-10,1773.25,7.4805693000821964,-0.015394776913561614
1998-06-11,1749.75,7.467228199569649,-0.013341100512547222
1998-06-12,1745.05,7.464538487521159,-0.0026897120484905557
1998-06-15,1715.75,7.447605581788744,-0.016932905732415016
1998-06-16,1753.12,7.469152336657083,0.021546754868339235
1998-06-17,1776.4,7.482344123417947,0.01319178676086441
1998-06-18,1772.7,7.480259087019738,-0.002085036398209006
1998-06-19,1781.29,7.485093099905177,0.004834012885438277
1998-06-22,1805.82,7.498770061235682,0.013676961330505222
1998-06-23,1844.57,7.520001466980759,0.02123140574507687
1998-06-24,1877.76,7.537834856074507,0.017833389093748764
1998-06-25,1863.25,7.530077553761803,-0.007757302312704439
1998-06-26,1869.53,7.533442341359825,0.0033647875980218345
1998-06-29,1891.08,7.54490337342198,0.011461032062155319
1998-06-30,1894.74,7.546836904937084,0.0019335315151041144
1998-07-01,1914.46,7.557190877515485,0.010353972578400317
1998-07-02,1894.0,7.546446273746024,-0.010744603769460959
1998-07-06,1909.47,7.5545809956230645,0.008134721877040896
1998-07-07,1908.11,7.553868502338034,-0.0007124932850306465
1998-07-08,1935.39,7.568064135542929,0.014195633204894698
1998-07-09,1939.82,7.570350464247563,0.0022863287046348546
1998-07-10,1943.04,7.572009035887101,0.0016585716395374206
1998-07-13,1965.53,7.5835172080372155,0.011508172150114682
1998-07-14,1968.41,7.584981389247157,0.0014641812099416285
1998-07-15,1994.54,7.598168726296026,0.013187337048869097
1998-07-16,2000.56,7.6011824203493985,0.0030136940533722623
1998-07-17,2008.76,7.605272895259617,0.004090474910218411
1998-07-20,2014.25,7.6080021966573055,0.002729301397688566
1998-07-21,1979.14,7.590417685899806,-0.017584510757499672
1998-07-22,1969.75,7.585661910125798,-0.0047557757740079865
1998-07-23,1935.22,7.567976294091524,-0.017685616034273544
1998-07-24,1930.99,7.5657881037512,-0.0021881903403242475
1998-07-27,1933.26,7.566962976112518,0.00117487236131808
1998-07-28,1896.53,7.5477811796170755,-0.019181796495442605
1998-07-29,1881.49,7.53981929511105,-0.00796188450602564
1998-07-30,1919.58,7.559861691092556,0.020042395981506367
1998-07-31,1872.39,7.5349709686724955,-0.02489072242006074
1998-08-03,1851.1,7.523535335965639,-0.011435632706856325
1998-08-04,1785.64,7.487532173369775,-0.03600316259586389
1998-08-05,1788.2,7.488964806301218,0.00143263293144269
1998-08-06,1829.51,7.511803450418633,0.022838644117414653
1998-08-07,1846.77,7.521193446186404,0.009389995767770998
1998-08-10,1839.21,7.517091410580776,-0.0041020356056273855
1998-08-11,1792.7,7.491478142260793,-0.025613268319983007
1998-08-12,1825.53,7.509625634814396,0.01814749255360315
1998-08-13,1802.54,7.496952060313711,-0.012673574500685625
1998-08-14,1790.19,7.4900770384531885,-0.006875021860522246
1998-08-17,1818.04,7.5055142766956,0.015437238242411055
1998-08-18,1855.12,7.52570466297618,0.02019038628058034
1998-08-19,1842.69,7.518981739506748,-0.0067229234694314854
1998-08-20,1832.45,7.5134091482589564,-0.005572591247791969
1998-08-21,1797.61,7.494213283828499,-0.019195864430457732
1998-08-24,1790.82,7.490428894497433,-0.0037843893310656185
1998-08-25,1798.17,7.494524760061487,0.0040958655640537245
1998-08-26,1768.13,7.477677769906199,-0.016846990155287678
1998-08-27,1686.41,7.430357288120733,-0.04732048178546577
1998-08-28,1639.68,7.40225637982826,-0.02810090829247347
1998-08-31,1499.25,7.312720262048619,-0.08953611777964099
1998-09-01,1575.09,7.362067692484286,0.049347430435666695
1998-09-02,1592.85,7.373280143517964,0.011212451033678406
1998-09-03,1571.86,7.360014910499033,-0.0132652330189309
1998-09-04,1566.52,7.356611877626417,-0.0034030328726162296
1998-09-08,1660.86,7.415090819486629,0.058478941860212075
1998-09-09,1624.55,7.392986133336639,-0.02210468614998984
1998-09-10,1585.33,7.368547866533119,-0.02443826680351968
1998-09-11,1641.64,7.403451021151327,0.03490315461820792
1998-09-14,1665.69,7.417994730983022,0.014543709831694507
1998-09-15,1678.11,7.425423439109794,0.007428708126772321
1998-09-16,1689.91,7.432430552061182,0.007007112951387562
1998-09-17,1646.25,7.406255253057491,-0.026175299003690533
1998-09-18,1663.77,7.416841390673884,0.010586137616392932
1998-09-21,1680.43,7.426804992028035,0.00996360135415042
1998-09-22,1697.8,7.437088574303868,0.010283582275833147
1998-09-23,1760.27,7.473222485357136,0.03613391105326791
1998-09-24,1720.34,7.4502772246910896,-0.022945260666046075
1998-09-25,1743.59,7.46370148508741,0.013424260396320165
1998-09-28,1739.22,7.461192015840844,-0.0025094692465659207
1998-09-29,1734.05,7.458214991988202,-0.002977023852642091
1998-09-30,1693.84,7.434753419747681,-0.023461572240520923
1998-10-01,1612.33,7.385435616755589,-0.049317802992091764
1998-10-02,1614.98,7.387077851679147,0.0016422349235583056
1998-10-05,1536.69,7.337386031589082,-0.04969182009006534
1998-10-06,1510.89,7.32045416015218,-0.01693187143690178
1998-10-07,1462.61,7.287977789952818,-0.03247637019936178
1998-10-08,1419.12,7.2577922401806845,-0.030185549772133946
1998-10-09,1492.49,7.308201145076807,0.050408904896122486
1998-10-12,1546.08,7.343477974250998,0.03527682917419117
1998-10-13,1509.45,7.319500625047452,-0.02397734920354644
1998-10-14,1540.97,7.340167367252613,0.020666742205161626
1998-10-15,1611.01,7.384616590482352,0.04444922322973888
1998-10-16,1620.95,7.390767676102644,0.006151085620292207
1998-10-19,1648.73,7.407760573556131,0.016992897453486755
1998-10-20,1639.19,7.401957496369234,-0.005803077186897099
1998-10-21,1674.75,7.423419179388377,0.021461683019142974
1998-10-22,1702.64,7.439935266654548,0.016516087266171375
1998-10-23,1693.86,7.434765227168645,-0.005170039485903111
1998-10-26,1724.98,7.452970735195349,0.0182055080267034
1998-10-27,1717.63,7.44870071264399,-0.0042700225513589984
1998-10-28,1737.35,7.460116242776966,0.011415530132976137
1998-10-29,1757.19,7.47147122121359,0.01135497843662403
1998-10-30,1771.39,7.479519828107206,0.008048606893615862
1998-11-02,1800.91,7.496047371689657,0.01652754358245101
1998-11-03,1788.43,7.489093418989875,-0.006953952699781496
1998-11-04,1823.57,7.508551397227876,0.019457978238000884
1998-11-05,1837.1,7.515943520314892,0.007392123087015534
1998-11-06,1856.56,7.5264805919745035,0.010537071659611819
1998-11-09,1861.05,7.52889612355699,0.0024155315824865298
1998-11-10,1865.62,7.531348716510374,0.0024525929533840696
1998-11-11,1862.11,7.529465532354163,-0.0018831841562114704
1998-11-12,1851.06,7.523513726959004,-0.005951805395158161
1998-11-13,1847.99,7.521853840931577,-0.001659886027427504
1998-11-16,1861.68,7.529234584850726,0.007380743919148891
1998-11-17,1878.52,7.5382395117500005,0.009004926899274679
1998-11-18,1897.44,7.548260888216485,0.01002137646648471
1998-11-19,1919.68,7.559913784464729,0.011652896248243394
1998-11-20,1928.21,7.564347390400838,0.004433605936108975
1998-11-23,1977.42,7.589548243703377,0.025200853302539628
1998-11-24,1965.88,7.583695261204362,-0.005852982499015447
1998-11-25,1985.21,7.59347998097644,0.009784719772078176
1998-11-27,2016.44,7.609088859345581,0.015608878369141266
1998-11-30,1949.54,7.5753487262937185,-0.03374013305186274
1998-12-01,2003.75,7.602775703923763,0.027426977630044647
1998-12-02,1995.21,7.598504586942081,-0.004271116981682255
1998-12-03,1954.33,7.577802702683189,-0.020701884258891745
1998-12-04,2003.16,7.602481212655297,0.024678509972107854
1998-12-07,2040.64,7.621018763126907,0.018537550471609876
1998-12-08,2034.75,7.618128240207151,-0.002890522919756222
1998-12-09,2050.42,7.625799929196593,0.007671688989442593
1998-12-10,2015.96,7.6088507877245775,-0.01694914147201576
1998-12-11,2029.31,7.6154511127784,0.0066003250538226865
1998-12-14,1966.92,7.5842241464892695,-0.031226966289130687
1998-12-15,2012.6,7.6071826974992325,0.022958551009963024
1998-12-16,2009.36,7.6055715423903445,-0.001611155108887985
1998-12-17,2043.88,7.622605241185316,0.01703369879497174
1998-12-18,2086.14,7.643070747402628,0.020465506217311358
1998-12-21,2138.03,7.667640123291972,0.02456937588934416
1998-12-22,2120.98,7.6596335250058445,-0.008006598286127264
1998-12-23,2172.54,7.683652268937828,0.024018743931983444
1998-12-24,2163.03,7.679265295482397,-0.0043869734554311535
1998-12-28,2180.3,7.6872177609940024,0.007952465511605666
1998-12-29,2181.77,7.687891752954538,0.000673991960535858
1998-12-30,2166.95,7.6810759278968375,-0.006815825057700842
1998-12-31,2192.69,7.692884379556652,0.0118084516598147
1999-01-04,2208.05,7.699865052068129,0.0069806725114771595
1999-01-05,2251.27,7.719249780404063,0.01938472833593341
1999-01-06,2320.86,7.749693085627092,0.03044330522302907
1999-01-07,2326.09,7.751944025365307,0.0022509397382153296
1999-01-08,2344.41,7.759789050076883,0.007845024711575554
1999-01-11,2384.59,7.776782480787796,0.016993430710913415
1999-01-12,2320.75,7.749645688280042,-0.027136792507754137
1999-01-13,2316.81,7.747946518480425,-0.0016991697996173727
1999-01-14,2276.82,7.730535011555615,-0.01741150692480975
1999-01-15,2348.2,7.7614043561961115,0.03086934464049662
1999-01-19,2408.17,7.7866224019434345,0.025218045747323004
1999-01-20,2415.49,7.789657444056271,0.00303504211283645
1999-01-21,2344.72,7.759921270766201,-0.029736173290070056
1999-01-22,2338.88,7.757427461292027,-0.0024938094741742134
1999-01-25,2369.31,7.770354052499414,0.012926591207387261
1999-01-26,2433.41,7.797048844821357,0.02669479232194316
1999-01-27,2407.14,7.7861945997808695,-0.010854245040487598
1999-01-28,2477.34,7.814940682887606,0.028746083106736542
1999-01-29,2505.89,7.826399239839782,0.011458556952176124
1999-02-01,2510.09,7.828073888056704,0.001674648216921426
1999-02-02,2463.42,7.809305907334538,-0.018767980722165234
1999-02-03,2493.41,7.821406530490784,0.012100623156245938
1999-02-04,2410.07,7.787411071706038,-0.03399545878474619
1999-02-05,2373.62,7.772171494960662,-0.015239576745376127
1999-02-08,2404.92,7.785271917953337,0.01310042299267522
1999-02-09,2310.79,7.745344736392121,-0.03992718156121633
1999-02-10,2309.5,7.74478632987066,-0.0005584065214607747
1999-02-11,2405.55,7.785533846622927,0.04074751675226729
1999-02-12,2321.89,7.750136788181353,-0.035397058441573925
1999-02-16,2313.87,7.7466767264001986,-0.0034600617811548773
1999-02-17,2248.91,7.7182009333729,-0.028475793027298302
1999-02-18,2260.55,7.72336342549026,0.0051624921173596405
1999-02-19,2283.6,7.733508424090104,0.01014499859984408
1999-02-22,2342.01,7.758764814003372,0.02525638991326762
1999-02-23,2376.35,7.77332097603132,0.014556162027948183
1999-02-24,2339.38,7.757641215979413,-0.015679760051907188
1999-02-25,2326.82,7.752257807495625,-0.0053834084837873775
1999-02-26,2288.03,7.73544646430184,-0.016811343193785078
1999-03-01,2295.18,7.7385665507916155,0.0031200864897753533
1999-03-02,2259.03,7.722690796592306,-0.015875754199309533
1999-03-03,2265.2,7.72541833423965,0.0027275376473436808
1999-03-04,2292.89,7.737568309618241,0.012149975378591193
1999-03-05,2337.11,7.756670402322894,0.019102092704653018
1999-03-08,2397.62,7.78223185764267,0.02556145531977627
1999-03-09,2392.94,7.780278014464074,-0.0019538431785957044
1999-03-10,2406.0,7.785720896534624,0.005442882070549437
1999-03-11,2412.25,7.7883152009004935,0.002594304365869604
1999-03-12,2381.53,7.775498417264239,-0.012816783636254492
1999-03-15,2431.44,7.796238953413532,0.020740536149292943
1999-03-16,2439.27,7.799454093196016,0.003215139782484222
1999-03-17,2428.97,7.795222578164271,-0.0042315150317451256
1999-03-18,2462.96,7.809119157631374,0.013896579467102654
1999-03-19,2421.27,7.79204747488327,-0.01707168274810389
1999-03-22,2395.94,7.781530917185563,-0.010516557697706652
1999-03-23,2322.84,7.750545853945455,-0.030985063240108524
1999-03-24,2365.28,7.76865168715278,0.018105833207325617
1999-03-25,2434.8,7.79761989661977,0.028968209466989414
1999-03-26,2419.17,7.7911797851146725,-0.006440111505097157
1999-03-29,2492.84,7.821177901760784,0.029998116646111406
1999-03-30,2480.29,7.816130767806478,-0.0050471339543056715
1999-03-31,2461.4,7.8084855727382365,-0.007645195068241684
1999-04-01,2493.37,7.821390488074636,0.01290491533639937
1999-04-05,2560.06,7.8477859746989544,0.026395486624318565
1999-04-06,2563.17,7.849000052685696,0.0012140779867415574
1999-04-07,2544.43,7.841661935334103,-0.007338117351593176
1999-04-08,2573.39,7.852979374833648,0.011317439499545223
1999-04-09,2593.05,7.860590068036905,0.007610693203257135
1999-04-12,2598.81,7.862808926928786,0.0022188588918812258
1999-04-13,2583.5,7.856900347727239,-0.005908579201546971
1999-04-14,2507.28,7.826953779197362,-0.029946568529877204
1999-04-15,2521.77,7.832716314903792,0.00576253570643015
1999-04-16,2484.04,7.817641545983298,-0.015074768920494641
1999-04-19,2345.61,7.760300774984746,-0.05734077099855206
1999-04-20,2409.64,7.787232637733395,0.02693186274864967
1999-04-21,2489.08,7.819668443273326,0.03243580553993031
1999-04-22,2561.61,7.848391246044949,0.028722802771623535
1999-04-23,2590.69,7.8596795284793455,0.01128828243439628
1999-04-26,2652.05,7.883088204823348,0.0234086763440029
1999-04-27,2602.41,7.864193217758583,-0.018894987064765445
1999-04-28,2550.37,7.843993725665985,-0.020199492092597637
1999-04-29,2528.44,7.835357790754605,-0.00863593491138026
1999-04-30,2542.85,7.841040778232154,0.0056829874775488065
1999-05-03,2535.58,7.838177686699459,-0.002863091532694817
1999-05-04,2485.12,7.818076227103248,-0.020101459596211235
1999-05-05,2534.45,7.837731929960855,0.019655702857606983
1999-05-06,2472.28,7.8128960807715915,-0.024835849189263293
1999-05-07,2503.62,7.825492963515203,0.012596882743611815
1999-05-10,2526.39,7.834546685292151,0.009053721776947299
1999-05-11,2566.68,7.850368513965368,0.01582182867321702
1999-05-12,2606.54,7.865778950340168,0.01541043637480044
1999-05-13,2582.0,7.856319571406588,-0.009459378933580176
1999-05-14,2527.86,7.8351283739863975,-0.021191197420190377
1999-05-17,2561.84,7.848481029296529,0.013352655310131745
1999-05-18,2558.36,7.8471217071857335,-0.001359322110795702
1999-05-19,2577.4,7.854536417854291,0.007414710668557589
1999-05-20,2542.23,7.840796927593394,-0.013739490260896936
1999-05-21,2520.14,7.832069734517872,-0.008727193075522166
1999-05-24,2453.66,7.805336066364761,-0.026733668153110735
1999-05-25,2380.9,7.7752338464448565,-0.030102219919904805
1999-05-26,2427.18,7.794485368613055,0.019251522168198143
1999-05-27,2419.15,7.79117151778221,-0.003313850830844345
1999-05-28,2470.52,7.812183933780258,0.021012415998047373
1999-06-01,2412.03,7.7882239955806725,-0.023959938199585196
1999-06-02,2432.41,7.7966378144034305,0.008413818822758046
1999-06-03,2403.32,7.784606393745288,-0.012031420658142444
1999-06-04,2478.34,7.815344260202353,0.030737866457064555
1999-06-07,2524.21,7.833683421467899,0.0183391612655468
1999-06-08,2474.56,7.813817881420671,-0.019865540047228514
1999-06-09,2519.35,7.83175621072619,0.017938329305518863
1999-06-10,2484.62,7.817875009332625,-0.013881201393564524
1999-06-11,2447.88,7.8029776228228735,-0.014897386509751698
1999-06-14,2398.31,7.782519601627574,-0.02045802119529938
1999-06-15,2414.67,7.78931791078703,0.006798309159456117
1999-06-16,2517.83,7.831152698425206,0.04183478763817572
1999-06-17,2544.15,7.841551884985957,0.010399186560751339
1999-06-18,2563.44,7.849105385449549,0.007553500463592044
1999-06-21,2630.28,7.8748455833832605,0.025740197933711073
1999-06-22,2580.26,7.855645448031983,-0.019200135351277403
1999-06-23,2598.12,7.862543385540292,0.0068979375083086936
1999-06-24,2553.99,7.845412121158038,-0.017131264382253875
1999-06-25,2552.65,7.8448873142279405,-0.0005248069300973768
1999-06-28,2602.44,7.8642047454683155,0.019317431240374994
1999-06-29,2642.11,7.879333119340458,0.01512837387214283
1999-06-30,2686.12,7.895853052183523,0.016519932843064744
1999-07-01,2706.18,7.90329332536546,0.007440273181936519
1999-07-02,2741.02,7.916085392883243,0.0127920675177835
1999-07-06,2736.78,7.914537325831957,-0.0015480670512859618
1999-07-07,2743.04,7.916822073405103,0.0022847475731460065
1999-07-08,2771.86,7.927273853983865,0.010451780578762282
1999-07-09,2793.07,7.934896628287755,0.007622774303889912
1999-07-12,2790.44,7.933954568474302,-0.0009420598134530778
1999-07-13,2778.23,7.929569313263636,-0.004385255210666017
1999-07-14,2818.13,7.943828823403094,0.01425951013945781
1999-07-15,2839.37,7.951337475561203,0.0075086521581093635
1999-07-16,2864.48,7.960142111802963,0.008804636241759312
1999-07-19,2830.29,7.948134458885466,-0.012007652917496614
1999-07-20,2732.18,7.912855104318257,-0.03527935456720943
1999-07-21,2761.77,7.923627057511263,0.01077195319300639
1999-07-22,2684.44,7.895227419082023,-0.028399638429240426
1999-07-23,2692.4,7.8981882681365585,0.0029608490545358634
1999-07-26,2619.19,7.8706203886498995,-0.027567879486658953
1999-07-27,2679.33,7.893322042249693,0.02270165359979348
1999-07-28,2705.84,7.9031676791186065,0.009845636868913488
1999-07-29,2640.01,7.878537984011976,-0.024629695106630933
1999-07-30,2638.49,7.877962062806325,-0.0005759212056508645
1999-08-02,2623.63,7.8723141340241245,-0.005647928782200218
1999-08-03,2587.99,7.858636791625691,-0.013677342398433545
1999-08-04,2540.0,7.8399193600125825,-0.01871743161310846
1999-08-05,2565.83,7.85003729200661,0.010117931994027884
1999-08-06,2547.97,7.843052242682395,-0.006985049324215176
1999-08-09,2518.98,7.831609336662496,-0.011442906019898835
1999-08-10,2490.11,7.8200821651898185,-0.0115271714726779
1999-08-11,2564.98,7.849705960303516,0.029623795113697504
1999-08-12,2549.49,7.843648618149805,-0.0060573421537108985
1999-08-13,2637.81,7.877704306422585,0.034055688272779605
1999-08-16,2645.28,7.880532198803035,0.0028278923804503364
1999-08-17,2671.22,7.8902905758730535,0.009758377070018476
1999-08-18,2657.73,7.885227653978139,-0.005062921894914751
1999-08-19,2621.43,7.871475249386383,-0.013752404591755862
1999-08-20,2648.33,7.881684531648673,0.010209282262290564
1999-08-23,2719.57,7.908229058557486,0.026544526908812927
1999-08-24,2752.37,7.920217637690374,0.011988579132887978
1999-08-25,2805.6,7.939372698825968,0.019155061135593954
1999-08-26,2774.62,7.92826907986688,-0.011103618959088735
1999-08-27,2758.9,7.922587328544109,-0.005681751322770268
1999-08-30,2712.69,7.905696041478552,-0.016891287065557314
1999-08-31,2739.35,7.9154759449621395,0.009779903483587482
1999-09-01,2750.8,7.919647057445681,0.004171112483541961
1999-09-02,2734.24,7.913608796898599,-0.0060382605470827855
1999-09-03,2843.11,7.952653802425541,0.039045005526942234
1999-09-07,2837.26,7.950594076714644,-0.0020597257108967426
1999-09-08,2808.74,7.940491263190575,-0.010102813524069276
1999-09-09,2852.02,7.955782794132319,0.015291530941744291
1999-09-10,2887.06,7.967993962266511,0.012211168134191652
1999-09-13,2844.77,7.953237499707175,-0.014756462559335937
1999-09-14,2868.29,7.9614713123677685,0.008233812660593642
1999-09-15,2814.17,7.942422648074181,-0.01904866429358787
1999-09-16,2806.72,7.939771820763017,-0.002650827311163617
1999-09-17,2869.62,7.961934895806275,0.022163075043257763
1999-09-20,2886.15,7.967678713035135,0.005743817228860415
1999-09-21,2821.1,7.944882158796261,-0.022796554238873945
1999-09-22,2858.16,7.95793334012785,0.01305118133158878
1999-09-23,2749.83,7.919294370567976,-0.03863896955987389
1999-09-24,2740.41,7.915862823224407,-0.003431547343569541
1999-09-27,2761.75,7.923619815752384,0.00775699252797768
1999-09-28,2756.25,7.921626339195156,-0.0019934765572280355
1999-09-29,2730.27,7.912155784387515,-0.00947055480764103
1999-09-30,2746.16,7.917958851200042,0.005803066812526403
1999-10-01,2736.85,7.914562903008348,-0.003395948191693421
1999-10-04,2795.97,7.935934373682405,0.021371470674056425
1999-10-05,2799.67,7.937256832074739,0.0013224583923348021
1999-10-06,2857.21,7.957600903204694,0.020344071129954955
1999-10-07,2860.7,7.958821629110975,0.0012207259062808618
1999-10-08,2886.57,7.967824225029737,0.009002595918762069
1999-10-11,2915.95,7.9779509462051355,0.010126721175398146
1999-10-12,2872.43,7.962913640409445,-0.015037305795690514
1999-10-13,2801.27,7.9378281647594395,-0.025085475650005407
1999-10-14,2806.84,7.939814574381049,0.00198640962160912
1999-10-15,2731.83,7.912726993278754,-0.027087581102295033
1999-10-18,2689.15,7.896980437531953,-0.015746555746800617
1999-10-19,2688.18,7.896619663686747,-0.00036077384520627476
1999-10-20,2788.13,7.9331263992008045,0.03650673551405781
1999-10-21,2801.95,7.93807088234088,0.004944483140075562
1999-10-22,2816.52,7.943257359321451,0.005186476980570731
1999-10-25,2815.95,7.943054961438481,-0.0002023978829699402
1999-10-26,2811.47,7.941462757214718,-0.0015922042237628276
1999-10-27,2802.52,7.938274291406131,-0.0031884658085870043
1999-10-28,2875.22,7.963884472042942,0.025610180636810753
1999-10-29,2966.43,7.995114488589006,0.031230016546063943
1999-11-01,2967.65,7.995525672805325,0.0004111842163192492
1999-11-02,2981.63,8.000225409826262,0.004699737020937178
1999-11-03,3028.51,8.01582602838022,0.015600618553957446
1999-11-04,3055.95,8.02484578889602,0.009019760515800002
1999-11-05,3102.29,8.039895827438958,0.015050038542938182
1999-11-08,3143.97,8.053241611518839,0.013345784079881184
1999-11-09,3125.04,8.047202362088582,-0.006039249430257243
1999-11-10,3155.96,8.057048007614217,0.00984564552563505
1999-11-11,3197.29,8.070058854986598,0.013010847372381562
1999-11-12,3221.15,8.077493717635267,0.007434862648668883
1999-11-15,3219.54,8.076993771190542,-0.0004999464447248414
1999-11-16,3295.52,8.100319249356167,0.023325478165624247
1999-11-17,3269.39,8.092358702147232,-0.007960547208934798
1999-11-18,3347.11,8.11585256592374,0.023493863776508306
1999-11-19,3369.25,8.12244544664927,0.0065928807255293265
1999-11-22,3392.56,8.129340077624846,0.006894630975576632
1999-11-23,3342.87,8.114584998436928,-0.01475507918791763
1999-11-24,3420.5,8.137542018201053,0.022957019764124453
1999-11-26,3447.81,8.145494525856927,0.007952507655874186
1999-11-29,3421.37,8.137796334639305,-0.0076981912176226075
1999-11-30,3336.16,8.11257572395921,-0.02522061068009407
1999-12-01,3353.71,8.11782247472126,0.005246750762049501
1999-12-02,3452.78,8.14693498264667,0.02911250792540976
1999-12-03,3520.63,8.166395229850348,0.01946024720367845
1999-12-06,3546.01,8.173578306709139,0.007183076858790827
1999-12-07,3586.92,8.185049174523606,0.011470867814466601
1999-12-08,3586.08,8.1848149628956,-0.0002342116280047435
1999-12-09,3594.17,8.187068367282162,0.0022534043865611864
1999-12-10,3620.24,8.19429560096472,0.007227233682558065
1999-12-13,3658.17,8.20471830135373,0.010422700389009165
1999-12-14,3571.66,8.180785752695595,-0.023932548658134323
1999-12-15,3621.95,8.19476783382019,0.013982081124595425
1999-12-16,3715.06,8.22015010776168,0.025382273941490396
1999-12-17,3753.06,8.230326786217459,0.010176678455778188
1999-12-20,3783.87,8.238502574401911,0.008175788184452415
1999-12-21,3911.15,8.271586727382354,0.03308415298044309
1999-12-22,3937.3,8.278250488193054,0.006663760810699415
1999-12-23,3969.44,8.28638030579712,0.008129817604066503
1999-12-27,3975.38,8.287875620003561,0.0014953142064406677
1999-12-28,3972.11,8.287052718638595,-0.0008229013649660999
1999-12-29,4041.46,8.304361291809567,0.017308573170971897
1999-12-30,4036.87,8.303224918204146,-0.0011363736054210705
1999-12-31,4069.31,8.311228730894735,0.00800381269058903
2000-01-03,4131.15,8.326311097558166,0.015082366663431657
2000-01-04,3901.69,8.269165071589297,-0.057146025968869196
2000-01-05,3877.54,8.262956210922695,-0.0062088606666019786
2000-01-06,3727.13,8.223393779471964,-0.03956243145073124
2000-01-07,3882.62,8.264265462465357,0.04087168299339261
2000-01-10,4049.67,8.306390675299307,0.04212521283394999
2000-01-11,3921.19,8.274150458144597,-0.03224021715471004
2000-01-12,3850.02,8.255833622073531,-0.018316836071065268
2000-01-13,3957.21,8.283294510485195,0.02746088841166383
2000-01-14,4064.27,8.309989424059351,0.026694913574155876
2000-01-18,4130.81,8.326228792632897,0.016239368573545576
2000-01-19,4151.29,8.331174408296446,0.004945615663549674
2000-01-20,4189.51,8.340339060970173,0.009164652673726792
2000-01-21,4235.4,8.351233053629482,0.010893992659308793
2000-01-24,4096.08,8.31778569777861,-0.03344735585087122
2000-01-25,4167.41,8.335050018710895,0.01726432093228425
2000-01-26,4069.91,8.311376165170032,-0.023673853540863377
2000-01-27,4039.56,8.303891054132885,-0.007485111037146552
2000-01-28,3887.07,8.265410939437173,-0.03848011469571233
2000-01-31,3940.35,8.279024830833917,0.013613891396744293
2000-02-01,4051.98,8.306960929522237,0.027936098688320143
2000-02-02,4073.96,8.312370778378217,0.005409848855979504
2000-02-03,4210.98,8.345450678684964,0.033079900306747234
2000-02-04,4244.14,8.353294486937198,0.007843808252234297
2000-02-07,4321.77,8.371420319547148,0.018125832609950265
2000-02-08,4427.5,8.395590369656988,0.024170050109839636
2000-02-09,4363.24,8.380970179632728,-0.014620190024260182
2000-02-10,4485.63,8.408634232855583,0.027664053222855145
2000-02-11,4395.45,8.388325193956371,-0.020309038899211984
2000-02-14,4418.55,8.393566866951518,0.0052416729951474395
2000-02-15,4420.77,8.394069168044064,0.0005023010925455651
2000-02-16,4427.65,8.395624248247417,0.001555080203353043
2000-02-17,4548.92,8.422645121132664,0.027020872885247016
2000-02-18,4411.74,8.392024448446552,-0.030620672686112016
2000-02-22,4382.12,8.385287904536275,-0.006736543910276893
2000-02-23,4550.33,8.422955036787533,0.03766713225125784
2000-02-24,4617.65,8.437641196656756,0.014686159869222948
2000-02-25,4590.5,8.431744229583755,-0.005896967073001136
2000-02-28,4577.85,8.428984734575977,-0.0027594950077780567
2000-02-29,4696.69,8.45461328427473,0.02562854969875339
2000-03-01,4784.08,8.473049017898676,0.018435733623945794
2000-03-02,4754.51,8.466848920247873,-0.0062000976508027605
2000-03-03,4914.79,8.500004305320555,0.03315538507268201
2000-03-06,4904.85,8.4979797904921,-0.0020245148284558923
2000-03-07,4847.84,8.4862885239042,-0.011691266587899207
2000-03-08,4897.26,8.49643114402375,0.010142620119550472
2000-03-09,5046.86,8.526521546704481,0.030090402680730932
2000-03-10,5048.62,8.526870217598354,0.00034867089387269345
2000-03-13,4907.24,8.49846694461467,-0.028403272983684502
2000-03-14,4706.63,8.456727431980507,-0.04173951263416242
2000-03-15,4582.62,8.430026165950375,-0.02670126603013223
2000-03-16,4717.39,8.459010959535767,0.02898479358539241
2000-03-17,4798.13,8.475981537655347,0.01697057811957947
2000-03-20,4610.0,8.435983135990694,-0.039998401664652405
2000-03-21,4711.68,8.457799811310547,0.021816675319852763
2000-03-22,4864.75,8.489770605838265,0.03197079452771767
2000-03-23,4940.61,8.505244084340097,0.015473478501832005
2000-03-24,4963.03,8.509771720300181,0.004527635960084098
2000-03-27,4958.56,8.50887065498657,-0.0009010653136112268
2000-03-28,4833.89,8.483406805522517,-0.025463849464053112
2000-03-29,4644.67,8.443475604590708,-0.03993120093180913
2000-03-30,4457.89,8.40243083889935,-0.041044765691356844
2000-03-31,4572.83,8.427887548245868,0.02545670934651767
2000-04-03,4223.68,8.34846206494059,-0.07942548330527899
2000-04-04,4148.89,8.330596107568779,-0.017865957371810737
2000-04-05,4169.22,8.335484246937035,0.0048881393682567165
2000-04-06,4267.56,8.358797514323713,0.02331326738667805
2000-04-07,4446.45,8.399861303977191,0.04106378965347801
2000-04-10,4188.2,8.340026326342052,-0.05983497763513945
2000-04-11,4055.9,8.307927890134737,-0.03209843620731512
2000-04-12,3769.63,8.23473213238962,-0.07319575774511655
2000-04-13,3676.78,8.209792648127022,-0.024939484262597844
2000-04-14,3321.29,8.10810854065976,-0.10168410746726231
2000-04-17,3539.16,8.171644689834944,0.06353614917518335
2000-04-18,3793.57,8.2410628072242,0.0694181173892563
2000-04-19,3706.41,8.21781903213463,-0.023243775089570207
2000-04-20,3643.88,8.200804326992392,-0.017014705142237574
2000-04-24,3482.48,8.155499962636751,-0.04530436435564056
2000-04-25,3711.23,8.219118637043577,0.06361867440682545
2000-04-26,3630.09,8.197012720339975,-0.022105916703601736
2000-04-27,3774.03,8.235898675022497,0.038885954682521984
2000-04-28,3860.66,8.258593432298658,0.022694757276161326
2000-05-01,3958.08,8.283514338186645,0.024920905887986677
2000-05-02,3785.45,8.238920049161322,-0.04459428902532281
2000-05-03,3707.31,8.218061825227549,-0.020858223933773345
2000-05-04,3720.24,8.221543461315148,0.003481636087599327
2000-05-05,3816.82,8.247172894179785,0.025629432864636925
2000-05-08,3669.38,8.207777989447397,-0.03939490473238827
2000-05-09,3585.01,8.18451654243011,-0.02326144701728694
2000-05-10,3384.73,8.127029418501865,-0.05748712392824551
2000-05-11,3499.58,8.16039824027693,0.03336882177506517
2000-05-12,3529.06,8.168786825514303,0.008388585237373292
2000-05-15,3607.65,8.19081186982518,0.022025044310877817
2000-05-16,3717.57,8.220825508015807,0.03001363819062597
2000-05-17,3644.96,8.201100670445644,-0.019724837570162634
2000-05-18,3538.71,8.171517532935875,-0.029583137509769486
2000-05-19,3390.4,8.128703187514034,-0.04281434542184037
2000-05-22,3364.21,8.120948444828146,-0.007754742685888161
2000-05-23,3164.55,8.059766144374942,-0.061182300453204164
2000-05-24,3270.61,8.092731790836574,0.03296564646163169
2000-05-25,3205.35,8.072576567760581,-0.020155223075992268
2000-05-26,3205.11,8.07250169013866,-7.48776219214875e-05
2000-05-30,3459.48,8.148873567739903,0.0763718776012432
2000-05-31,3400.91,8.131798321851992,-0.017075245887911095
2000-06-01,3582.5,8.183816159702326,0.0520178378503342
2000-06-02,3813.38,8.246271213953037,0.06245505425071052
2000-06-05,3821.76,8.248466328480061,0.0021951145270246997
2000-06-06,3756.37,8.231208344528639,-0.017257983951422418
2000-06-07,3839.26,8.253034918677802,0.02182657414916278
2000-06-08,3825.56,8.249460140773195,-0.0035747779046069184
2000-06-09,3874.84,8.262259650612398,0.012799509839203083
2000-06-12,3767.91,8.234275750060675,-0.02798390055172284
2000-06-13,3851.06,8.256103714062272,0.02182796400159681
2000-06-14,3797.41,8.242074534386582,-0.014029179675690173
2000-06-15,3845.74,8.254721321159451,0.012646786772869234
2000-06-16,3860.56,8.258567529656329,0.0038462084968777788
2000-06-19,3989.83,8.291503902459935,0.03293637280360606
2000-06-20,4013.36,8.2973840746909,0.005880172230964931
2000-06-21,4064.01,8.309925449885212,0.012541375194311755
2000-06-22,3936.84,8.278133650036628,-0.031791799848583935
2000-06-23,3845.34,8.254617304558307,-0.02351634547832049
2000-06-26,3912.12,8.27183470553087,0.017217400972562302
2000-06-27,3858.96,8.258152996104267,-0.01368170942660285
2000-06-28,3940.34,8.279022292985074,0.020869296880807298
2000-06-29,3877.23,8.262876260131074,-0.016146032853999515
2000-06-30,3966.11,8.28554104444902,0.022664784317946385
2000-07-03,3991.93,8.292030102207473,0.006489057758452432
2000-07-05,3863.1,8.259225248947848,-0.03280485325962523
2000-07-06,3960.57,8.284143233284185,0.024917984336337184
2000-07-07,4023.2,8.299832884857755,0.015689651573570274
2000-07-10,3980.29,8.289109959945616,-0.01072292491213922
2000-07-11,3956.42,8.283094854953506,-0.006015104992110665
2000-07-12,4099.59,8.318642247692067,0.035547392738561
2000-07-13,4174.86,8.336836103788583,0.01819385609651647
2000-07-14,4246.18,8.35377503420497,0.016938930416387166
2000-07-17,4274.67,8.360462185408872,0.006687151203902175
2000-07-18,4177.17,8.337389262735307,-0.02307292267356509
2000-07-19,4055.63,8.307861318230275,-0.029527944505032266
2000-07-20,4184.56,8.339156840000792,0.03129552177051664
2000-07-21,4094.45,8.317387677132446,-0.021769162868345404
2000-07-24,3981.57,8.289431492856526,-0.027956184275920393
2000-07-25,4029.57,8.301414949496044,0.011983456639518053
2000-07-26,3987.72,8.29097491798495,-0.010440031511093295
2000-07-27,3842.23,8.253808206190511,-0.03716671179443942
2000-07-28,3663.0,8.206037762778815,-0.04777044341169656
2000-07-31,3766.99,8.234031553056184,0.027993790277369257
2000-08-01,3685.52,8.212166907286713,-0.02186464576947067
2000-08-02,3658.46,8.204797572821647,-0.007369334465066046
2000-08-03,3759.88,8.232142320981032,0.02734474815938448
2000-08-04,3787.36,8.23942448543808,0.007282164457048879
2000-08-07,3862.99,8.25919677400127,0.019772288563189022
2000-08-08,3848.55,8.25545173296481,-0.003745041036459895
2000-08-09,3853.5,8.256737105218049,0.0012853722532391032
2000-08-10,3759.99,8.232171576805936,-0.024565528412113125
2000-08-11,3789.47,8.239981446609058,0.007809869803121927
2000-08-14,3849.69,8.255747904559444,0.015766457950386226
2000-08-15,3851.66,8.25625950318643,0.0005115986269856876
2000-08-16,3861.2,8.25873329497446,0.0024737917880308657
2000-08-17,3940.87,8.279156790099298,0.020423495124838098
2000-08-18,3930.34,8.276481215116098,-0.0026755749832005904
2000-08-21,3953.15,8.28226800844066,0.005786793324562112
2000-08-22,3958.21,8.283547181854578,0.0012791734139181443
2000-08-23,4011.01,8.296798358910799,0.013251177056220698
2000-08-24,4053.28,8.307281708870745,0.010483349959946153
2000-08-25,4042.68,8.304663117361638,-0.0026185915091065937
2000-08-28,4070.59,8.311543231075463,0.006880113713824798
2000-08-29,4082.17,8.314383988754447,0.0028407576789835076
2000-08-30,4103.81,8.319671089482602,0.005287100728155636
2000-08-31,4206.35,8.344350567256054,0.024679477773451808
2000-09-01,4234.33,8.350980389139423,0.006629821883368692
2000-09-05,4143.18,8.329218887911315,-0.021761501228107605
2000-09-06,4013.34,8.29737909132289,-0.03183979658842517
2000-09-07,4098.35,8.318339732667692,0.0209606413448018
2000-09-08,3978.41,8.288637520970665,-0.02970221169702647
2000-09-11,3896.35,8.26779549645639,-0.02084202451427508
2000-09-12,3849.51,8.255701146454696,-0.012094350001694565
2000-09-13,3893.89,8.267163936945575,0.011462790490879726
2000-09-14,3913.86,8.27227937828206,0.005115441336483784
2000-09-15,3835.23,8.251984685927374,-0.020294692354685395
2000-09-18,3726.52,8.22323010127367,-0.028754584653704285
2000-09-19,3865.64,8.259882535929023,0.036652434655353616
2000-09-20,3897.44,8.268075206329792,0.008192670400768876
2000-09-21,3828.87,8.250324999477584,-0.01775020685220774
2000-09-22,3803.76,8.24374533019228,-0.0065796692853048455
2000-09-25,3741.22,8.227167040424435,-0.016578289767844367
2000-09-26,3689.1,8.213137804846511,-0.014029235577924126
2000-09-27,3656.3,8.204206986100337,-0.008930818746174296
2000-09-28,3778.32,8.237034745374483,0.03282775927414683
2000-09-29,3672.82,8.20871503835691,-0.028319707017573137
2000-10-02,3568.9,8.180012704044664,-0.028702334312246336
2000-10-03,3455.83,8.147817938899273,-0.0321947651453911
2000-10-04,3523.1,8.167096562837628,0.01927862393835511
2000-10-05,3472.1,8.152514877208793,-0.014581685628835217
2000-10-06,3361.01,8.119996803025648,-0.03251807418314456
2000-10-09,3355.56,8.118373950529175,-0.0016228524964727598
2000-10-10,3240.54,8.083495261565696,-0.03487868896347912
2000-10-11,3168.49,8.06101041269105,-0.022484848874645635
2000-10-12,3074.68,8.030956109784826,-0.03005430290622435
2000-10-13,3316.77,8.106746696778092,0.07579058699326602
2000-10-16,3290.28,8.098727946521054,-0.008018750257038576
2000-10-17,3213.96,8.075259100669296,-0.02346884585175779
2000-10-18,3171.56,8.061978859387827,-0.01328024128146943
2000-10-19,3418.6,8.136986389522168,0.07500753013434114
2000-10-20,3483.14,8.155689464792188,0.01870307527001991
2000-10-23,3468.69,8.151532280047848,-0.0041571847443400145
2000-10-24,3419.79,8.137334424662606,-0.014197855385241098
2000-10-25,3229.57,8.08010428041954,-0.05723014424306605
2000-10-26,3272.18,8.09321170843446,0.013107428014919265
2000-10-27,3278.36,8.095098576336508,0.0018868679020478396
2000-10-30,3191.4,8.068214970976326,-0.026883605360181306
2000-10-31,3369.63,8.122558225033927,0.05434325405760099
2000-11-01,3333.39,8.111745083163575,-0.010813141870352538
2000-11-02,3429.02,8.140029785050169,0.028284701886594377
2000-11-03,3451.58,8.14658737620318,0.006557591153011799
2000-11-06,3416.21,8.136287028428761,-0.010300347774419905
2000-11-07,3415.79,8.136164077608933,-0.00012295081982749423
2000-11-08,3231.7,8.0807635935506,-0.05540048405833353
2000-11-09,3200.35,8.071015457806809,-0.009748135743791408
2000-11-10,3028.99,8.015984509602177,-0.05503094820463161
2000-11-13,2966.72,7.995212244418617,-0.02077226518355957
2000-11-14,3138.27,8.051426971656582,0.05621472723796472
2000-11-15,3165.49,8.06006314092059,0.008636169264008231
2000-11-16,3031.88,8.016938168142627,-0.04312497277796368
2000-11-17,3027.19,8.015390075469439,-0.0015480926731878952
2000-11-20,2875.64,7.964030537153464,-0.05135953831597462
2000-11-21,2871.45,7.962572407650575,-0.0014581295028888164
2000-11-22,2755.34,7.9212961259506045,-0.041276281699970774
2000-11-24,2904.38,7.97397522137854,0.05267909542793525
2000-11-27,2880.49,7.9657156975469015,-0.008259523831638305
2000-11-28,2734.98,7.913879402215085,-0.05183629533181655
2000-11-29,2706.93,7.903570430395581,-0.010308971819504187
2000-11-30,2597.93,7.862470253064629,-0.04110017733095184
2000-12-01,2645.29,7.8805359791140415,0.01806572604941259
2000-12-04,2615.75,7.8693061422611565,-0.011229836852884922
2000-12-05,2889.8,7.968942574559511,0.09963643229835473
2000-12-06,2796.5,7.936123914261643,-0.03281866029786862
2000-12-07,2752.66,7.920322995881072,-0.015800918380570295
2000-12-08,2917.43,7.978458370728055,0.058135374846982835
2000-12-11,3015.1,8.01138827610711,0.03292990537905549
2000-12-12,2931.77,7.9833616151819795,-0.028026660925131175
2000-12-13,2822.77,7.9454739513247,-0.03788766385727982
2000-12-14,2728.51,7.91151095163698,-0.033962999687719986
2000-12-15,2653.27,7.883548120538708,-0.02796283109827158
2000-12-18,2624.52,7.872653301162461,-0.010894819376247256
2000-12-19,2511.71,7.82871907506383,-0.043934226098630624
2000-12-20,2332.78,7.7548159683893845,-0.07390310667444577
2000-12-21,2340.12,7.75795748908815,0.0031415206987652766
2000-12-22,2517.02,7.830830941071168,0.07287345198301853
2000-12-26,2493.52,7.821450645808231,-0.009380295262936933
2000-12-27,2539.35,7.839663421751369,0.018212775943137416
2000-12-28,2557.76,7.846887154437654,0.007223732686285622
2000-12-29,2470.52,7.812183933780258,-0.03470322065739673
2001-01-02,2291.86,7.737118993944614,-0.07506493983564333
2001-01-03,2616.69,7.869665439266039,0.13254644532142468
2001-01-04,2566.83,7.850426953512595,-0.019238485753444223
2001-01-05,2407.65,7.786406447027336,-0.06402050648525837
2001-01-08,2395.92,7.781522569696279,-0.004883877331057107
2001-01-09,2441.3,7.8002859632919535,0.018763393595674138
2001-01-10,2524.18,7.833671536490709,0.033385573198755125
2001-01-11,2640.57,7.878750081926258,0.045078545435549344
2001-01-12,2626.5,7.873407440394017,-0.005342641532241288
2001-01-16,2618.55,7.870376008438899,-0.0030314319551179025
2001-01-17,2682.78,7.894608849299926,0.024232840861027505
2001-01-18,2768.49,7.926057324192204,0.031448474892277645
2001-01-19,2770.38,7.926739773888027,0.0006824496958230952
2001-01-22,2757.91,7.922228425478524,-0.004511348409502958
2001-01-23,2840.39,7.951696645670844,0.029468220192319983
2001-01-24,2859.15,7.9582796568431915,0.006583011172347497
2001-01-25,2754.28,7.920911344418275,-0.037368312424916894
2001-01-26,2781.3,7.930673723281046,0.009762378862771648
2001-01-29,2838.34,7.950974653222162,0.020300929941115875
2001-01-30,2838.35,7.950978176402043,3.5231798811707904e-06
2001-01-31,2772.73,7.927587673403206,-0.02339050299883727
2001-02-01,2782.79,7.9312093005400826,0.0036216271368765263
2001-02-02,2660.5,7.886269354036424,-0.044939946503658845
2001-02-05,2643.21,7.87974936661248,-0.006519987423943441
2001-02-06,2664.49,7.887767948680442,0.008018582067961688
2001-02-07,2607.82,7.866269902259756,-0.0214980464206862
2001-02-08,2562.06,7.848566901386201,-0.017703000873554586
2001-02-09,2470.97,7.812366065081239,-0.03620083630496218
2001-02-12,2489.66,7.819901433950736,0.007535368869496573
2001-02-13,2427.72,7.794707824277323,-0.025193609673412887
2001-02-14,2491.4,7.820600080451992,0.025892256174669726
2001-02-15,2552.91,7.844989163976146,0.02438908352415403
2001-02-16,2425.38,7.793743492126187,-0.05124567184995943
2001-02-20,2318.35,7.748611004736202,-0.04513248738998499
2001-02-21,2268.94,7.727068041063088,-0.021542963673113924
2001-02-22,2244.96,7.7164429826456855,-0.010625058417402578
2001-02-23,2262.51,7.724230095453817,0.007787112808131269
2001-02-26,2308.5,7.744353241947044,0.020123146493227217
2001-02-27,2207.82,7.699760882334778,-0.04459235961226593
2001-02-28,2151.83,7.674073921878777,-0.025686960456001273
2001-03-01,2183.37,7.688624833713302,0.01455091183452506
2001-03-02,2117.63,7.6580528177940295,-0.03057201591927239
2001-03-05,2142.92,7.669924663932154,0.011871846138124198
2001-03-06,2204.43,7.698224251061823,0.028299587129668957
2001-03-07,2223.92,7.707026683500471,0.008802432438648644
2001-03-08,2168.73,7.68189702175063,-0.025129661749841326
2001-03-09,2052.78,7.626950251023576,-0.054946770727053895
2001-03-12,1923.38,7.561839333971226,-0.06511091705235028
2001-03-13,2014.78,7.608265287278649,0.046425953307423384
2001-03-14,1972.09,7.586849173066389,-0.021416114212260418
2001-03-15,1940.71,7.570809164484698,-0.0160400085816903
2001-03-16,1890.91,7.544813473660154,-0.025995690824544226
2001-03-19,1951.18,7.576189596746677,0.031376123086523044
2001-03-20,1857.44,7.526954474589726,-0.04923512215695158
2001-03-21,1830.23,7.512196920998122,-0.014757553591604022
2001-03-22,1897.7,7.548397905559933,0.036200984561811644
2001-03-23,1928.68,7.564591110082927,0.016193204522993554
2001-03-26,1918.49,7.559293697267897,-0.005297412815029823
2001-03-27,1972.26,7.586935372313467,0.02764167504556969
2001-03-28,1854.13,7.525170862329953,-0.06176450998351335
2001-03-29,1820.57,7.5069049178512754,-0.01826594447867791
2001-03-30,1840.26,7.517662144968338,0.01075722711706284
2001-04-02,1782.97,7.486035792146715,-0.03162635282162363
2001-04-03,1673.0,7.422373700986824,-0.06366209115989108
2001-04-04,1638.8,7.401719545672716,-0.020654155314107747
2001-04-05,1785.0,7.487173694213739,0.0854541485410234
2001-04-06,1720.36,7.450288850232404,-0.03688484398133518
2001-04-09,1745.71,7.464916628675443,0.014627778443038864
2001-04-10,1852.03,7.524037613779031,0.0591209851035881
2001-04-11,1898.95,7.549056380818472,0.02501876703944106
2001-04-12,1961.43,7.581429078038558,0.03237269722008573
2001-04-16,1909.57,7.55463336480486,-0.026795713233697782
2001-04-17,1923.22,7.561756143621258,0.00712277881639789
2001-04-18,2079.44,7.639853905677023,0.0780977620557648
2001-04-19,2182.14,7.688061325654656,0.04820741997763367
2001-04-20,2163.41,7.679440959539209,-0.008620366115447808
2001-04-23,2059.32,7.630131110202212,-0.049309849336996336
2001-04-24,2016.61,7.6091731627884345,-0.020957947413777767
2001-04-25,2059.8,7.630364169691702,0.02119100690326725
2001-04-26,2034.88,7.618192128079043,-0.012172041612658724
2001-04-27,2075.68,7.638044089822702,0.019851961743658997
2001-04-30,2116.24,7.6573962080965465,0.019352118273844532
2001-05-01,2168.24,7.681671057539632,0.024274849443085778
2001-05-02,2220.6,7.705532708620165,0.02386165108053273
2001-05-03,2146.2,7.671454115493027,-0.03407859312713768
2001-05-04,2191.53,7.6923552090191025,0.020901093526075165
2001-05-07,2173.57,7.684126256029404,-0.008228952989698612
2001-05-08,2198.77,7.695653392087715,0.011527136058311349
2001-05-09,2156.63,7.6763020971367135,-0.01935129495100174
2001-05-10,2128.86,7.66334190415919,-0.012960192977523377
2001-05-11,2107.43,7.653224474615018,-0.01011742954417194
2001-05-14,2081.92,7.641045823844932,-0.012178650770086286
2001-05-15,2085.58,7.64280227300676,0.0017564491618280442
2001-05-16,2166.44,7.680840546358432,0.0380382733516722
2001-05-17,2193.68,7.69333577787317,0.012495231514737526
2001-05-18,2198.88,7.695703418806541,0.0023676409333717174
2001-05-21,2305.59,7.743091887970064,0.047388469163522906
2001-05-22,2313.85,7.7466680828349,0.0035761948648360686
2001-05-23,2243.48,7.715783510734003,-0.030884572100897678
2001-05-24,2282.02,7.732816294625509,0.017032783891505865
2001-05-25,2251.03,7.719143168227963,-0.013673126397545587
2001-05-29,2175.54,7.685032188569502,-0.034110979658461105
2001-05-30,2084.5,7.642284297320852,-0.042747891248650305
2001-05-31,2110.49,7.654675426997635,0.01239112967678313
2001-06-01,2149.44,7.6729626220785,0.018287195080865182
2001-06-04,2155.93,7.675977463969338,0.003014841890838227
2001-06-05,2233.66,7.711396774671447,0.035419310702108575
2001-06-06,2217.73,7.7042394292110075,-0.007157345460439224
2001-06-07,2264.0,7.724888439323074,0.020649010112066435
2001-06-08,2215.1,7.703052828187015,-0.021835611136058475
2001-06-11,2170.78,7.682841828953515,-0.020210999233500004
2001-06-12,2169.95,7.6824594047943915,-0.0003824241591239286
2001-06-13,2121.66,7.659954080134643,-0.022505324659748638
2001-06-14,2044.07,7.622698197312537,-0.03725588282210612
2001-06-15,2028.43,7.615017373793745,-0.007680823518791513
2001-06-18,1988.63,7.595201238422325,-0.01981613537142035
2001-06-19,1992.66,7.597225708569642,0.0020244701473171034
2001-06-20,2031.24,7.616401722989006,0.01917601441936423
2001-06-21,2058.76,7.6298591387963866,0.013457415807380357
2001-06-22,2034.84,7.618172470707036,-0.01168666808935015
2001-06-25,2050.87,7.626019372348287,0.007846901641250348
2001-06-26,2064.62,7.632701469091031,0.006682096742744115
2001-06-27,2074.74,7.637591123609128,0.004889654518096975
2001-06-28,2125.46,7.661743528520375,0.024152404911247594
2001-06-29,2160.54,7.678113469433418,0.01636994091304267
2001-07-02,2148.72,7.67262759499401,-0.005485874439408178
2001-07-03,2140.8,7.668934869933909,-0.0036927250601008765
2001-07-05,2080.11,7.640176055912407,-0.028758814021502488
2001-07-06,2004.16,7.602980299337048,-0.03719575657535845
2001-07-09,2026.71,7.614169067642468,0.011188768305419927
2001-07-10,1962.79,7.582122209440186,-0.032046858202281925
2001-07-11,1972.04,7.586823818932523,0.004701609492336445
2001-07-12,2075.74,7.6380729955947055,0.05124917666218298
2001-07-13,2084.79,7.642423409735899,0.004350414141193859
2001-07-16,2029.12,7.615357480511666,-0.02706592922423301
2001-07-17,2067.32,7.6340083614390775,0.018650880927411073
2001-07-18,2016.17,7.608954951032898,-0.025053410406179033
2001-07-19,2046.59,7.623930272488074,0.014975321455175994
2001-07-20,2029.37,7.615480679041325,-0.008449593446749226
2001-07-23,1988.56,7.595166037690146,-0.02031464135117922
2001-07-24,1959.24,7.580311921926073,-0.014854115764072695
2001-07-25,1984.32,7.593031565161513,0.012719643235439726
2001-07-26,2022.96,7.612317064357336,0.01928549919582334
2001-07-27,2029.07,7.615332838984285,0.0030157746269487973
2001-07-30,2017.84,7.609782911348019,-0.005549927636265828
2001-07-31,2027.13,7.614376278583947,0.004593367235927737
2001-08-01,2068.38,7.634520971165707,0.020144692581760104
2001-08-02,2087.38,7.643664970042743,0.009143998877036097
2001-08-03,2066.33,7.633529365869095,-0.010135604173648005
2001-08-06,2034.26,7.617887395381324,-0.015641970487771495
2001-08-07,2027.79,7.614701809053514,-0.003185586327809631
2001-08-08,1966.36,7.583939396863621,-0.030762412189893062
2001-08-09,1963.32,7.582392196782985,-0.0015472000806360242
2001-08-10,1956.47,7.578897108029202,-0.0034950887537830155
2001-08-13,1982.25,7.591987842152508,0.013090734123306191
2001-08-14,1964.53,7.583008309943252,-0.008979532209256291
2001-08-15,1918.89,7.559502172843133,-0.023506137100119062
2001-08-16,1930.32,7.5654410712639235,0.00593889842079065
2001-08-17,1867.01,7.532093499713773,-0.033347571550150334
2001-08-20,1881.35,7.539744883230627,0.007651383516853905
2001-08-21,1831.3,7.512781376146903,-0.026963507083723748
2001-08-22,1860.01,7.528337143036881,0.015555766889977285
2001-08-23,1842.97,7.519133679729417,-0.0092034633074638
2001-08-24,1916.8,7.55841240792113,0.03927872819171352
2001-08-27,1912.41,7.5561195057698605,-0.002292902151269871
2001-08-28,1864.98,7.531005608159825,-0.02511389761003535
2001-08-29,1843.17,7.5192421943274494,-0.011763413832375669
2001-08-30,1791.68,7.490909006160528,-0.028333188166921097
2001-08-31,1805.43,7.498554069542215,0.00764506338168669
2001-09-04,1770.78,7.479175406463958,-0.019378663078256864
2001-09-05,1759.01,7.472506429769721,-0.006668976694236939
2001-09-06,1705.64,7.4416956858541266,-0.030810743915594685
2001-09-07,1687.7,7.431121934242439,-0.010573751611687499
2001-09-10,1695.38,7.435662183478559,0.004540249236120175
2001-09-17,1579.55,7.364895275328323,-0.07076690815023579
2001-09-18,1555.08,7.3492822702353235,-0.015613005092999899
2001-09-19,1527.8,7.331584071107259,-0.017698199128064473
2001-09-20,1470.93,7.293650132793425,-0.0379339383138344
2001-09-21,1423.19,7.260656109907603,-0.03299402288582165
2001-09-24,1499.4,7.312820307068962,0.05216419716135867
2001-09-25,1501.64,7.314313123170038,0.001492816101076322
2001-09-26,1464.04,7.288955016552379,-0.02535810661765936
2001-09-27,1460.71,7.286677897866055,-0.0022771186863232984
2001-09-28,1498.8,7.3124200669195325,0.02574216905347715
2001-10-01,1480.46,7.300108129277298,-0.012311937642234483
2001-10-02,1492.33,7.308093935931764,0.007985806654465577
2001-10-03,1580.81,7.365692652884526,0.05759871695276253
2001-10-04,1597.31,7.376076243341017,0.010383590456490843
2001-10-05,1605.3,7.381065933985369,0.004989690644351619
2001-10-08,1605.95,7.381470760771746,0.00040482678637765446
2001-10-09,1570.19,7.358951910128413,-0.022518850643333366
2001-10-10,1626.26,7.394038178923874,0.03508626879546117
2001-10-11,1701.47,7.439247862283907,0.04520968336003328
2001-10-12,1703.4,7.44038153270698,0.0011336704230728856
2001-10-15,1696.31,7.436210582667935,-0.004170950039044996
2001-10-16,1722.07,7.451282334567975,0.015071751900039843
2001-10-17,1646.34,7.406309921267029,-0.044972413300945924
2001-10-18,1652.72,7.410177694483373,0.003867773216343906
2001-10-19,1671.31,7.421363029043221,0.011185334559847604
2001-10-22,1708.08,7.443125211659125,0.021762182615904457
2001-10-23,1704.44,7.440991890019698,-0.0021333216394268106
2001-10-24,1731.54,7.45676646493285,0.015774574913151262
2001-10-25,1775.47,7.481820455591562,0.025053990658712166
2001-10-26,1768.96,7.478147082259141,-0.003673373332421015
2001-10-29,1699.52,7.438101137234034,-0.04004594502510628
2001-10-30,1667.41,7.41902680331969,-0.01907433391434399
2001-10-31,1690.2,7.432602144110382,0.013575340790691115
2001-11-01,1746.3,7.465254542945799,0.032652398835417706
2001-11-02,1745.73,7.46492808526642,-0.00032645767937911074
2001-11-05,1793.65,7.492007928824971,0.027079843558550643
2001-11-06,1835.08,7.514843356268606,0.02283542744363487
2001-11-07,1837.53,7.516177557484328,0.0013342012157222527
2001-11-08,1827.77,7.510851923529096,-0.005325633955232334
2001-11-09,1828.48,7.5112402996023535,0.00038837607325792334
2001-11-12,1840.13,7.517591500281197,0.00635120067884376
2001-11-13,1892.11,7.54544788745667,0.027856387175472896
2001-11-14,1903.19,7.551286704666411,0.005838817209740554
2001-11-15,1900.57,7.549909120163529,-0.0013775845028813904
2001-11-16,1898.58,7.548861517314473,-0.0010476028490566947
2001-11-19,1934.42,7.567562818930322,0.018701301615849708
2001-11-20,1880.51,7.539298295630897,-0.028264523299425193
2001-11-21,1875.05,7.536390604715629,-0.002907690915268546
2001-11-23,1903.2,7.551291958988748,0.014901354273119338
2001-11-26,1941.23,7.571077071769773,0.019785112781025127
2001-11-27,1935.97,7.568363771848691,-0.0027132999210817133
2001-11-28,1887.97,7.543257456748693,-0.02510631509999861
2001-11-29,1933.26,7.566962976112518,0.023705519363825367
2001-11-30,1930.58,7.565575754887116,-0.0013872212254018024
2001-12-03,1904.9,7.552184792744653,-0.013390962142463714
2001-12-04,1963.1,7.5822801354139875,0.03009534266933489
2001-12-05,2046.84,7.6240524194407815,0.041772284026794004
2001-12-06,2054.27,7.627675832677254,0.00362341323647275
2001-12-07,2021.26,7.611476358312597,-0.016199474364657185
2001-12-10,1992.12,7.596954677293985,-0.014521681018612398
2001-12-11,2001.93,7.60186699422891,0.0049123169349254425
2001-12-12,2011.38,7.606576332637887,0.004709338408976471
2001-12-13,1946.51,7.5737933044634635,-0.03278302817442302
2001-12-14,1953.17,7.577208972659349,0.0034156681958856794
2001-12-17,1987.45,7.594607688979334,0.017398716319984686
2001-12-18,2004.76,7.603279631827833,0.00867194284849937
2001-12-19,1982.89,7.592310655473379,-0.010968976354454263
2001-12-20,1918.54,7.559319759091757,-0.032990896381622115
2001-12-21,1945.83,7.573443900245477,0.014124141153720515
2001-12-24,1944.48,7.57274986812249,-0.0006940321229871316
2001-12-26,1960.7,7.581056831321376,0.00830696319888613
2001-12-27,1976.42,7.589042406329421,0.007985575008044421
2001-12-28,1987.26,7.594512084520068,0.005469678190647365
2001-12-31,1950.4,7.575789758727007,-0.018722325793061323
2002-01-02,1979.25,7.5904732640515435,0.014683505324536661
2002-01-03,2044.27,7.6227960365334235,0.03232277248187998
2002-01-04,2059.38,7.630160245609018,0.007364209075594097
2002-01-07,2037.1,7.619282506823512,-0.010877738785505464
2002-01-08,2055.74,7.628391159434455,0.009108652610942514
2002-01-09,2044.89,7.623099277299131,-0.005291882135323611
2002-01-10,2047.24,7.624247823537074,0.0011485462379425826
2002-01-11,2022.46,7.612069871233979,-0.012177952303094486
2002-01-14,1990.74,7.596261707892488,-0.015808163341491266
2002-01-15,2000.91,7.60135735606097,0.005095648168482292
2002-01-16,1944.44,7.572729296858488,-0.028628059202482348
2002-01-17,1985.82,7.593787206056481,0.02105790919799322
2002-01-18,1930.34,7.565451432186667,-0.028335773869813785
2002-01-22,1882.53,7.540371895802048,-0.02507953638461924
2002-01-23,1922.38,7.561319280706051,0.020947384904003385
2002-01-24,1942.58,7.571772265434947,0.010452984728895665
2002-01-25,1937.7,7.569256981706537,-0.002515283728410367
2002-01-28,1943.91,7.572456687652381,0.0031997059458444
2002-01-29,1892.99,7.54591286857519,-0.026543819077191166
2002-01-30,1913.44,7.556657948220497,0.010745079645307243
2002-01-31,1934.03,7.567361187785382,0.010703239564884726
2002-02-01,1911.24,7.5555075250516905,-0.011853662733691372
2002-02-04,1855.53,7.5259256485186965,-0.029581876532994045
2002-02-05,1838.52,7.5167161791156625,-0.00920946940303402
2002-02-06,1812.71,7.5025782420863045,-0.01413793702935795
2002-02-07,1782.11,7.485553334520698,-0.017024907565606817
2002-02-08,1818.88,7.505976206028627,0.020422871507928875
2002-02-11,1846.66,7.5211338809584,0.015157674929773712
2002-02-12,1834.21,7.514369150078142,-0.006764730880258085
2002-02-13,1859.16,7.527880051796201,0.013510901718058577
2002-02-14,1843.37,7.519350697151341,-0.008529354644859488
2002-02-15,1805.2,7.498426667952846,-0.02092402919849512
2002-02-19,1750.61,7.467719577609224,-0.030707090343621957
2002-02-20,1775.57,7.4818767771199175,0.014157199510693275
2002-02-21,1716.24,7.44789113040825,-0.033985646711667705
2002-02-22,1724.54,7.452715627236915,0.004824496828665481
2002-02-25,1769.88,7.478667026659411,0.025951399422496024
2002-02-26,1766.86,7.476959238846908,-0.0017077878125029144
2002-02-27,1751.88,7.468444775999889,-0.008514462847019288
2002-02-28,1731.49,7.456737588486498,-0.011707187513390949
2002-03-01,1802.74,7.497063008700635,0.04032542021413654
2002-03-04,1859.32,7.52796610846457,0.030903099763935238
2002-03-05,1866.29,7.531707781979369,0.0037416735147992597
2002-03-06,1890.4,7.544543725872698,0.01283594389332876
2002-03-07,1881.63,7.539893701454757,-0.0046500244179412675
2002-03-08,1929.67,7.565104282823464,0.025210581368707352
2002-03-11,1929.49,7.565010998274428,-9.328454903645422e-05
2002-03-12,1897.12,7.548092225709761,-0.016918772564666895
2002-03-13,1862.03,7.529422569415061,-0.01866965629469952
2002-03-14,1854.14,7.525176255680492,-0.004246313734569185
2002-03-15,1868.3,7.532784205465791,0.007607949785299439
2002-03-18,1877.06,7.537462001978647,0.004677796512855714
2002-03-19,1880.87,7.539489714738298,0.002027712759651301
2002-03-20,1832.87,7.513638323338807,-0.025851391399491774
2002-03-21,1868.83,7.53306784558725,0.0194295222484433
2002-03-22,1851.39,7.5236919873006025,-0.009375858286647443
2002-03-25,1812.49,7.502456869472231,-0.02123511782837184
2002-03-26,1824.17,7.508880368045649,0.006423498573417952
2002-03-27,1826.75,7.510293710671327,0.001413342625678382
2002-03-28,1845.35,7.520424240380517,0.010130529709189595
2002-04-01,1862.62,7.529739377708423,0.009315137327906342
2002-04-02,1804.4,7.4979834055342405,-0.03175597217418247
2002-04-03,1784.35,7.486809482238346,-0.011173923295894284
2002-04-04,1789.75,7.489831224276294,0.0030217420379479165
2002-04-05,1770.03,7.478751774576782,-0.011079449699511912
2002-04-08,1785.87,7.48766097043338,0.008909195856597663
2002-04-09,1742.57,7.4631163139942265,-0.02454465643915338
2002-04-10,1767.07,7.477078086701986,0.013961772707759224
2002-04-11,1725.24,7.453121450222501,-0.023956636479484317
2002-04-12,1756.19,7.470901968797396,0.017780518574894266
2002-04-15,1753.78,7.469528737471359,-0.001373231326036617
2002-04-16,1816.79,7.504826486593021,0.03529774912166239
2002-04-17,1810.67,7.501452221511291,-0.003374265081730776
2002-04-18,1802.43,7.496891033453552,-0.004561188057738974
2002-04-19,1796.83,7.493779280193861,-0.0031117532596907083
2002-04-22,1758.68,7.472318806641494,-0.021460473552367354
2002-04-23,1730.29,7.45604430350128,-0.01627450314021406
2002-04-24,1713.34,7.4461999608241145,-0.009844342677165052
2002-04-25,1713.7,7.446410054666804,0.0002100938426892185
2002-04-26,1663.89,7.416913513426841,-0.029496541239963037
2002-04-29,1656.93,7.412721771513095,-0.00419174191374605
2002-04-30,1688.23,7.431435921798077,0.0187141502849828
2002-05-01,1677.53,7.4250777524415135,-0.00635816935656397
2002-05-02,1644.82,7.405386234719994,-0.01969151772151978
2002-05-03,1613.03,7.385869676836319,-0.01951655788367468
2002-05-06,1578.48,7.364217637661206,-0.02165203917511338
2002-05-07,1573.82,7.361261064115192,-0.00295657354601353
2002-05-08,1696.29,7.436198792300665,0.07493772818547306
2002-05-09,1650.49,7.408827492504823,-0.027371299795841963
2002-05-10,1600.85,7.378290017164549,-0.03053747534027451
2002-05-13,1652.54,7.410068777181753,0.03177876001720392
2002-05-14,1719.05,7.449527091638141,0.0394583144563887
2002-05-15,1725.56,7.45330691446321,0.0037798228250682797
2002-05-16,1730.44,7.456130990414211,0.0028240759510014257
2002-05-17,1741.39,7.462438923871997,0.006307933457786241
2002-05-20,1701.59,7.439318387046944,-0.02312053682505333
2002-05-21,1664.18,7.417087788607792,-0.022230598439151983
2002-05-22,1673.45,7.422642642702799,0.005554854095007222
2002-05-23,1697.63,7.436988439711111,0.0143457970083114
2002-05-24,1661.49,7.415470069118697,-0.021518370592413127
2002-05-28,1652.17,7.409844854355516,-0.005625214763181674
2002-05-29,1624.39,7.3928876396740115,-0.01695721468150424
2002-05-30,1631.92,7.397512514714709,0.004624875040697418
2002-05-31,1615.73,7.387542145913834,-0.009970368800875207
2002-06-03,1562.56,7.3540807808732955,-0.033461365040538205
2002-06-04,1578.12,7.363989544141874,0.009908763268578369
2002-06-05,1595.26,7.374792011338744,0.010802467196870502
2002-06-06,1554.88,7.349153651217538,-0.02563836012120646
2002-06-07,1535.48,7.336598314722784,-0.01255533649475371
2002-06-10,1530.69,7.333473893117545,-0.0031244216052392915
2002-06-11,1497.18,7.311338617672283,-0.022135275445261726
2002-06-12,1519.12,7.3258864988171615,0.01454788114487826
2002-06-13,1496.86,7.311124859672244,-0.01476163914491746
2002-06-14,1504.74,7.316375404783601,0.005250545111357141
2002-06-17,1553.29,7.3481305410667455,0.0317551362831443
2002-06-18,1542.96,7.341457928501541,-0.006672612565204794
2002-06-19,1496.83,7.3111048175169095,-0.030353110984631115
2002-06-20,1464.75,7.289439858424898,-0.021664959092011493
2002-06-21,1440.96,7.273064837113207,-0.016375021311691107
2002-06-24,1460.34,7.286424564303139,0.013359727189931725
2002-06-25,1423.99,7.261218069475353,-0.025206494827785697
2002-06-26,1429.33,7.264961081990257,0.003743012514903832
2002-06-27,1459.2,7.285643619320067,0.020682537329809847
2002-06-28,1463.21,7.288387931389004,0.00274431206893766
2002-07-01,1403.8,7.246938124296321,-0.04144980709268342
2002-07-02,1357.82,7.213635751468891,-0.033302372827430204
2002-07-03,1380.17,7.229961958969979,0.016326207501088597
2002-07-05,1448.36,7.278187160829663,0.04822520185968404
2002-07-08,1405.61,7.2482266512471245,-0.02996050958253882
2002-07-09,1381.12,7.2306500431896605,-0.01757660805746397
2002-07-10,1346.01,7.20489993959758,-0.025750103592080187
2002-07-11,1374.43,7.225794378698406,0.020894439100825224
2002-07-12,1373.5,7.225117505535328,-0.0006768731630772962
2002-07-15,1382.62,7.231735528906324,0.006618023370995374
2002-07-16,1375.26,7.22639808313433,-0.005337445771993465
2002-07-17,1397.25,7.242261298149807,0.01586321501547694
2002-07-18,1356.95,7.212994813172251,-0.029266484977555685
2002-07-19,1319.15,7.184742868768458,-0.028251944403793416
2002-07-22,1282.65,7.156683529270074,-0.028059339498383906
2002-07-23,1229.05,7.11399679222099,-0.04268673704908377
2002-07-24,1290.23,7.162575776036773,0.04857898381578263
2002-07-25,1240.08,7.122931172647039,-0.039644603389733746
2002-07-26,1262.12,7.140548125743893,0.017616953096854182
2002-07-29,1335.25,7.19687381921988,0.05632569347598615
2002-07-30,1344.19,7.203546880139052,0.00667306091917208
2002-07-31,1328.26,7.191625094005893,-0.01192178613315864
2002-08-01,1280.0,7.154615356913663,-0.03700973709223021
2002-08-02,1247.92,7.129233444310613,-0.02538191260304945
2002-08-05,1206.01,7.095072669126717,-0.0341607751838966
2002-08-06,1259.55,7.138509793297682,0.043437124170965014
2002-08-07,1280.9,7.1553182348370905,0.016808441539408747
2002-08-08,1316.52,7.1827471706174,0.027428935780309693
2002-08-09,1306.12,7.174816189229424,-0.00793098138797621
2002-08-12,1306.84,7.1753672883799835,0.0005510991505595086
2002-08-13,1269.28,7.146205089553693,-0.029162198826290897
2002-08-14,1334.3,7.196162088748375,0.04995699919468244
2002-08-15,1345.01,7.204156726952538,0.007994638204163351
2002-08-16,1361.01,7.215982350163047,0.011825623210508951
2002-08-19,1394.54,7.240319890772333,0.02433754060928539
2002-08-20,1376.59,7.22736470566358,-0.012955185108753042
2002-08-21,1409.25,7.250812926961684,0.02344822129810442
2002-08-22,1422.95,7.260487460438098,0.009674533476413671
2002-08-23,1380.62,7.230287952619612,-0.03019950781848557
2002-08-26,1391.74,7.238310041839313,0.00802208921970049
2002-08-27,1347.78,7.206214073405134,-0.032095968434179056
2002-08-28,1314.38,7.181120350539125,-0.02509372286600886
2002-08-29,1335.77,7.197263183587476,0.016142833048351513
2002-08-30,1314.85,7.1814778696645005,-0.015785313922975774
2002-09-03,1263.84,7.141909984416109,-0.03956788524839183
2002-09-04,1292.31,7.164186593642505,0.022276609226396182
2002-09-05,1251.0,7.1316985104669115,-0.032488083175593374
2002-09-06,1295.3,7.16649760753621,0.034799097069298845
2002-09-09,1304.6,7.173651759361996,0.007154151825785604
2002-09-10,1320.09,7.185455195074324,0.011803435712328003
2002-09-11,1315.45,7.181934091396172,-0.003521103678152393
2002-09-12,1279.68,7.154365325658453,-0.02756876573771816
2002-09-13,1291.4,7.163482180192367,0.009116854533913532
2002-09-16,1275.88,7.151391415595184,-0.012090764597182613
2002-09-17,1259.94,7.138819379764082,-0.012572035831102113
2002-09-18,1252.13,7.132601380135496,-0.00621799962858649
2002-09-19,1216.45,7.103692059858131,-0.028909320277365147
2002-09-20,1221.09,7.1074991814679604,0.0038071216098298777
2002-09-23,1184.93,7.07743898009447,-0.03006020137349008
2002-09-24,1182.17,7.075107011651433,-0.002331968443037624
2002-09-25,1222.29,7.108481427452197,0.033374415800763835
2002-09-26,1221.61,7.1079249398565105,-0.0005564875956860504
2002-09-27,1199.16,7.089376590661699,-0.018548349194811742
2002-09-30,1172.06,7.066518163365811,-0.02285842729588783
2002-10-01,1213.72,7.101445302513252,0.03492713914744083
2002-10-02,1187.3,7.079437100671747,-0.02200820184150487
2002-10-03,1165.56,7.060956937202239,-0.018480163469507538
2002-10-04,1139.9,7.038695818242733,-0.022261118959506554
2002-10-07,1119.4,7.02054810645726,-0.018147711785473142
2002-10-08,1129.21,7.029273552167256,0.008725445709996116
2002-10-09,1114.11,7.015811158879938,-0.013462393287317909
2002-10-10,1163.37,7.059076244656303,0.04326508577636545
2002-10-11,1210.47,7.098763992923546,0.03968774826724264
2002-10-14,1220.53,7.107040469621056,0.008276476697510304
2002-10-15,1282.44,7.156519792324806,0.04947932270374977
2002-10-16,1232.42,7.116734995088073,-0.03978479723673267
2002-10-17,1272.29,7.148573705336268,0.03183871024819496
2002-10-18,1287.86,7.160737205104325,0.012163499768056418
2002-10-21,1309.67,7.177530476064001,0.016793270959675866
2002-10-22,1292.8,7.164565687766831,-0.01296478829716996
2002-10-23,1320.23,7.185561242826211,0.02099555505937989
2002-10-24,1298.71,7.1691267430940995,-0.016434499732111085
2002-10-25,1331.13,7.193783484549734,0.0246567414556349
2002-10-28,1315.83,7.182222924209587,-0.011560560340146964
2002-10-29,1300.54,7.170534841816707,-0.011688082392880439
2002-10-30,1326.73,7.1904725471643856,0.01993770534767858
2002-10-31,1329.75,7.192746233622427,0.0022736864580412686
2002-11-01,1360.7,7.215754552196813,0.023008318574386344
2002-11-04,1396.54,7.241753028011189,0.025998475814375865
2002-11-05,1401.17,7.245062880874318,0.0033098528631292368
2002-11-06,1418.99,7.257700629918862,0.012637749044543511
2002-11-07,1376.71,7.227451873789157,-0.0302487561297049
2002-11-08,1359.28,7.214710426777503,-0.012741447011653584
2002-11-11,1319.19,7.18477319086493,-0.029937235912573357
2002-11-12,1349.56,7.207533892381151,0.022760701516221005
2002-11-13,1361.34,7.216224787764102,0.008690895382951425
2002-11-14,1411.52,7.252422416916575,0.03619762915247282
2002-11-15,1411.14,7.2521531673418504,-0.0002692495747247392
2002-11-18,1393.69,7.239710184954426,-0.012442982387424806
2002-11-19,1374.51,7.225852582951698,-0.013857602002727454
2002-11-20,1419.35,7.2579542993185315,0.032101716366833344
2002-11-21,1467.55,7.291349622672085,0.03339532335355333
2002-11-22,1468.74,7.292160169358652,0.0008105466865675481
2002-11-25,1481.9,7.301080327196133,0.00892015783748068
2002-11-26,1444.43,7.275470059057454,-0.025610268138678727
2002-11-27,1487.94,7.305147891999415,0.029677832941960247
2002-11-29,1478.78,7.298972702491713,-0.006175189507701795
2002-12-02,1484.78,7.303021892113631,0.004049189621918359
2002-12-03,1448.96,7.2786013366946545,-0.024420555418976697
2002-12-04,1430.35,7.26567444855103,-0.012926888143624637
2002-12-05,1410.75,7.251876756849249,-0.013797691701780579
2002-12-06,1422.44,7.260128985849053,0.008252228999803712
2002-12-09,1367.14,7.220476245525344,-0.039652740323709246
2002-12-10,1390.76,7.237605639294463,0.01712939376911926
2002-12-11,1396.59,7.2417888301399875,0.004183190845524543
2002-12-12,1399.55,7.243906035362686,0.002117205222698537
2002-12-13,1362.42,7.217017809217241,-0.02688822614544506
2002-12-16,1400.33,7.244463202112817,0.027445392895575793
2002-12-17,1392.05,7.2385327597895035,-0.005930442323313301
2002-12-18,1361.51,7.216349656927091,-0.022183102862412873
2002-12-19,1354.1,7.210892305988779,-0.005457350938312011
2002-12-20,1363.05,7.217480114809466,0.006587808820687435
2002-12-23,1381.69,7.231062666575335,0.013582551765868978
2002-12-24,1372.47,7.224367315221301,-0.006695351354034429
2002-12-26,1367.89,7.221024685592765,-0.0033426296285359314
2002-12-27,1348.31,7.20660723535954,-0.014417450233224827
2002-12-30,1339.54,7.20008155042757,-0.0065256849319697
2002-12-31,1335.51,7.197068520354255,-0.003013030073315548
2003-01-02,1384.85,7.233347109507121,0.0362785891528663
2003-01-03,1387.08,7.234956097094176,0.0016089875870548553
2003-01-06,1421.32,7.259341296270531,0.024385199176355066
2003-01-07,1431.57,7.266527023098117,0.007185726827586336
2003-01-08,1401.07,7.244991509400038,-0.021535513698078823
2003-01-09,1438.46,7.271328375861853,0.02633686646181488
2003-01-10,1447.72,7.277745184081494,0.00641680821964119
2003-01-13,1446.04,7.276584064853399,-0.0011611192280955862
2003-01-14,1460.99,7.286869567100307,0.010285502246908607
2003-01-15,1438.8,7.271564711821469,-0.015304855278838403
2003-01-16,1423.75,7.261049514761392,-0.01051519706007742
2003-01-17,1376.19,7.22707409035628,-0.03397542440511181
2003-01-21,1364.25,7.218360106066341,-0.008713984289938637
2003-01-22,1358.23,7.213937660493477,-0.0044224455728638645
2003-01-23,1393.67,7.2396958344578985,0.02575817396442126
2003-01-24,1340.22,7.20058905857352,-0.039106775884378386
2003-01-27,1320.32,7.185629410442832,-0.014959648130687953
2003-01-28,1346.5,7.205263912251653,0.019634501808821092
2003-01-29,1363.31,7.21767084530785,0.012406933056197111
2003-01-30,1322.06,7.1869464051608505,-0.030724440146999932
2003-01-31,1331.04,7.193715870535578,0.006769465374727446
2003-02-03,1335.76,7.197255697240702,0.003539826705123872
2003-02-04,1306.15,7.174839157758712,-0.022416539481989517
2003-02-05,1301.49,7.17126504096292,-0.003574116795792115
2003-02-06,1291.47,7.163536383462386,-0.007728657500534197
2003-02-07,1278.54,7.153474080905883,-0.010062302556502978
2003-02-10,1298.57,7.169018938005595,0.015544857099712317
2003-02-11,1285.77,7.159113039657515,-0.0099058983480802
2003-02-12,1278.74,7.153630497098407,-0.005482542559108516
2003-02-13,1261.79,7.140286626719063,-0.013343870379343592
2003-02-14,1310.37,7.178064819063844,0.0377781923447813
2003-02-18,1346.92,7.205575783406842,0.027510964342997823
2003-02-19,1322.12,7.186991787850388,-0.018583995556453736
2003-02-20,1329.09,7.192249776510637,0.005257988660248181
2003-02-21,1352.07,7.209392030410552,0.017142253899915083
2003-02-24,1321.44,7.186477330062407,-0.022914700348144912
2003-02-25,1331.35,7.193948744007459,0.007471413945052241
2003-02-26,1302.83,7.172294100462714,-0.021654643544745333
2003-02-27,1331.79,7.1942791810134015,0.02198508055068782
2003-02-28,1342.73,7.202460133869203,0.00818095285580167
2003-03-03,1316.85,7.182997800040328,-0.019462333828875522
2003-03-04,1307.27,7.175696272243615,-0.007301527796713003
2003-03-05,1317.69,7.18363548254161,0.00793921029799538
2003-03-06,1299.81,7.16997337892196,-0.013662103619649812
2003-03-07,1310.53,7.178186914527386,0.008213535605426259
2003-03-10,1277.18,7.1524098014634,-0.025777113063986334
2003-03-11,1269.48,7.146362646786684,-0.00604715467671646
2003-03-12,1279.59,7.154294993102656,0.007932346315972616
2003-03-13,1340.78,7.201006813148786,0.04671182004612984
2003-03-14,1342.43,7.202236683496602,0.0012298703478155204
2003-03-17,1392.41,7.238791337755792,0.03655465425919058
2003-03-18,1400.55,7.244620295598045,0.005828957842252791
2003-03-19,1378.57,7.228802009007751,-0.01581828659029405
2003-03-20,1411.41,7.252344483705298,0.023542474697547
2003-03-21,1425.73,7.262439242233542,0.010094758528244263
2003-03-24,1368.37,7.221375529448921,-0.041063712784620954
2003-03-25,1400.14,7.244327510603683,0.022951981154761825
2003-03-26,1383.35,7.232263372676827,-0.012064137926856233
2003-03-27,1392.46,7.238827246074676,0.006563873397849029
2003-03-28,1367.89,7.221024685592765,-0.0178025604819112
2003-03-31,1357.0,7.213031659834869,-0.007993025757895289
2003-04-01,1356.37,7.212567292637384,-0.00046436719748577104
2003-04-02,1400.86,7.244841612721397,0.03227432008401365
2003-04-03,1412.08,7.252819073672024,0.007977460950626458
2003-04-04,1378.22,7.228548090499718,-0.024270983172305804
2003-04-07,1389.51,7.2367064459900545,0.00815835549033661
2003-04-08,1392.52,7.238870334355389,0.002163888365334543
2003-04-09,1356.6,7.212736848511979,-0.026133485843409687
2003-04-10,1368.11,7.221185504306562,0.008448655794582649
2003-04-11,1353.74,7.210626411399644,-0.010559092906918366
2003-04-14,1386.5,7.234537865055833,0.023911453656189074
2003-04-15,1394.03,7.239954111892343,0.005416246836510652
2003-04-16,1391.99,7.238489656960515,-0.0014644549318285627
2003-04-17,1425.5,7.2622779083527265,0.023788251392211635
2003-04-21,1413.71,7.253972733484526,-0.008305174868200815
2003-04-22,1452.34,7.280931327753233,0.026958594268707614
2003-04-23,1468.08,7.291710703602419,0.010779375849185868
2003-04-24,1465.92,7.290238310698378,-0.0014723929040414419
2003-04-25,1432.02,7.266841313903507,-0.023396996794870617
2003-04-28,1465.4,7.289883521725864,0.023042207822356886
2003-04-29,1459.48,7.285835486877223,-0.0040480348486413575
2003-04-30,1472.69,7.294845939459861,0.009010452582637996
2003-05-01,1478.85,7.29902003768916,0.004174098229299261
2003-05-02,1504.22,7.316029770408152,0.017009732718991977
2003-05-05,1502.66,7.3149921499244845,-0.0010376204836672898
2003-05-06,1531.82,7.334211849925053,0.019219700000568274
2003-05-07,1503.06,7.315258309115867,-0.018953540809185654
2003-05-08,1504.04,7.3159100999008055,0.0006517907849383775
2003-05-09,1520.15,7.326564293181882,0.010654193281076196
2003-05-12,1544.41,7.342397239375593,0.01583294619371145
2003-05-13,1548.59,7.345100118486339,0.0027028791107461814
2003-05-14,1526.14,7.330496950755526,-0.014603167730813382
2003-05-15,1536.03,7.336956444766885,0.006459494011359368
2003-05-16,1534.35,7.335862117571126,-0.0010943271957595258
2003-05-19,1492.46,7.308181044237596,-0.02768107333352976
2003-05-20,1480.13,7.299885200738482,-0.008295843499114497
2003-05-21,1478.15,7.298546584856508,-0.0013386158819734817
2003-05-22,1512.8,7.321717517344248,0.023170932487739826
2003-05-23,1514.49,7.322834027606272,0.0011165102620243061
2003-05-27,1558.28,7.351337927870072,0.02850390026380012
2003-05-28,1571.85,7.36000854858906,0.00867062071898772
2003-05-29,1591.26,7.372281434219505,0.012272885630444819
2003-05-30,1599.92,7.377708906977831,0.005427472758325891
2003-06-02,1586.48,7.3692730045775745,-0.008435902400256268
2003-06-03,1603.74,7.380093680524592,0.0108206759470173
2003-06-04,1638.57,7.4015791892281415,0.021485508703549705
2003-06-05,1646.01,7.406109456552704,0.004530267324562409
2003-06-06,1625.18,7.393373857860149,-0.01273559869255525
2003-06-09,1597.32,7.376082503846928,-0.017291354013220683
2003-06-10,1627.77,7.394966258940582,0.01888375509365403
2003-06-11,1647.57,7.407056754093166,0.012090495152584424
2003-06-12,1646.08,7.4061519827290905,-0.0009047713640759625
2003-06-13,1624.12,7.392721409617387,-0.013430573111703481
2003-06-16,1667.77,7.419242683722786,0.026521274105398618
2003-06-17,1674.09,7.423025013045079,0.0037823293222931653
2003-06-18,1685.04,7.429544581377103,0.0065195683320240505
2003-06-19,1646.79,7.40658321749451,-0.022961363882592956
2003-06-20,1638.93,7.401798868862892,-0.004784348631617696
2003-06-23,1601.45,7.37866474783127,-0.023134121031621824
2003-06-24,1598.25,7.376664559646836,-0.0020001881844340375
2003-06-25,1600.28,7.3779338929171585,0.0012693332703221927
2003-06-26,1636.15,7.400101200001258,0.022167307084099086
2003-06-27,1621.25,7.390952735630654,-0.009148464370603904
2003-06-30,1621.44,7.391069922287545,0.00011718665689119945
2003-07-01,1641.77,7.403530207119616,0.012460284832070734
2003-07-02,1678.77,7.425816661392691,0.022286454273075407
2003-07-03,1660.95,7.415145006812227,-0.01067165458046393
2003-07-07,1721.25,7.450806050042865,0.0356610432306379
2003-07-08,1747.44,7.465907138754566,0.015101088711700683
2003-07-09,1758.18,7.472034462082217,0.006127323327651091
2003-07-10,1707.49,7.442779734912422,-0.029254727169794492
2003-07-11,1737.41,7.460150777536204,0.01737104262378164
2003-07-14,1748.88,7.466730862030136,0.0065800844939323255
2003-07-15,1742.1,7.462846561046113,-0.003884300984022815
2003-07-16,1734.14,7.45826689225896,-0.004579668787153324
2003-07-17,1693.47,7.434534957309067,-0.02373193494989323
2003-07-18,1714.84,7.4470750607872,0.012540103478133169
2003-07-21,1675.18,7.423675901172033,-0.02339915961516681
2003-07-22,1710.34,7.444447460141916,0.020771558969882697
2003-07-23,1720.04,7.45010282535104,0.005655365209124241
2003-07-24,1700.29,7.438554103731083,-0.011548721619957014
2003-07-25,1730.91,7.456402560756932,0.01784845702584903
2003-07-28,1740.59,7.461979415193558,0.005576854436625922
2003-07-29,1713.21,7.4461240827543,-0.015855332439258518
2003-07-30,1717.07,7.448374628849212,0.0022505460949124867
2003-07-31,1757.37,7.471573652243452,0.023199023394240292
2003-08-01,1714.01,7.446590933446423,-0.024982718797029513
2003-08-04,1723.27,7.451978927675491,0.005387994229067772
2003-08-05,1671.04,7.421201466070709,-0.030777461604781564
2003-08-06,1675.46,7.423843033421783,0.0026415673510742366
2003-08-07,1658.43,7.413626650682989,-0.010216382738794216
2003-08-08,1640.88,7.402987962273648,-0.010638688409341235
2003-08-11,1668.06,7.419416553494765,0.01642859122111684
2003-08-12,1687.48,7.4309915708246,0.011575017329835013
2003-08-13,1695.83,7.435927575478844,0.004936004654243931
2003-08-14,1700.34,7.438583510046974,0.0026559345681302915
2003-08-15,1705.33,7.441513919376641,0.0029304093296671496
2003-08-18,1739.59,7.461404732259042,0.019890812882400688
2003-08-19,1761.63,7.473994795796159,0.012590063537117224
2003-08-20,1768.52,7.477898317600531,0.0039035218043723674
2003-08-21,1762.97,7.474755165803854,-0.003143151796677124
2003-08-22,1765.3,7.476075926595238,0.0013207607913834352
2003-08-25,1752.12,7.468581762301473,-0.007494164293764705
2003-08-26,1771.22,7.479423853670205,0.010842091368732376
2003-08-27,1783.12,7.486119917897938,0.006696064227732279
2003-08-28,1800.65,7.495902989810443,0.009783071912504937
2003-08-29,1813.82,7.503190397526718,0.007287407716275673
2003-09-02,1841.48,7.518324875114765,0.01513447758804709
2003-09-03,1846.51,7.521052649929185,0.002727774814419881
2003-09-04,1870.0,7.533693709848633,0.012641059919447528
2003-09-05,1850.69,7.523313821508214,-0.010379888340418475
2003-09-08,1888.65,7.543617567115819,0.020303745607605173
2003-09-09,1867.81,7.532521900553565,-0.011095666562254358
2003-09-10,1823.81,7.508682998541886,-0.023838902011679153
2003-09-11,1852.6,7.524345336819927,0.015662338278040977
2003-09-12,1855.04,7.525661538151368,0.0013162013314413912
2003-09-15,1843.79,7.519578514768053,-0.006083023383315123
2003-09-16,1887.87,7.543204488402564,0.0236259736345108
2003-09-17,1883.1,7.540674633991595,-0.002529854410968646
2003-09-18,1910.51,7.555125501105133,0.014450867113537491
2003-09-19,1905.9,7.552709616940597,-0.00241588416453542
2003-09-22,1866.88,7.532023867239302,-0.02068574970129511
2003-09-23,1901.73,7.550519277192691,0.018495409953388275
2003-09-24,1843.43,7.519383245702934,-0.031136031489756633
2003-09-25,1817.2,7.505052133885248,-0.014331111817686093
2003-09-26,1792.06,7.491121075117219,-0.013931058768029025
2003-09-29,1824.59,7.509110583243062,0.017989508125842768
2003-09-30,1802.71,7.49704636722731,-0.012064216015751583
2003-10-01,1832.25,7.51329999880596,0.016253631578649674
2003-10-02,1823.64,7.508589782733514,-0.004710216072445483
2003-10-03,1891.62,7.54518888377367,0.036599101040155624
2003-10-06,1894.22,7.546562423283404,0.0013735395097338454
2003-10-07,1907.88,7.553747956948618,0.007185533665214017
2003-10-08,1891.99,7.545384464185593,-0.008363492763024283
2003-10-09,1899.21,7.549193289216436,0.0038088250308430105
2003-10-10,1913.92,7.556908773856192,0.007715484639756021
2003-10-13,1921.96,7.561100777659146,0.004192003802953259
2003-10-14,1943.33,7.572158275409091,0.011057497749945355
2003-10-15,1933.03,7.566843999005125,-0.005314276403965756
2003-10-16,1951.76,7.576486808594294,0.009642809589168522
2003-10-17,1910.24,7.554984167597079,-0.021502640997215217
2003-10-20,1925.16,7.562764360150985,0.007780192553906495
2003-10-21,1952.48,7.576855638383529,0.014091278232544191
2003-10-22,1897.36,7.548218725256639,-0.028636913126890207
2003-10-23,1893.2,7.546023798032093,-0.0021949272245462836
2003-10-24,1841.62,7.518400898030281,-0.02762290000181178
2003-10-27,1873.62,7.535627667423542,0.017226769393261065
2003-10-28,1932.26,7.566445581287342,0.030817913863799618
2003-10-29,1937.37,7.569086662202219,0.0026410809148771364
2003-10-30,1929.77,7.56515610381305,-0.003930558389169114
2003-10-31,1937.14,7.568967937511732,0.003811833698682321
2003-11-03,1969.26,7.58541311664595,0.016445179134217724
2003-11-04,1953.64,7.577449578167305,-0.00796353847864495
2003-11-05,1966.15,7.583832594846488,0.006383016679182951
2003-11-06,1977.91,7.5897960106419164,0.005963415795428695
2003-11-07,1968.81,7.58518457830003,-0.0046114323418864345
2003-11-10,1939.73,7.570304067113867,-0.014880511186163403
2003-11-11,1923.5,7.56190172219235,-0.00840234492151648
2003-11-12,1973.11,7.587366257129416,0.025464534937065686
2003-11-13,1970.4,7.585991846806328,-0.0013744103230877158
2003-11-14,1930.26,7.5654099878515835,-0.020581858954744625
2003-11-17,1890.72,7.544712987890706,-0.020696999960877704
2003-11-18,1881.75,7.539957473914641,-0.0047555139760646625
2003-11-19,1903.43,7.551412800783343,0.011455326868701654
2003-11-20,1880.91,7.539510981266379,-0.011901819516963563
2003-11-21,1892.82,7.545823059525019,0.006312078258639886
2003-11-24,1947.14,7.5741169082827575,0.028293848757738438
2003-11-25,1956.2,7.578759094856393,0.004642186573635243
2003-11-26,1930.63,7.56560165350439,-0.013157441352002586
2003-11-28,1963.06,7.582259759270376,0.01665810576598581
2003-12-01,1989.82,7.5957994613661795,0.013539702095803463
2003-12-02,1978.23,7.589957784492538,-0.005841676873641788
2003-12-03,1960.13,7.580766076555668,-0.00919170793686952
2003-12-04,1942.67,7.57181859450001,-0.00894748205565854
2003-12-05,1935.58,7.56816230215241,-0.0036562923475997877
2003-12-08,1948.94,7.575040914015735,0.006878611863324835
2003-12-09,1906.84,7.553202700664662,-0.02183821335107261
2003-12-10,1887.46,7.542987288845645,-0.010215411819016751
2003-12-11,1945.92,7.573490151931745,0.03050286308609973
2003-12-12,1949.02,7.575081961127563,0.00159180919581825
2003-12-15,1918.26,7.5591738041290295,-0.015908156998533762
2003-12-16,1924.29,7.562312347518108,0.0031385433890784853
2003-12-17,1914.65,7.557290117286688,-0.005022230231420011
2003-12-18,1955.3,7.578298913332229,0.021008796045540734
2003-12-19,1951.02,7.576107591723823,-0.0021913216084055165
2003-12-22,1941.62,7.5712779551421985,-0.004829636581624719
2003-12-23,1974.78,7.588212278725564,0.01693432358336544
2003-12-24,1974.31,7.587974249203715,-0.0002380295218484818
2003-12-26,1973.14,7.587381461437303,-0.0005927877664122505
2003-12-29,2006.48,7.604137222052012,0.016755760614708848
2003-12-30,2010.13,7.6059546755785945,0.0018174535265824687
2003-12-31,1996.62,7.599211029881104,-0.006743645697490308
2004-01-02,1999.77,7.600787452929075,0.0015764230479708985
2004-01-05,2047.36,7.624306437321098,0.023518984392023157
2004-01-06,2061.54,7.63120855530579,0.006902117984691536
2004-01-07,2078.09,7.639204481597126,0.007995926291336275
2004-01-08,2100.25,7.6498116642449565,0.010607182647830449
2004-01-09,2113.33,7.656020181474852,0.0062085172298953495
2004-01-12,2112.52,7.655636826642134,-0.0003833548327181191
2004-01-13,2089.35,7.64460829180215,-0.01102853483998345
2004-01-14,2111.73,7.655262795744716,0.010654503942565619
2004-01-15,2121.61,7.659930513404267,0.004667717659550874
2004-01-16,2140.47,7.668780710069825,0.008850196665558308
2004-01-20,2130.2,7.663971151009065,-0.0048095590607601935
2004-01-21,2140.25,7.668677923622595,0.004706772613530141
2004-01-22,2119.01,7.658704277464337,-0.00997364615825802
2004-01-23,2108.45,7.653708359365012,-0.004995918099324648
2004-01-26,2153.83,7.675002931667679,0.021294572302666737
2004-01-27,2116.04,7.657301696391202,-0.017701235276477156
2004-01-28,2073.15,7.636824468718145,-0.02047722767305693
2004-01-29,2041.07,7.621229459134997,-0.015595009583147856
2004-01-30,2065.44,7.633098557758399,0.011869098623401797
2004-02-02,2085.49,7.642759118612317,0.009660560853918199
2004-02-03,2071.44,7.635999296579512,-0.006759822032805118
2004-02-04,2013.92,7.607838350543195,-0.02816094603631747
2004-02-05,2012.79,7.607277098290282,-0.0005612522529121478
2004-02-06,2064.01,7.632405971550957,0.025128873260674922
2004-02-09,2060.44,7.630674831209063,-0.001731140341894033
2004-02-10,2075.33,7.63787545616447,0.0072006249554066315
2004-02-11,2089.66,7.644756652299286,0.006881196134815859
2004-02-12,2072.06,7.63629856048907,-0.008458091810215507
2004-02-13,2049.76,7.625477992108124,-0.010820568380946582
2004-02-17,2084.72,7.642389832648901,0.01691184054077688
2004-02-18,2072.19,7.636361298016991,-0.006028534631909999
2004-02-19,2045.96,7.62362239597833,-0.012738902038660349
2004-02-20,2022.79,7.612233025551133,-0.011389370427197676
2004-02-23,1999.59,7.60069743852671,-0.011535587024422256
2004-02-24,2018.07,7.609896888121659,0.009199449594948561
2004-02-25,2024.2,7.612929839754801,0.0030329516331422113
2004-02-26,2037.17,7.61931686880738,0.006387029052579152
2004-02-27,2018.83,7.610273414668751,-0.009043454138629059
2004-03-01,2057.8,7.62939272994171,0.019119315272958737
2004-03-02,2039.65,7.620533503491231,-0.008859226450478985
2004-03-03,2039.31,7.620366794329685,-0.00016670916154559734
2004-03-04,2055.12,7.628089519386046,0.007722725056360957
2004-03-05,2069.02,7.634830344204381,0.006740824818334268
2004-03-08,2008.78,7.60528285160106,-0.02954749260332079
2004-03-09,1987.29,7.594527180568678,-0.010755671032382175
2004-03-10,1963.13,7.5822954172492345,-0.01223176331944309
2004-03-11,1943.89,7.572446399057289,-0.009849018191945724
2004-03-12,1984.73,7.593238163718578,0.02079176466128896
2004-03-15,1939.2,7.570030795874995,-0.02320736784358246
2004-03-16,1927.69,7.56407767386091,-0.005953122014084933
2004-03-17,1980.31,7.591008677090024,0.026931003229113237
2004-03-18,1947.56,7.574332585999464,-0.016676091090559453
2004-03-19,1940.47,7.570685490756448,-0.0036470952430160963
2004-03-22,1897.63,7.548361018121946,-0.022324472634502435
2004-03-23,1898.94,7.549051114736516,0.0006900966145702014
2004-03-24,1922.51,7.561386902926739,0.012335788190223518
2004-03-25,1967.17,7.584351240684032,0.02296433775729234
2004-03-26,1960.02,7.580709956254134,-0.003641284429897418
2004-03-29,1996.23,7.599015680693811,0.01830572443967693
2004-03-30,2000.68,7.60124240175518,0.002226721061369119
2004-03-31,2004.0,7.602900462204755,0.0016580604495750606
2004-04-01,2019.09,7.610402193842365,0.007501731637609588
2004-04-02,2057.17,7.629086530866177,0.018684337023811892
2004-04-05,2079.12,7.639700006249995,0.01061347538381785
2004-04-06,2053.32,7.627213274331879,-0.012486731918115446
2004-04-07,2060.44,7.630674831209063,0.00346155687718408
2004-04-08,2046.1,7.623690821172514,-0.006984010036549471
2004-04-12,2069.45,7.635038150471695,0.011347329299181474
2004-04-13,2026.2,7.613917396619577,-0.021120753852118312
2004-04-14,2013.98,7.607868142742606,-0.0060492538769709725
2004-04-15,1989.21,7.595492853974539,-0.012375288768066817
2004-04-16,2007.17,7.604481048746814,0.008988194772275193
2004-04-19,2020.45,7.611075537862419,0.006594489115604674
2004-04-20,1978.63,7.590159965010101,-0.020915572852318043
2004-04-21,1995.91,7.5988553656744555,0.00869540066435448
2004-04-22,2035.39,7.618442725706556,0.019587360032100598
2004-04-23,2034.48,7.61799553696826,-0.00044718873829641126
2004-04-26,2031.75,7.616652769633315,-0.0013427673349450941
2004-04-27,2027.64,7.614627834160559,-0.002024935472755729
2004-04-28,1985.54,7.593646196427304,-0.020981637733254566
2004-04-29,1946.1,7.573582648887119,-0.020063547540185134
2004-04-30,1919.39,7.5597627062085095,-0.013819942678609642
2004-05-03,1926.09,7.563247320238269,0.003484614029759747
2004-05-04,1969.97,7.585773593189685,0.022526272951415294
2004-05-05,1967.33,7.584432572492438,-0.0013410206972466199
2004-05-06,1923.3,7.561797739661321,-0.022634832831117002
2004-05-07,1917.96,7.559017400168562,-0.0027803394927587988
2004-05-10,1907.98,7.553800369773,-0.0052170303955625386
2004-05-11,1931.48,7.566041827406079,0.012241457633079378
2004-05-12,1927.23,7.563839017804659,-0.0022028096014201637
2004-05-13,1937.87,7.569344710737419,0.005505692932760375
2004-05-14,1897.57,7.5483293992349285,-0.021015311502490697
2004-05-17,1887.74,7.543135625357889,-0.005193773877039121
2004-05-18,1903.39,7.551391785868006,0.008256160510116572
2004-05-19,1898.16,7.548640274879271,-0.002751510988734829
2004-05-20,1890.18,7.544427341614067,-0.004212933265204555
2004-05-21,1899.85,7.549530214669603,0.00510287305553625
2004-05-24,1915.56,7.557765287064388,0.00823507239478527
2004-05-25,1966.68,7.5841021208637365,0.02633683379934837
2004-05-26,1976.16,7.588910846689704,0.004808725825967919
2004-05-27,1969.04,7.585301393313431,-0.003609453376273386
2004-05-28,1990.81,7.596296870078072,0.01099547676464141
2004-06-01,1972.71,7.58716351093148,-0.009133359146592746
2004-06-02,1998.32,7.60006210654439,0.012898595612909958
2004-06-03,1960.26,7.580832396488148,-0.019229710056241522
2004-06-04,1995.5,7.598649924488789,0.017817528000640515
2004-06-07,2020.62,7.611159673994731,0.012509749505942303
2004-06-08,2023.54,7.612603731849723,0.0014440578549921312
2004-06-09,1989.99,7.595884892580284,-0.016718839269438845
2004-06-10,1988.89,7.595331973151689,-0.0005529194285953665
2004-06-14,1963.48,7.582473688073649,-0.012858285078039877
2004-06-15,2006.58,7.604187059333299,0.021713371259649783
2004-06-16,2002.07,7.601936924298868,-0.0022501350344308335
2004-06-17,1976.25,7.588956388523682,-0.012980535775185764
2004-06-18,2000.41,7.601107438532454,0.012151050008771591
2004-06-21,1972.43,7.5870215641308745,-0.014085874401579268
2004-06-22,1994.87,7.598334164293501,0.011312600162626474
2004-06-23,2023.23,7.612450523241077,0.014116358947576124
2004-06-24,2013.78,7.607768831959359,-0.004681691281717804
2004-06-25,2033.87,7.6176956610949595,0.009926829135600279
2004-06-28,2013.73,7.607744002722435,-0.009951658372524541
2004-06-29,2037.6,7.619527923665247,0.01178392094281211
2004-06-30,2055.65,7.62834737862066,0.008819454955412809
2004-07-01,2006.67,7.6042319107629455,-0.024115467857714457
2004-07-02,1996.61,7.599206021404257,-0.005025889358688751
2004-07-06,1958.69,7.580031161420596,-0.019174859983660753
2004-07-07,1976.92,7.58929535700033,0.00926419557973368
2004-07-08,1934.57,7.567640358546643,-0.02165499845368668
2004-07-09,1940.22,7.570556647689702,0.002916289143058748
2004-07-12,1941.24,7.571082223129603,0.0005255754399016155
2004-07-13,1930.59,7.56558093466423,-0.005501288465373122
2004-07-14,1937.68,7.569246660138071,0.0036657254738408085
2004-07-15,1925.76,7.563075974001626,-0.006170686136445447
2004-07-16,1882.93,7.540584353244966,-0.02249162075665989
2004-07-19,1870.14,7.533768573356451,-0.006815779888515117
2004-07-20,1917.07,7.558553257767602,0.024784684411151225
2004-07-21,1874.37,7.5360278819438635,-0.02252537582373826
2004-07-22,1892.98,7.5459075859131515,0.009879703969287945
2004-07-23,1846.55,7.521074312182169,-0.024833273730982874
2004-07-26,1829.06,7.511557452664172,-0.009516859517996856
2004-07-27,1872.17,7.534853464880192,0.0232960122160204
2004-07-28,1869.0,7.533158807455563,-0.0016946574246290425
2004-07-29,1867.62,7.53242017197069,-0.0007386354848728516
2004-07-30,1896.31,7.547665171559658,0.015244999588968078
2004-08-02,1893.13,7.545986822913703,-0.0016783486459557295
2004-08-03,1859.17,7.527885430554945,-0.01810139235875763
2004-08-04,1864.8,7.530909087721548,0.003023657166602689
2004-08-05,1820.21,7.506707158029933,-0.024201929691614943
2004-08-06,1775.57,7.4818767771199175,-0.024830380910015215
2004-08-09,1774.64,7.481352864437978,-0.000523912681939187
2004-08-10,1808.7,7.500363634163469,0.019010769725491095
2004-08-11,1782.42,7.485727270495865,-0.01463636366760479
2004-08-12,1752.49,7.468792912758371,-0.016934357737493855
2004-08-13,1757.22,7.471488293780536,0.0026953810221650443
2004-08-16,1782.84,7.485962877437262,0.01447458365672638
2004-08-17,1795.25,7.492899566990427,0.006936689553164399
2004-08-18,1831.37,7.512819599628685,0.019920032638258256
2004-08-19,1819.89,7.506531338683858,-0.006288260944827151
2004-08-20,1838.01,7.516438743597241,0.009907404913382933
2004-08-23,1838.7,7.516814079159796,0.00037533556255553435
2004-08-24,1836.89,7.515829203182712,-0.0009848759770845206
2004-08-25,1860.72,7.528718788578813,0.012889585396101744
2004-08-26,1852.92,7.524518052120773,-0.004200736458040311
2004-08-27,1862.08,7.529449421468305,0.004931369347532133
2004-08-30,1836.49,7.515611420104685,-0.013838001363620123
2004-08-31,1838.1,7.516487708399718,0.0008762882950330564
2004-09-01,1850.41,7.523162515139548,0.006674806739829897
2004-09-02,1873.43,7.535526254311807,0.01236373917225908
2004-09-03,1844.48,7.519952673931048,-0.015573580380759289
2004-09-07,1858.56,7.527557273316267,0.007604599385219402
2004-09-08,1850.64,7.523286804192815,-0.004270469123452081
2004-09-09,1869.65,7.533506526555532,0.01021972236271651
2004-09-10,1894.31,7.546609935115178,0.013103408559646645
2004-09-13,1910.38,7.555057454131758,0.008447519016579363
2004-09-14,1915.4,7.5576817570875185,0.002624302955760882
2004-09-15,1896.52,7.547775906815504,-0.009905850272014405
2004-09-16,1904.08,7.551754231275352,0.003978324459847471
2004-09-17,1910.09,7.554905640349392,0.0031514090740403233
2004-09-20,1908.07,7.553847538966284,-0.0010581013831076902
2004-09-21,1921.17,7.560689654428275,0.006842115461990872
2004-09-22,1885.71,7.542059686789294,-0.01862996763898117
2004-09-23,1886.43,7.542441432964538,0.00038174617524422416
2004-09-24,1879.48,7.538750421819656,-0.003691011144882239
2004-09-27,1859.88,7.5282672484969595,-0.010483173322696437
2004-09-28,1869.87,7.533624188715517,0.005356940218557149
2004-09-29,1893.94,7.5464145942579615,0.012790405542444816
2004-09-30,1896.84,7.547944622677305,0.0015300284193431324
2004-10-01,1942.2,7.571576630160254,0.02363200748294947
2004-10-04,1952.4,7.576814664012993,0.005238033852738688
2004-10-05,1955.5,7.5784011941955685,0.0015865301825757072
2004-10-06,1971.03,7.586311527737038,0.00791033354146986
2004-10-07,1948.52,7.574825389031963,-0.011486138705075533
2004-10-08,1919.97,7.560064839899756,-0.014760549132207146
2004-10-11,1928.76,7.56463258836905,0.004567748469294308
2004-10-12,1925.17,7.562769554510949,-0.0018630338581013817
2004-10-13,1920.53,7.5603564685960025,-0.002413085914946045
2004-10-14,1903.02,7.551197376962415,-0.009159091633587302
2004-10-15,1911.5,7.555643553136467,0.004446176174051963
2004-10-18,1936.52,7.568647826812654,0.013004273676187061
2004-10-19,1922.9,7.561589742156541,-0.007058084656113017
2004-10-20,1932.97,7.566812959170669,0.005223217014127535
2004-10-21,1953.62,7.577439340814275,0.010626381643605853
2004-10-22,1915.14,7.557546005992164,-0.019893334822110198
2004-10-25,1914.04,7.556971470436114,-0.0005745355560504706
2004-10-26,1928.79,7.564648142282803,0.007676671846689409
2004-10-27,1969.99,7.585783745577019,0.0211356032942156
2004-10-28,1975.74,7.588698290703175,0.0029145451261562982
2004-10-29,1974.99,7.588318614031264,-0.0003796766719110778
2004-11-01,1979.87,7.5907864649674375,0.002467850936173299
2004-11-02,1984.79,7.593268394073887,0.002481929106449954
2004-11-03,2004.33,7.603065119306713,0.009796725232825487
2004-11-04,2023.63,7.612648207372133,0.009583088065419965
2004-11-05,2038.94,7.620185343952188,0.007537136580054948
2004-11-08,2039.25,7.62033737218069,0.00015202822850213238
2004-11-09,2043.33,7.622336108939447,0.001998736758756614
2004-11-10,2034.56,7.618034858282384,-0.004301250657062994
2004-11-11,2061.27,7.631077576676948,0.013042718394564723
2004-11-12,2085.34,7.6426871904828735,0.011609613805925179
2004-11-15,2094.09,7.646874370449565,0.004187179966691268
2004-11-16,2078.62,7.6394594909689,-0.007414879480664993
2004-11-17,2099.68,7.649540231147976,0.010080740179076564
2004-11-18,2104.28,7.651728644851172,0.0021884137031955575
2004-11-19,2070.63,7.635608187781097,-0.016120457070075034
2004-11-22,2085.19,7.6426152571794015,0.007007069398304644
2004-11-23,2084.28,7.642178750853922,-0.00043650632547986845
2004-11-24,2102.54,7.650901416636404,0.008722665782482153
2004-11-26,2101.97,7.65063027921326,-0.0002711374231436636
2004-11-29,2106.87,7.652958712802477,0.0023284335892173047
2004-11-30,2096.81,7.648172421169896,-0.004786291632581374
2004-12-01,2138.23,7.6677336629739115,0.019561241804015417
2004-12-02,2143.57,7.670227942374414,0.002494279400502286
2004-12-03,2147.96,7.672273833481435,0.002045891107020914
2004-12-06,2151.25,7.673804347525749,0.0015305140443144793
2004-12-07,2114.65,7.656644593152716,-0.017159754373032854
2004-12-08,2126.11,7.662049297920886,0.005404704768169566
2004-12-09,2129.01,7.663412361923313,0.001363064002426917
2004-12-10,2128.07,7.662970744657358,-0.00044161726595515205
2004-12-13,2148.5,7.6725252032150495,0.00955445855769188
2004-12-14,2159.84,7.677789423860517,0.00526422064546761
2004-12-15,2162.55,7.679043359926022,0.001253936065505279
2004-12-16,2146.15,7.671430818231619,-0.007612541694403063
2004-12-17,2135.2,7.666315598090314,-0.005115220141305166
2004-12-20,2127.85,7.662867359255284,-0.003448238835030537
2004-12-21,2150.91,7.673646287388187,0.010778928132903154
2004-12-22,2157.03,7.67648755449828,0.0028412671100932485
2004-12-23,2160.62,7.678150496527999,0.001662942029718728
2004-12-27,2154.22,7.675183988062598,-0.002966508465401141
2004-12-28,2177.19,7.685790333494197,0.010606345431598996
2004-12-29,2177.0,7.685703061234547,-8.727225964921814e-05
2004-12-30,2178.34,7.686318397829294,0.0006153365947465517
2004-12-31,2175.44,7.684986221913706,-0.0013321759155875412
2005-01-03,2152.15,7.674222621454792,-0.010763600458914446
2005-01-04,2107.86,7.653428493793529,-0.020794127661263317
2005-01-05,2091.24,7.645512470460551,-0.007916023332978028
2005-01-06,2090.0,7.644919344958857,-0.0005931255016937698
2005-01-07,2088.61,7.644254051930185,-0.0006652930286721315
2005-01-10,2097.04,7.648282105588857,0.004028053658672093
2005-01-11,2079.62,7.639940463697399,-0.008341641891457918
2005-01-12,2092.53,7.646129139178421,0.006188675481022088
2005-01-13,2070.56,7.63557438107336,-0.010554758105061346
2005-01-14,2087.91,7.643918844625273,0.008344463551913428
2005-01-18,2106.04,7.652564685865876,0.00864584124060297
2005-01-19,2073.59,7.637036683615463,-0.015528002250412953
2005-01-20,2045.88,7.62358329376514,-0.01345338985032285
2005-01-21,2034.27,7.617892311161716,-0.005690982603423933
2005-01-24,2008.7,7.605243025640503,-0.012649285521213471
2005-01-25,2019.95,7.610828037613655,0.0055850119731521985
2005-01-26,2046.09,7.623685933813911,0.01285789620025568
2005-01-27,2047.15,7.624203860944348,0.0005179271304376343
2005-01-28,2035.83,7.6186588771312955,-0.005544983813052795
2005-01-31,2062.41,7.631630480893106,0.012971603761810613
2005-02-01,2068.7,7.6346756696490035,0.003045188755897321
2005-02-02,2075.06,7.6377453479094,0.0030696782603962802
2005-02-03,2057.64,7.62931497397876,-0.008430373930639945
2005-02-04,2086.66,7.643319980532752,0.014005006553992061
2005-02-07,2082.03,7.6410986582930045,-0.0022213222397473587
2005-02-08,2086.68,7.643329565181978,0.0022309068889736494
2005-02-09,2052.55,7.6268382015658025,-0.016491363616175647
2005-02-10,2053.1,7.627106125038718,0.0002679234729159319
2005-02-11,2076.66,7.638516112835363,0.011409987796644927
2005-02-14,2082.91,7.64152123341442,0.003005120579056886
2005-02-15,2089.21,7.644541283071844,0.0030200496574241953
2005-02-16,2087.43,7.643688923228638,-0.0008523598432068624
2005-02-17,2061.34,7.63111153574657,-0.01257738748206716
2005-02-18,2058.62,7.629791134385788,-0.001320401360782597
2005-02-22,2030.32,7.6159486950806485,-0.013842439305139287
2005-02-23,2031.25,7.6164066460780475,0.0004579509973989815
2005-02-24,2051.7,7.62642399677216,0.010017350694112359
2005-02-25,2065.4,7.633079191237304,0.006655194465143843
2005-02-28,2051.72,7.626433744738491,-0.006645446498812824
2005-03-01,2071.25,7.635907568740772,0.009473824002281361
2005-03-02,2067.5,7.634095426897846,-0.0018121418429259961
2005-03-03,2058.4,7.629684260967535,-0.004411165930311434
2005-03-04,2070.61,7.635598528838365,0.005914267870830159
2005-03-07,2090.21,7.645019818380133,0.009421289541768019
2005-03-08,2073.55,7.63701739321292,-0.008002425167212834
2005-03-09,2061.29,7.6310872793859446,-0.005930113826975614
2005-03-10,2059.72,7.6303253302152525,-0.0007619491706920556
2005-03-11,2041.6,7.621489093150471,-0.008836237064781649
2005-03-14,2051.04,7.626102260563824,0.004613167413353381
2005-03-15,2034.98,7.618241269818572,-0.007860990745252039
2005-03-16,2015.75,7.608746613565131,-0.009494656253441036
2005-03-17,2016.42,7.609078940826217,0.0003323272610860073
2005-03-18,2007.79,7.604789893669269,-0.0042890471569485555
2005-03-21,2007.51,7.6046504271285595,-0.0001394665407090656
2005-03-22,1989.34,7.595558204416306,-0.00909222271225385
2005-03-23,1990.22,7.59600046437185,0.0004422599555446993
2005-03-24,1991.06,7.596422439220374,0.00042197484852390943
2005-03-28,1992.52,7.5971554482551475,0.0007330090347732465
2005-03-29,1973.88,7.587756427872067,-0.00939902038308027
2005-03-30,2005.67,7.603733448508647,0.01597702063657991
2005-03-31,1999.23,7.600517385410555,-0.0032160630980921923
2005-04-01,1984.81,7.59327847065591,-0.007238914754644554
2005-04-04,1991.07,7.596427461658115,0.0031489910022042267
2005-04-05,1999.32,7.600562401728977,0.004134940070862569
2005-04-06,1999.14,7.600472367065572,-9.003466340562483e-05
2005-04-07,2018.79,7.6102536010161534,0.009781233950581836
2005-04-08,1999.35,7.600577406718137,-0.009676194298016583
2005-04-11,1992.12,7.596954677293985,-0.0036227294241522046
2005-04-12,2005.4,7.603598821089825,0.006644143795840662
2005-04-13,1974.37,7.588004639106166,-0.015594181983659361
2005-04-14,1946.71,7.573896047180379,-0.01410859192578684
2005-04-15,1908.15,7.55388946527033,-0.020006581910049448
2005-04-18,1912.92,7.556386149433556,0.002496684163226348
2005-04-19,1932.36,7.566497332817905,0.010111183384348799
2005-04-20,1913.76,7.556825172301155,-0.009672160516750239
2005-04-21,1962.41,7.581928588732356,0.025103416431201175
2005-04-22,1932.19,7.5664093536223405,-0.015519235110015295
2005-04-25,1950.78,7.575984571579119,0.009575217956778737
2005-04-26,1927.44,7.563947976548317,-0.012036595030802566
2005-04-27,1930.43,7.56549805501062,0.0015500784623032615
2005-04-28,1904.18,7.551806748698019,-0.013691306312600737
2005-04-29,1921.65,7.560939470970553,0.009132722272533478
2005-05-02,1928.65,7.564575555282067,0.0036360843115144093
2005-05-03,1933.07,7.566864691692848,0.0022891364107806567
2005-05-04,1962.23,7.581836860573786,0.014972168880937886
2005-05-05,1961.8,7.5816176981302155,-0.00021916244357012005
2005-05-06,1967.35,7.584442738503397,0.002825040373181764
2005-05-09,1979.67,7.590685443131482,0.006242704628085072
2005-05-10,1962.77,7.58211201981119,-0.008573423320291873
2005-05-11,1971.55,7.586575314396036,0.004463294584845734
2005-05-12,1963.88,7.582677387251409,-0.0038979271446271113
2005-05-13,1976.78,7.589224537261828,0.006547150010418612
2005-05-16,1994.43,7.598113574214147,0.008889036952319351
2005-05-17,2004.15,7.602975309703012,0.004861735488865371
2005-05-18,2030.65,7.616111217828035,0.01313590812502241
2005-05-19,2042.58,7.621968993653782,0.005857775825747424
2005-05-20,2046.42,7.62384720403718,0.0018782103833974162
2005-05-23,2056.65,7.628833724470773,0.004986520433593711
2005-05-24,2061.62,7.631247360494048,0.0024136360232747123
2005-05-25,2050.12,7.625653607004621,-0.005593753489427478
2005-05-26,2071.24,7.635902740726704,0.010249133722083137
2005-05-27,2075.73,7.638068178024062,0.002165437297358075
2005-05-31,2068.22,7.634443612948775,-0.0036245650752864123
2005-06-01,2087.86,7.643894896946161,0.009451283997385929
2005-06-02,2097.8,7.648644455527504,0.004749558581342406
2005-06-03,2071.43,7.635994469008287,-0.012649986519217116
2005-06-06,2075.76,7.638082630666366,0.002088161658079457
2005-06-07,2067.16,7.633930963555871,-0.004151667110495083
2005-06-08,2060.18,7.630548636607112,-0.0033823269487589513
2005-06-09,2076.91,7.638636491208811,0.008087854601699362
2005-06-10,2063.0,7.631916513071252,-0.006719978137559757
2005-06-13,2068.96,7.634801344547541,0.0028848314762894844
2005-06-14,2069.4,7.63501398917085,0.00021264462330883305
2005-06-15,2074.92,7.637677877704698,0.0026638885338483576
2005-06-16,2089.15,7.644512563669972,0.006834685965273479
2005-06-17,2090.11,7.644971975152811,0.0004594114828391227
2005-06-20,2088.13,7.644024207600821,-0.0009477675519899975
2005-06-21,2091.7,7.645732411459874,0.0017082038590530146
2005-06-22,2092.3,7.646019218345206,0.0002868068853318917
2005-06-23,2070.66,7.635622676020269,-0.01039654232493703
2005-06-24,2053.27,7.627188923227921,-0.008433752792347704
2005-06-27,2045.2,7.623250863205844,-0.003938060022076861
2005-06-28,2069.89,7.635250744750811,0.011999881544967117
2005-06-29,2068.89,7.634767510551622,-0.00048323419918894217
2005-06-30,2056.96,7.628984443669038,-0.005783066882584009
2005-07-01,2057.37,7.629183747079974,0.00019930341093576942
2005-07-05,2078.75,7.639522030507138,0.010338283427163475
2005-07-06,2068.65,7.634651499588457,-0.004870530918680949
2005-07-07,2075.66,7.638034454379689,0.0033829547912320734
2005-07-08,2112.88,7.655807224711368,0.017772770331679233
2005-07-11,2135.43,7.666423310535655,0.01061608582428697
2005-07-12,2143.15,7.670031988357662,0.0036086778220072446
2005-07-13,2144.11,7.670479826844736,0.0004478384870738594
2005-07-14,2152.82,7.674533889596224,0.004054062751487564
2005-07-15,2156.78,7.676371647677961,0.0018377580817370287
2005-07-18,2144.87,7.670834223464889,-0.00553742421307124
2005-07-19,2173.18,7.68394681161643,0.013112588151540372
2005-07-20,2188.57,7.691003641497542,0.007056829881111781
2005-07-21,2178.6,7.686437747648345,-0.0045658938491968115
2005-07-22,2179.74,7.6869608826153275,0.0005231349669827523
2005-07-25,2166.74,7.680979012796697,-0.005981869818630692
2005-07-26,2175.99,7.685239012377038,0.0042599995803414
2005-07-27,2186.22,7.6899293041117325,0.004690291734694263
2005-07-28,2198.44,7.695503296913448,0.005573992801715555
2005-07-29,2184.83,7.689293301299203,-0.0062099956142454005
2005-08-01,2195.38,7.694110431254537,0.004817129955334565
2005-08-02,2218.15,7.704428794117748,0.010318362863210417
2005-08-03,2216.81,7.703824504545451,-0.0006042895722968566
2005-08-04,2191.32,7.692259380961943,-0.01156512358350792
2005-08-05,2177.91,7.686120980325065,-0.006138400636877428
2005-08-08,2164.39,7.679893845539833,-0.006227134785232735
2005-08-09,2174.19,7.684411460366443,0.00451761482660995
2005-08-10,2157.81,7.6768490974563015,-0.007562362910141118
2005-08-11,2174.55,7.684577025565016,0.007727928108714366
2005-08-12,2156.9,7.676427284628328,-0.008149740936687522
2005-08-15,2167.4,7.681283571488895,0.004856286860566605
2005-08-16,2137.6,7.667438983342326,-0.013844588146568526
2005-08-17,2145.15,7.670964758987054,0.00352577564472778
2005-08-18,2136.8,7.667064661795751,-0.003900097191302798
2005-08-19,2135.56,7.666484186351351,-0.0005804754444005411
2005-08-22,2141.41,7.669219769555426,0.002735583204074743
2005-08-23,2137.25,7.667275234906343,-0.0019445346490822857
2005-08-24,2128.91,7.6633653906321575,-0.003909844274185836
2005-08-25,2134.37,7.665926800150261,0.0025614095181039076
2005-08-26,2120.77,7.659534509269334,-0.006392290880927298
2005-08-29,2137.65,7.667462373787331,0.007927864517997207
2005-08-30,2129.76,7.663764576298709,-0.003697797488622534
2005-08-31,2152.9,7.674571049467283,0.010806473168574193
2005-09-01,2147.9,7.672245899610218,-0.002325149857065334
2005-09-02,2141.7,7.669355185176524,-0.0028907144336933754
2005-09-06,2166.86,7.681034394004022,0.011679208827497511
2005-09-07,2172.3,7.683541793062885,0.0025073990588628803
2005-09-08,2166.3,7.680775922125246,-0.0027658709376385815
2005-09-09,2175.51,7.68501839879462,0.004242476669373829
2005-09-12,2182.83,7.688377479032915,0.003359080238294787
2005-09-13,2171.75,7.68328857314003,-0.00508890589288491
2005-09-14,2149.33,7.6729114446486655,-0.010377128491364296
2005-09-15,2146.15,7.671430818231619,-0.0014806264170461603
2005-09-16,2160.35,7.678025524588665,0.00659470635704551
2005-09-19,2145.26,7.671016036137734,-0.007009488450930412
2005-09-20,2131.33,7.664501476984236,-0.006514559153498745
2005-09-21,2106.64,7.652849540164829,-0.011651936819406572
2005-09-22,2110.78,7.6548128264060855,0.0019632862412564123
2005-09-23,2116.84,7.6576796896296235,0.0028668632235380187
2005-09-26,2121.46,7.659859809880609,0.00218012025098524
2005-09-27,2116.42,7.657481260994776,-0.0023785488858329984
2005-09-28,2115.4,7.656999198893953,-0.0004820621008230219
2005-09-29,2141.22,7.6691310390323,0.01213184013834745
2005-09-30,2151.69,7.6740088588605735,0.004877819828273289
2005-10-03,2155.43,7.675745518596073,0.0017366597354993019
2005-10-04,2139.36,7.668261997866355,-0.0074835207297176964
2005-10-05,2103.2,7.651215273415671,-0.017046724450684003
2005-10-06,2084.8,7.642428206370581,-0.008787067045090247
2005-10-07,2090.35,7.64508679505314,0.002658588682558971
2005-10-10,2078.92,7.639603807079157,-0.0054829879739823895
2005-10-11,2061.9,7.631383166795669,-0.008220640283488123
2005-10-12,2037.47,7.619464121080239,-0.011919045715430343
2005-10-13,2047.22,7.624238054239046,0.004773933158807253
2005-10-14,2064.83,7.632803177551083,0.00856512331203696
2005-10-17,2070.3,7.635448803294666,0.0026456257435825137
2005-10-18,2056.0,7.628517626575055,-0.006931176719610299
2005-10-19,2091.24,7.645512470460551,0.016994843885495214
2005-10-20,2068.11,7.634390425703065,-0.011122044757486016
2005-10-21,2082.21,7.641185108641741,0.006794682938676466
2005-10-24,2115.83,7.657202449486088,0.01601734084434714
2005-10-25,2109.45,7.654182528984366,-0.003019920501722062
2005-10-26,2100.5,7.649930690609437,-0.004251838374929484
2005-10-27,2063.81,7.632309068100634,-0.017621622508802837
2005-10-28,2089.88,7.6448619270425375,0.012552858941903722
2005-10-31,2120.3,7.659312867088505,0.014450940045967364
2005-11-01,2114.5,7.656573656912543,-0.0027392101759620147
2005-11-02,2144.31,7.67057310129087,0.01399944437832712
2005-11-03,2160.22,7.677965347343514,0.0073922460526443245
2005-11-04,2169.43,7.6822197392189,0.004254391875385899
2005-11-07,2178.24,7.6862724902595865,0.004052751040686253
2005-11-08,2172.07,7.683435908895461,-0.0028365813641251236
2005-11-09,2175.81,7.685156287987083,0.0017203790916218153
2005-11-10,2196.68,7.694702408612754,0.009546120625670618
2005-11-11,2202.47,7.697334736832212,0.0026323282194580244
2005-11-14,2200.95,7.696644364321585,-0.0006903725106264247
2005-11-15,2186.74,7.6901671292930525,-0.006477235028532924
2005-11-16,2187.93,7.690711170342709,0.0005440410496566628
2005-11-17,2220.46,7.705469660609084,0.014758490266374658
2005-11-18,2227.07,7.708442099183676,0.0029724385745923954
2005-11-21,2241.67,7.714976402789672,0.006534303605995717
2005-11-22,2253.56,7.720266467025869,0.005290064236197267
2005-11-23,2259.98,7.723111242669652,0.0028447756437826044
2005-11-25,2263.01,7.724451064536722,0.0013398218670701567
2005-11-28,2239.37,7.7139498552908865,-0.010501209245835419
2005-11-29,2232.71,7.710971373276433,-0.0029784820144538315
2005-11-30,2232.82,7.711020639544948,4.926626851542437e-05
2005-12-01,2267.17,7.726287636668206,0.015266997123258186
2005-12-02,2273.37,7.7290185910715845,0.0027309544033782274
2005-12-05,2257.64,7.722075298872134,-0.006943292199450113
2005-12-06,2260.76,7.723456318921655,0.001381020049520565
2005-12-07,2252.01,7.719578429747058,-0.0038778891745971933
2005-12-08,2246.46,7.717110922876512,-0.002467506870545755
2005-12-09,2256.73,7.721672141837011,0.004561218960499325
2005-12-12,2260.95,7.723540357924648,0.0018682160876366538
2005-12-13,2265.0,7.725330037917135,0.0017896799924868034
2005-12-14,2262.59,7.724265453788442,-0.0010645841286924806
2005-12-15,2260.63,7.723398814481633,-0.0008666393068095246
2005-12-16,2252.48,7.719787110419767,-0.00361170406186595
2005-12-19,2222.74,7.706495948059624,-0.013291162360142827
2005-12-20,2222.42,7.706351971239644,-0.00014397681998001843
2005-12-21,2231.66,7.710500982148743,0.00414901090909936
2005-12-22,2246.49,7.717124277131512,0.0066232949827682575
2005-12-23,2249.42,7.718427684190286,0.0013034070587742974
2005-12-27,2226.89,7.70836127223413,-0.010066411956155541
2005-12-28,2228.94,7.709281415123172,0.0009201428890417418
2005-12-29,2218.16,7.704433302368974,-0.004848112754197942
2005-12-30,2205.32,7.698627902067927,-0.005805400301047037
2006-01-03,2243.74,7.715899395402145,0.017271493334217958
2006-01-04,2263.46,7.724649894972572,0.00875049957042684
2006-01-05,2276.87,7.730556971768103,0.005907076795531374
2006-01-06,2305.62,7.743104899739209,0.012547927971105821
2006-01-09,2318.69,7.748757650010174,0.005652750270964901
2006-01-10,2320.32,7.749460386183228,0.0007027361730536086
2006-01-11,2331.36,7.754207067265544,0.004746681082316684
2006-01-12,2316.69,7.747894721782452,-0.00631234548309223
2006-01-13,2317.04,7.748045787986425,0.0001510662039727606
2006-01-17,2302.69,7.741833283726042,-0.006212504260382445
2006-01-18,2279.64,7.731772814744958,-0.01006046898108437
2006-01-19,2301.81,7.741451048951055,0.009678234206097258
2006-01-20,2247.7,7.717662750150781,-0.023788298800274
2006-01-23,2248.47,7.718005263893602,0.00034251374282057157
2006-01-24,2265.25,7.72544040710217,0.007435143208567752
2006-01-25,2260.65,7.723407661533795,-0.0020327455683748497
2006-01-26,2283.0,7.733245646529795,0.009837984996000415
2006-01-27,2304.23,7.742501843222349,0.009256196692553509
2006-01-30,2306.78,7.743607891684599,0.0011060484622502642
2006-01-31,2305.82,7.7431916405404015,-0.0004162511441974104
2006-02-01,2310.56,7.745245198378255,0.002053557837853326
2006-02-02,2281.57,7.732619081465931,-0.012626116912324292
2006-02-03,2262.58,7.724261034064985,-0.0083580474009457
2006-02-06,2258.8,7.722588977798682,-0.001672056266302846
2006-02-07,2244.96,7.7164429826456855,-0.0061459951529965196
2006-02-08,2266.98,7.726203828236589,0.009760845590903067
2006-02-09,2255.87,7.721290986844141,-0.004912841392447298
2006-02-10,2261.88,7.723951604870965,0.0026606180268240465
2006-02-13,2239.81,7.714146319822973,-0.009805285047992385
2006-02-14,2262.17,7.724079808582418,0.009933488759444664
2006-02-15,2276.43,7.730363705345346,0.00628389676292862
2006-02-16,2294.63,7.738326889453725,0.007963184108378485
2006-02-17,2282.36,7.732965274333871,-0.005361615119853447
2006-02-21,2262.96,7.7244289698255315,-0.008536304508339754
2006-02-22,2283.17,7.73332010718285,0.008891137357318613
2006-02-23,2279.32,7.731632431850383,-0.0016876753324668314
2006-02-24,2287.04,7.735013684031614,0.003381252181230643
2006-02-27,2307.18,7.743781278537108,0.008767594505494358
2006-02-28,2281.39,7.7325401853107625,-0.01124109322634581
2006-03-01,2314.64,7.747009446868385,0.014469261557622737
2006-03-02,2311.11,7.745483207583844,-0.0015262392845416528
2006-03-03,2302.6,7.741794198239564,-0.0036890093442796257
2006-03-06,2286.03,7.734571967628225,-0.0072222306113385315
2006-03-07,2268.38,7.726821199313842,-0.007750768314383372
2006-03-08,2267.46,7.726415541260376,-0.00040565805346570727
2006-03-09,2249.72,7.718561043010169,-0.007854498250207342
2006-03-10,2262.04,7.724022339985674,0.0054612969755050145
2006-03-13,2267.03,7.726225883768006,0.002203543782331785
2006-03-14,2295.9,7.738880202483985,0.012654318715979329
2006-03-15,2311.84,7.745799023245302,0.0069188207613164465
2006-03-16,2299.56,7.740473079268404,-0.0053259439768975625
2006-03-17,2306.48,7.743477831813522,0.0030047525451175616
2006-03-20,2314.11,7.746780443356717,0.003302611543195333
2006-03-21,2294.23,7.738152554215337,-0.008627889141379796
2006-03-22,2303.35,7.742119863957441,0.003967309742104241
2006-03-23,2300.15,7.740729617181984,-0.0013902467754576264
2006-03-24,2312.82,7.746222838191554,0.0054932210095701706
2006-03-27,2315.58,7.747415475097244,0.0011926369056904917
2006-03-28,2304.46,7.742601654665596,-0.004813820431648352
2006-03-29,2337.78,7.756957040085317,0.014355385419721145
2006-03-30,2340.82,7.758256574316851,0.0012995342315340608
2006-03-31,2339.79,7.757816460734807,-0.0004401135820444324
2006-04-03,2336.74,7.756512074605585,-0.0013043861292221237
2006-04-04,2345.36,7.760194187221346,0.003682112615761568
2006-04-05,2359.75,7.766310960205054,0.006116772983707719
2006-04-06,2361.17,7.7669125378817885,0.0006015776767345216
2006-04-07,2339.02,7.757487317210298,-0.009425220671490209
2006-04-10,2333.27,7.755025996143824,-0.0024613210664741203
2006-04-11,2310.35,7.745154307190093,-0.009871688953730917
2006-04-12,2314.68,7.747026728024149,0.0018724208340561432
2006-04-13,2326.11,7.751952623447935,0.004925895423785853
2006-04-17,2311.16,7.745504841975604,-0.006447781472330938
2006-04-18,2356.14,7.76477996575644,0.019275123780835735
2006-04-19,2370.88,7.7710164732282925,0.006236507471852448
2006-04-20,2362.55,7.767496823165107,-0.003519650063185331
2006-04-21,2342.86,7.759127684268428,-0.008369138896679118
2006-04-24,2333.38,7.755073139169343,-0.004054545099084983
2006-04-25,2330.3,7.753752293636293,-0.001320845533050452
2006-04-26,2333.63,7.755180274144515,0.0014279805082226815
2006-04-27,2344.95,7.7600193586914425,0.004839084546927275
2006-04-28,2322.57,7.750429610169209,-0.009589748522233599
2006-05-01,2304.79,7.742744844989646,-0.007684765179562625
2006-05-02,2309.84,7.744933537047709,0.0021886920580627134
2006-05-03,2303.97,7.742389000897677,-0.0025445361500322505
2006-05-04,2323.9,7.75100208778612,0.008613086888443533
2006-05-05,2342.57,7.759003896270157,0.00800180848403631
2006-05-08,2344.99,7.760036416478963,0.0010325202088061758
2006-05-09,2338.25,7.757158065314661,-0.0028783511643020177
2006-05-10,2320.74,7.749641379318911,-0.007516685995749839
2006-05-11,2272.7,7.728723830979966,-0.02091754833894477
2006-05-12,2243.78,7.715917222620742,-0.012806608359223759
2006-05-15,2238.52,7.7135702121954965,-0.0023470104252458768
2006-05-16,2229.13,7.709366653802742,-0.004203558392754658
2006-05-17,2195.8,7.694301723800632,-0.015064930002109733
2006-05-18,2180.32,7.687226934001511,-0.0070747897991214614
2006-05-19,2193.88,7.693426944717674,0.0062000107161637175
2006-05-22,2172.86,7.683799551121552,-0.00962739359612197
2006-05-23,2158.76,7.677289261760524,-0.006510289361028043
2006-05-24,2169.17,7.682099884887866,0.004810623127341707
2006-05-25,2198.24,7.695412319175638,0.013312434287771957
2006-05-26,2210.37,7.700915201312978,0.0055028821373399595
2006-05-30,2164.74,7.68005554084617,-0.020859660466808094
2006-05-31,2178.88,7.686566262294602,0.006510721448432122
2006-06-01,2219.86,7.705199409814703,0.018633147520101367
2006-06-02,2219.41,7.70499667377858,-0.00020273603612341873
2006-06-05,2169.62,7.682307315992674,-0.022689357785906417
2006-06-06,2162.78,7.679149710193039,-0.003157605799634311
2006-06-07,2151.8,7.674059980159809,-0.005089730033230211
2006-06-08,2145.32,7.671044004384453,-0.003015975775356061
2006-06-09,2135.06,7.666250028312338,-0.004793976072114958
2006-06-12,2091.32,7.645550724544179,-0.02069930376815865
2006-06-13,2072.47,7.636496411633271,-0.009054312910908635
2006-06-14,2086.0,7.643003635560718,0.006507223927447292
2006-06-15,2144.15,7.670498482429985,0.027494846869267064
2006-06-16,2129.95,7.663853784249544,-0.006644698180441111
2006-06-19,2110.42,7.654642258794566,-0.009211525454977831
2006-06-20,2107.06,7.653048889905623,-0.0015933688889431252
2006-06-21,2141.2,7.669121698519226,0.01607280861360305
2006-06-22,2122.98,7.660576041027699,-0.008545657491526804
2006-06-23,2121.47,7.65986452360438,-0.0007115174233192079
2006-06-26,2133.67,7.665598780728571,0.005734257124190734
2006-06-27,2100.25,7.6498116642449565,-0.015787116483614305
2006-06-28,2111.84,7.655314884380645,0.00550322013568838
2006-06-29,2174.38,7.684498845414916,0.029183961034271455
2006-06-30,2172.09,7.683445116659448,-0.001053728755468164
2006-07-03,2190.43,7.691853150568955,0.008408033909506507
2006-07-05,2153.34,7.674775404078978,-0.017077746489976953
2006-07-06,2155.09,7.675587765006852,0.0008123609278740673
2006-07-07,2130.06,7.663905427320816,-0.011682337686035993
2006-07-10,2116.93,7.657722204929232,-0.006183222391583421
2006-07-11,2128.86,7.66334190415919,0.005619699229957753
2006-07-12,2090.24,7.645034170901991,-0.018307733257199033
2006-07-13,2054.11,7.627597943095433,-0.017436227806558513
2006-07-14,2037.35,7.619405222773058,-0.008192720322374392
2006-07-17,2037.72,7.61958681474621,0.00018159197315181785
2006-07-18,2043.22,7.622282273797321,0.0026954590511110155
2006-07-19,2080.71,7.640464460603866,0.01818218680654482
2006-07-20,2039.42,7.620420732687962,-0.02004372791590381
2006-07-21,2020.39,7.6110458410667015,-0.009374891621260595
2006-07-24,2061.84,7.631354066997911,0.020308225931209734
2006-07-25,2073.9,7.637186171619329,0.005832104621418033
2006-07-26,2070.46,7.635526083793937,-0.0016600878253925089
2006-07-27,2054.47,7.627773186123886,-0.007752897670050274
2006-07-28,2094.14,7.64689824688424,0.019125060760353918
2006-07-31,2091.47,7.645622447006968,-0.0012757998772725543
2006-08-01,2061.99,7.631426814904621,-0.014195632102346423
2006-08-02,2078.81,7.639550893590294,0.008124078685672664
2006-08-03,2092.34,7.646038335879809,0.006487442289515144
2006-08-04,2085.05,7.642548114760714,-0.003490221119094805
2006-08-07,2072.5,7.63651088700945,-0.00603722775126414
2006-08-08,2060.85,7.630873798038067,-0.005637088971383264
2006-08-09,2060.28,7.630597174877121,-0.0002766231609463432
2006-08-10,2071.74,7.636144112880288,0.005546938003167412
2006-08-11,2057.71,7.629348992956493,-0.006795119923794779
2006-08-14,2069.04,7.634840010569779,0.0054910176132860755
2006-08-15,2115.01,7.656814819601588,0.021974809031808817
2006-08-16,2149.54,7.673009144742023,0.016194325140435062
2006-08-17,2157.61,7.676756406594164,0.003747261852140582
2006-08-18,2163.95,7.679690534338995,0.002934127744831372
2006-08-21,2147.75,7.672176061518166,-0.007514472820829177
2006-08-22,2150.02,7.6732324234040235,0.0010563618858574486
2006-08-23,2134.66,7.6660626623955235,-0.007169761008499975
2006-08-24,2137.11,7.667209728023418,0.0011470656278946834
2006-08-25,2140.29,7.6686966128533935,0.0014868848299753878
2006-08-28,2160.7,7.6781875222516245,0.00949090939823094
2006-08-29,2172.3,7.683541793062885,0.0053542708112601645
2006-08-30,2185.73,7.6897051478418526,0.0061633547789679
2006-08-31,2183.75,7.688798861448267,-0.000906286393585809
2006-09-01,2193.16,7.693098705172804,0.004299843724536956
2006-09-05,2205.7,7.698800197818542,0.005701492645738604
2006-09-06,2167.84,7.681486559098121,-0.01731363872042113
2006-09-07,2155.29,7.675680564249676,-0.0058059948484450175
2006-09-08,2165.79,7.680540469952112,0.004859905702435441
2006-09-11,2173.25,7.683979021959174,0.0034385520070623343
2006-09-12,2215.82,7.703377817131225,0.019398795172050676
2006-09-13,2227.67,7.708711475175822,0.005333658044597733
2006-09-14,2228.73,7.7091871954971545,0.00047572032133214037
2006-09-15,2235.59,7.712260454313433,0.0030732588162782903
2006-09-18,2235.75,7.712332021226291,7.156691285814532e-05
2006-09-19,2222.37,7.706329472988882,-0.006002548237408867
2006-09-20,2252.89,7.719969115449823,0.013639642460940848
2006-09-21,2237.75,7.713226175751048,-0.006742939698774819
2006-09-22,2218.93,7.704780376693692,-0.008445799057356318
2006-09-25,2249.07,7.718272076419365,0.0134916997256731
2006-09-26,2261.34,7.723712836912491,0.005440760493126362
2006-09-27,2263.39,7.724618968390067,0.000906131477576011
2006-09-28,2270.02,7.727543921009323,0.0029249526192556274
2006-09-29,2258.43,7.722425160591753,-0.005118760417570201
2006-10-02,2237.6,7.71315914188775,-0.00926601870400301
2006-10-03,2243.65,7.71585928299827,0.0027001411105205264
2006-10-04,2290.95,7.736721857684564,0.020862574686294266
2006-10-05,2306.34,7.743417131417649,0.006695273733084761
2006-10-06,2299.99,7.740660054081702,-0.002757077335947322
2006-10-09,2311.77,7.745768743874851,0.005108689793148713
2006-10-10,2315.43,7.747350694412231,0.0015819505373801945
2006-10-11,2308.27,7.744253605187929,-0.0030970892243020742
2006-10-12,2346.18,7.760543752612817,0.01629014742488799
2006-10-13,2357.29,7.765267933127471,0.004724180514654286
2006-10-16,2363.84,7.768042694340373,0.0027747612129020993
2006-10-17,2344.95,7.7600193586914425,-0.00802333564893054
2006-10-18,2337.15,7.756687517331473,-0.003331841359969445
2006-10-19,2340.94,7.758307837089836,0.0016203197583628537
2006-10-20,2342.3,7.7588886315988645,0.0005807945090285926
2006-10-23,2355.56,7.764533770114557,0.005645138515692594
2006-10-24,2344.84,7.759972448275403,-0.004561321839154253
2006-10-25,2356.59,7.764970937868727,0.004998489593323718
2006-10-26,2379.1,7.774477543887798,0.009506606019071384
2006-10-27,2350.62,7.762434402128481,-0.012043141759317422
2006-10-30,2363.77,7.768013081068548,0.005578678940067583
2006-10-31,2366.71,7.769256084052828,0.0012430029842800394
2006-11-01,2334.35,7.7554887587591494,-0.013767325293678745
2006-11-02,2334.02,7.755347381790079,-0.00014137696907035036
2006-11-03,2330.79,7.753962544887311,-0.0013848369027682494
2006-11-06,2365.95,7.768934911601593,0.01497236671428226
2006-11-07,2375.88,7.773123174156607,0.004188262555014255
2006-11-08,2384.94,7.776929245773289,0.00380607161668145
2006-11-09,2376.01,7.773177889227887,-0.0037513565454014852
2006-11-10,2389.72,7.7789314832506795,0.005753594022792186
2006-11-13,2406.38,7.78587882255077,0.006947339300090505
2006-11-14,2430.66,7.7959181043949215,0.010039281844151482
2006-11-15,2442.75,7.800879732824453,0.004961628429531295
2006-11-16,2449.06,7.803459556447888,0.002579823623435118
2006-11-17,2445.86,7.802152078304887,-0.0013074781430004734
2006-11-20,2452.72,7.804952891799603,0.002800813494715726
2006-11-21,2454.84,7.805816864988672,0.000863973189068723
2006-11-22,2465.98,7.81034457339132,0.004527708402648045
2006-11-24,2460.26,7.808022314398413,-0.0023222589929066118
2006-11-27,2405.92,7.78568764577401,-0.022334668624403697
2006-11-28,2412.61,7.788464428028604,0.0027767822545943233
2006-11-29,2432.23,7.796563810982795,0.00809938295419066
2006-11-30,2431.77,7.796374666245388,-0.00018914473740672122
2006-12-01,2413.21,7.788713090433373,-0.007661575812014654
2006-12-04,2448.39,7.803185944668623,0.014472854235250132
2006-12-05,2452.38,7.804814260578815,0.0016283159101915246
2006-12-06,2445.86,7.802152078304887,-0.002662182273927449
2006-12-07,2427.69,7.79469546692748,-0.007456611377407718
2006-12-08,2437.36,7.798670765325062,0.003975298397582705
2006-12-11,2442.86,7.800924763025397,0.002253997700334409
2006-12-12,2431.6,7.7963047558745675,-0.0046200071508293306
2006-12-13,2432.41,7.7966378144034305,0.00033305852886300613
2006-12-14,2453.85,7.8054134987082895,0.008775684304858977
2006-12-15,2457.2,7.806777769289773,0.0013642705814831402
2006-12-18,2435.57,7.79793609436508,-0.008841674924692455
2006-12-19,2429.55,7.795461334000516,-0.00247476036456451
2006-12-20,2427.61,7.794662513247992,-0.0007988207525233548
2006-12-21,2415.85,7.789806471034569,-0.004856042213423173
2006-12-22,2401.18,7.783715562174251,-0.006090908860318045
2006-12-26,2413.51,7.788837398452229,0.005121836277978353
2006-12-27,2431.22,7.796148467959006,0.007311069506776846
2006-12-28,2425.57,7.7938218272976885,-0.0023266406613178248
2006-12-29,2415.29,7.789574641693044,-0.004247185604644876
2007-01-03,2423.16,7.792827752478732,0.003253110785688129
2007-01-04,2453.43,7.80524232445248,0.012414571973748068
2007-01-05,2434.25,7.797393979858866,-0.007848344593614165
2007-01-08,2438.2,7.799015341131046,0.0016213612721802662
2007-01-09,2443.83,7.801321759770736,0.0023064186396899444
2007-01-10,2459.33,7.80764423410673,0.006322474335994421
2007-01-11,2484.85,7.817967574535822,0.010323340429091665
2007-01-12,2502.82,7.825173375142304,0.007205800606482349
2007-01-16,2497.78,7.823157616350728,-0.0020157587915763386
2007-01-17,2479.42,7.815779940839207,-0.007377675511521353
2007-01-18,2443.21,7.801068027448788,-0.014711913390418552
2007-01-19,2451.31,7.804377854518488,0.0033098270696996224
2007-01-22,2431.07,7.79608676863624,-0.008291085882247806
2007-01-23,2431.41,7.796226614970026,0.00013984633378605338
2007-01-24,2466.28,7.81046622147977,0.01423960650974454
2007-01-25,2434.24,7.797389871808936,-0.013076349670834375
2007-01-26,2435.49,7.797903247305094,0.0005133754961583747
2007-01-29,2441.09,7.800199939848464,0.002296692543369616
2007-01-30,2448.64,7.803288047371779,0.003088107523314676
2007-01-31,2463.93,7.8095129151589555,0.006224867787176791
2007-02-01,2468.38,7.811317343999567,0.001804428840611827
2007-02-02,2475.88,7.814351167363449,0.0030338233638813605
2007-02-05,2470.6,7.812216315102713,-0.00213485226073562
2007-02-06,2471.49,7.812576486612993,0.0003601715102803382
2007-02-07,2490.5,7.820238772513338,0.007662285900345012
2007-02-08,2488.67,7.819503710210826,-0.0007350623025121905
2007-02-09,2459.82,7.807843455517593,-0.011660254693233618
2007-02-12,2450.38,7.8039983935525115,-0.0038450619650811646
2007-02-13,2459.88,7.807867847248797,0.003869453696285774
2007-02-14,2488.38,7.8193871753155255,0.011519328066728285
2007-02-15,2497.1,7.82288533753554,0.0034981622200147555
2007-02-16,2496.31,7.822568920495245,-0.0003164170402953914
2007-02-20,2513.04,7.829248454647316,0.0066795341520711204
2007-02-21,2518.42,7.831386999741741,0.002138545094425126
2007-02-22,2524.94,7.833972579050893,0.0025855793091515977
2007-02-23,2515.1,7.8300678431747865,-0.00390473587610618
2007-02-26,2504.52,7.82585237839166,-0.004215464783126954
2007-02-27,2407.86,7.786493665203659,-0.039358713188000216
2007-02-28,2416.15,7.789930643220159,0.003436978016499559
2007-03-01,2404.21,7.784976646249242,-0.0049539969709169185
2007-03-02,2368.0,7.769800996003896,-0.015175650245345729
2007-03-05,2340.68,7.758196764426841,-0.01160423157705548
2007-03-06,2385.14,7.777013101809295,0.018816337382454584
2007-03-07,2374.64,7.772601126032123,-0.004411975777172117
2007-03-08,2387.73,7.778098402793494,0.005497276761370351
2007-03-09,2387.55,7.778023014543973,-7.538824952035839e-05
2007-03-12,2402.29,7.7841777280750515,0.006154713531078215
2007-03-13,2350.57,7.762413130918424,-0.021764597156627374
2007-03-14,2371.74,7.771379141968113,0.008966011049689193
2007-03-15,2378.7,7.774309398946463,0.00293025697834981
2007-03-16,2372.66,7.771766967620053,-0.0025424313264101883
2007-03-19,2394.41,7.780892132941395,0.009125165321342443
2007-03-20,2408.21,7.786639011928527,0.005746878987131332
2007-03-21,2455.92,7.80625671544661,0.01961770351808312
2007-03-22,2451.74,7.804553255544829,-0.0017034599017806684
2007-03-23,2448.93,7.803406473448522,-0.0011467820963071418
2007-03-26,2455.63,7.806138626452163,0.002732153003640825
2007-03-27,2437.43,7.798699484510916,-0.007439141941246952
2007-03-28,2417.1,7.7903237534512595,-0.008375731059656388
2007-03-29,2417.88,7.790646402151675,0.0003226487004157619
2007-03-30,2421.64,7.792200275575713,0.0015538734240374552
2007-04-02,2422.26,7.792456267649615,0.00025599207390225587
2007-04-03,2450.33,7.803977988345918,0.01152172069630275
2007-04-04,2458.69,7.8073839667619,0.0034059784159818918
2007-04-05,2471.34,7.812515792638067,0.005131825876167007
2007-04-09,2469.18,7.811641390697532,-0.0008744019405346748
2007-04-10,2477.61,7.815049664814878,0.0034082741173460107
2007-04-11,2459.31,7.807636101777469,-0.007413563037409254
2007-04-12,2480.32,7.816142863093146,0.008506761315677736
2007-04-13,2491.94,7.820816802570938,0.004673939477791933
2007-04-16,2518.33,7.831351262411117,0.0105344598401782
2007-04-17,2516.95,7.830803130019452,-0.0005481323916649572
2007-04-18,2510.5,7.82823721547476,-0.002565914544691239
2007-04-19,2505.35,7.826183724317839,-0.0020534911569214387
2007-04-20,2526.39,7.834546685292151,0.008362960974311662
2007-04-23,2523.67,7.833469470263806,-0.0010772150283449022
2007-04-24,2524.54,7.833814146895171,0.0003446766313652816
2007-04-25,2547.89,7.8430208446455545,0.009206697750383519
2007-04-26,2554.46,7.845596130006642,0.0025752853610878645
2007-04-27,2557.21,7.846672099412065,0.0010759694054227609
2007-04-30,2525.09,7.8340319846385995,-0.012640114773465605
2007-05-01,2531.53,7.83657914202116,0.0025471573825601723
2007-05-02,2557.84,7.846918431316224,0.010339289295064447
2007-05-03,2565.46,7.84989307875784,0.0029746474416159074
2007-05-04,2572.15,7.852497404030194,0.002604325272353769
2007-05-07,2570.95,7.852030759391055,-0.0004666446391388135
2007-05-08,2571.75,7.8523418800111395,0.00031112062008453734
2007-05-09,2576.34,7.85412506609229,0.0017831860811501343
2007-05-10,2533.74,7.837451751039132,-0.016673315053157722
2007-05-11,2562.22,7.848629349183766,0.01117759814463426
2007-05-14,2546.44,7.842451584295653,-0.0061777648881129466
2007-05-15,2525.29,7.8341111865996815,-0.008340397695971724
2007-05-16,2547.42,7.84283636126718,0.008725174667498337
2007-05-17,2539.38,7.839675235728485,-0.0031611255386945203
2007-05-18,2558.45,7.847156885353384,0.007481649624899056
2007-05-21,2578.79,7.855075575656339,0.007918690302954445
2007-05-22,2588.02,7.858648383566201,0.003572807909861808
2007-05-23,2577.05,7.854400612870039,-0.004247770696161446
2007-05-24,2537.92,7.839100126894955,-0.015300485975084044
2007-05-25,2557.19,7.846664278357786,0.00756415146283107
2007-05-29,2572.06,7.852462413234713,0.00579813487692693
2007-05-30,2592.59,7.860412655026667,0.007950241791953694
2007-05-31,2604.52,7.865003676172848,0.004591021146181262
2007-06-01,2613.92,7.8686062892781985,0.003602613105350372
2007-06-04,2618.29,7.870276711916486,0.0016704226382877607
2007-06-05,2611.23,7.867576653674378,-0.00270005824210795
2007-06-06,2587.18,7.85832375842809,-0.009252895246288695
2007-06-07,2541.38,7.8404625195613376,-0.01786123886675206
2007-06-08,2573.54,7.853037662006795,0.01257514244545721
2007-06-11,2572.15,7.852497404030194,-0.0005402579766009552
2007-06-12,2549.77,7.843758438006129,-0.008738966024064432
2007-06-13,2582.31,7.856439626167194,0.012681188161064227
2007-06-14,2599.41,7.863039775181713,0.006600149014519552
2007-06-15,2626.71,7.873487391509663,0.01044761632794966
2007-06-18,2626.6,7.87344551315106,-4.1878358603142374e-05
2007-06-19,2626.76,7.873506426547457,6.091339639713311e-05
2007-06-20,2599.96,7.863251339275845,-0.010255087271612062
2007-06-21,2616.96,7.869768617736223,0.006517278460377973
2007-06-22,2588.96,7.8590115296514975,-0.010757088084725197
2007-06-25,2577.08,7.854412254019952,-0.004599275631545829
2007-06-26,2574.16,7.853278546286376,-0.001133707733576017
2007-06-27,2605.35,7.865322302168131,0.012043755881755658
2007-06-28,2608.37,7.8664807841494255,0.0011584819812942015
2007-06-29,2603.23,7.864508260676181,-0.001972523473244614
2007-07-02,2632.3,7.875613267712699,0.011105007036517733
2007-07-03,2644.95,7.880407440522042,0.0047941728093432445
2007-07-05,2656.65,7.884821209570751,0.0044137690487087156
2007-07-06,2666.51,7.888525780268014,0.0037045706972635983
2007-07-09,2670.02,7.8898412420029445,0.0013154617349302455
2007-07-10,2639.16,7.878215963691606,-0.01162527831133886
2007-07-11,2651.79,7.882990162650052,0.004774198958446441
2007-07-12,2701.73,7.901647587546456,0.01865742489640354
2007-07-13,2707.0,7.903596289614301,0.0019487020678452538
2007-07-16,2697.33,7.900017673830329,-0.0035786157839714505
2007-07-17,2712.29,7.9055485754968435,0.005530901666514154
2007-07-18,2699.49,7.900818145261779,-0.004730430235064809
2007-07-19,2720.04,7.908401865064265,0.007583719802486399
2007-07-20,2687.6,7.896403881045995,-0.011997984018270458
2007-07-23,2690.58,7.89751206273756,0.0011081816915652354
2007-07-24,2639.86,7.878481164431175,-0.019030898306384714
2007-07-25,2648.17,7.881624114391976,0.0031429499608011113
2007-07-26,2599.34,7.863012845631339,-0.018611268760637678
2007-07-27,2562.24,7.848637154884269,-0.01437569074706957
2007-07-30,2583.28,7.8568151883048785,0.00817803342060941
2007-07-31,2546.27,7.842384822198435,-0.01443036610644377
2007-08-01,2553.87,7.845365134748848,0.002980312550413089
2007-08-02,2575.98,7.853985323218949,0.008620188470101375
2007-08-03,2511.25,7.828535916129145,-0.025449407089804588
2007-08-06,2547.33,7.84280103077991,0.014265114650765298
2007-08-07,2561.6,7.84838734224245,0.005586311462540294
2007-08-08,2612.98,7.868246611453816,0.019859269211365493
2007-08-09,2556.49,7.846390502914516,-0.021856108539299868
2007-08-10,2544.89,7.841842706046596,-0.004547796867919729
2007-08-13,2542.24,7.840800861140057,-0.0010418449065392466
2007-08-14,2499.12,7.82369394888975,-0.017106912250306472
2007-08-15,2458.83,7.807440906032117,-0.016253042857633737
2007-08-16,2451.07,7.804279942891812,-0.0031609631403046734
2007-08-17,2505.03,7.826055989495157,0.0217760466033452
2007-08-20,2508.59,7.827476121295457,0.001420131800299984
2007-08-21,2521.3,7.832529920504602,0.005053799209145282
2007-08-22,2552.8,7.844946074964033,0.012416154459431006
2007-08-23,2541.7,7.840588427475604,-0.004357647488429706
2007-08-24,2576.69,7.854260908499781,0.013672481024177507
2007-08-27,2561.25,7.84825069955311,-0.006010208946671369
2007-08-28,2500.64,7.824301978093883,-0.02394872145922644
2007-08-29,2563.16,7.848996151259139,0.024694173165255684
2007-08-30,2565.3,7.8498307098300195,0.0008345585708804393
2007-08-31,2596.36,7.861865743093945,0.012035033263925854
2007-09-04,2630.24,7.8748303757612,0.012964632667254783
2007-09-05,2605.95,7.865552571008018,-0.009277804753182295
2007-09-06,2614.32,7.8687593044423,0.0032067334342817944
2007-09-07,2565.7,7.849986624856646,-0.018772679585653762
2007-09-10,2559.11,7.847414820777164,-0.0025718040794817654
2007-09-11,2597.47,7.862293173339794,0.014878352562630148
2007-09-12,2592.07,7.860212063280345,-0.0020811100594491094
2007-09-13,2601.06,7.863674333233337,0.0034622699529922585
2007-09-14,2602.18,7.86410483423552,0.0004305010021825595
2007-09-17,2581.66,7.856187881868356,-0.00791695236716361
2007-09-18,2651.66,7.882941137958568,0.026753256090211508
2007-09-19,2666.48,7.888514529543749,0.00557339158518122
2007-09-20,2654.29,7.8839324779506095,-0.004582051593139624
2007-09-21,2671.22,7.8902905758730535,0.006358097922444017
2007-09-24,2667.95,7.889065666230222,-0.0012249096428318396
2007-09-25,2683.45,7.894858559060217,0.005792892829995289
2007-09-26,2699.03,7.900647728184093,0.005789169123875837
2007-09-27,2709.59,7.9045526109151165,0.00390488273102374
2007-09-28,2701.5,7.901562453284121,-0.00299015763099586
2007-10-01,2740.99,7.9160744479925915,0.014511994708470866
2007-10-02,2747.11,7.918304728977566,0.0022302809849747973
2007-10-03,2729.43,7.911848075170295,-0.006456653807271451
2007-10-04,2733.57,7.913363726201792,0.0015156510314975336
2007-10-05,2780.32,7.930321307973944,0.016957581772151897
2007-10-08,2787.37,7.932853777909545,0.0025324699356010782
2007-10-09,2803.91,7.938770150635081,0.005916372725535801
2007-10-10,2811.61,7.941512551989123,0.0027424013540420233
2007-10-11,2772.2,7.927396507779252,-0.014116044209870893
2007-10-12,2805.68,7.939401212819212,0.012004705039959873
2007-10-15,2780.05,7.930224192134454,-0.00917702068475812
2007-10-16,2763.91,7.924401622852358,-0.005822569282096346
2007-10-17,2792.67,7.93475340644045,0.01035178358809219
2007-10-18,2799.31,7.937128237223357,0.0023748307829070114
2007-10-19,2725.16,7.910282420969981,-0.026845816253375787
2007-10-22,2753.93,7.920784261391131,0.0105018404211501
2007-10-23,2799.26,7.937110375519386,0.016326114128254687
2007-10-24,2774.76,7.928319535953877,-0.008790839565508968
2007-10-25,2750.86,7.919668869044363,-0.00865066690951366
2007-10-26,2804.19,7.9388700062012205,0.01920113715685723
2007-10-29,2817.44,7.943583950212468,0.004713944011247584
2007-10-30,2816.71,7.943324816180152,-0.00025913403231569987
2007-10-31,2859.12,7.958269164159216,0.014944347979063188
2007-11-01,2794.83,7.93552656084138,-0.02274260331783573
2007-11-02,2810.38,7.941074984501587,0.005548423660207469
2007-11-05,2795.18,7.935651784231126,-0.005423200270461059
2007-11-06,2825.18,7.94632735836487,0.010675574133744092
2007-11-07,2748.76,7.918905179879634,-0.027422178485235982
2007-11-08,2696.0,7.899524472032198,-0.019380707847436618
2007-11-09,2627.94,7.87395554829364,-0.02556892373855746
2007-11-12,2584.13,7.857144173234531,-0.01681137505910968
2007-11-13,2673.65,7.891199859042682,0.034055685808151104
2007-11-14,2644.32,7.880169222392516,-0.011030636650165349
2007-11-15,2618.51,7.870360732692583,-0.009808489699933531
2007-11-16,2637.24,7.877488194726119,0.007127462033536425
2007-11-19,2593.38,7.860717323201034,-0.016770871525085163
2007-11-20,2596.81,7.862039047646319,0.0013217244452849997
2007-11-21,2562.15,7.84860202875218,-0.013437018894139285
2007-11-23,2596.6,7.861958175926153,0.013356147173973376
2007-11-26,2540.99,7.840309047853939,-0.021649128072214197
2007-11-27,2580.8,7.855854707370945,0.015545659517005816
2007-11-28,2662.91,7.887174788772672,0.03132008140172715
2007-11-29,2668.13,7.88913313148564,0.001958342712968353
2007-11-30,2660.96,7.88644223892183,-0.0026908925638107206
2007-12-03,2637.13,7.877446483583361,-0.008995755338468747
2007-12-04,2619.83,7.870864709153804,-0.006581774429556653
2007-12-05,2666.36,7.888469525380857,0.017604816227052567
2007-12-06,2709.03,7.9043459162208975,0.015876390840040777
2007-12-07,2706.16,7.903285934846756,-0.0010599813741416497
2007-12-10,2718.95,7.908001055349744,0.004715120502988057
2007-12-11,2652.35,7.883201318464974,-0.024799736884769885
2007-12-12,2671.14,7.8902606265622595,0.007059308097285388
2007-12-13,2668.49,7.8892680483433315,-0.000992578218927953
2007-12-14,2635.74,7.876919256463331,-0.012348791880000931
2007-12-17,2574.46,7.853395082368021,-0.023524174095309824
2007-12-18,2596.03,7.861738633997578,0.008343551629557133
2007-12-19,2601.01,7.863655110116386,0.0019164761188079638
2007-12-20,2640.86,7.87885990066864,0.015204790552254543
2007-12-21,2691.99,7.898035976047466,0.019176075378825708
2007-12-24,2713.5,7.9059945935034595,0.007958617455993355
2007-12-26,2724.41,7.9100071698933885,0.0040125763899290234
2007-12-27,2676.79,7.892373594421636,-0.01763357547175204
2007-12-28,2674.46,7.891502769792908,-0.0008708246287287835
2007-12-31,2652.28,7.88317492642632,-0.00832784336658765
2008-01-02,2609.63,7.866963727815386,-0.01621119861093412
2008-01-03,2602.68,7.864296962362516,-0.0026667654528695905
2008-01-04,2504.65,7.825904283198256,-0.038392679164259924
2008-01-07,2499.46,7.823829987524932,-0.0020742956733244
2008-01-08,2440.51,7.799962312839807,-0.02386767468512474
2008-01-09,2474.55,7.8138138402900434,0.013851527450236212
2008-01-10,2488.52,7.819443435236375,0.005629594946331196
2008-01-11,2439.94,7.79972872782097,-0.01971470741540493
2008-01-14,2478.3,7.815328120236569,0.015599392415599489
2008-01-15,2417.59,7.790526455176367,-0.024801665060202538
2008-01-16,2394.59,7.780967305211216,-0.009559149965150837
2008-01-17,2346.9,7.760850587359145,-0.02011671785207092
2008-01-18,2340.02,7.757914755323768,-0.0029358320353765066
2008-01-22,2292.27,7.737297871943752,-0.02061688338001666
2008-01-23,2316.41,7.747773852386005,0.010475980442253174
2008-01-24,2360.92,7.766806652563959,0.01903280017795428
2008-01-25,2326.2,7.751991313904939,-0.014815338659020405
2008-01-28,2349.91,7.762132308532482,0.01014099462754281
2008-01-29,2358.06,7.765594526066211,0.00346221753372955
2008-01-30,2349.0,7.761744984658913,-0.003849541407298318
2008-01-31,2389.86,7.778990065803975,0.01724508114506218
2008-02-01,2413.36,7.788775246374361,0.009785180570386132
2008-02-04,2382.85,7.776052529251013,-0.012722717123348382
2008-02-05,2309.57,7.7448166390021544,-0.03123589024885831
2008-02-06,2278.75,7.731382325992873,-0.013434313009281773
2008-02-07,2293.03,7.73762936606931,0.0062470400764373935
2008-02-08,2304.85,7.74277087739131,0.005141511321999914
2008-02-11,2320.06,7.7493483263949035,0.006577449003593472
2008-02-12,2320.04,7.749339705891035,-8.620503868073115e-06
2008-02-13,2373.93,7.772302088635479,0.022962382744443843
2008-02-14,2332.54,7.754713081556236,-0.017589007079243046
2008-02-15,2321.8,7.750098025903935,-0.0046150556523008035
2008-02-19,2306.2,7.743356427337016,-0.006741598566919471
2008-02-20,2327.1,7.7523781361649355,0.009021708827919639
2008-02-21,2299.78,7.740568745168368,-0.01180939099656797
2008-02-22,2303.35,7.742119863957441,0.0015511187890737688
2008-02-25,2327.48,7.752541416203455,0.010421552246013377
2008-02-26,2344.99,7.760036416478963,0.00749500027550809
2008-02-27,2353.78,7.763777825508831,0.0037414090298684144
2008-02-28,2331.57,7.75429713938764,-0.009480686121190907
2008-02-29,2271.48,7.7281868804061284,-0.02611025898151187
2008-03-03,2258.6,7.7225004312895695,-0.0056864491165589115
2008-03-04,2260.28,7.723243978397438,0.0007435471078682809
2008-03-05,2272.81,7.728772230389503,0.005528251992065414
2008-03-06,2220.5,7.705487674732157,-0.023284555657346218
2008-03-07,2212.49,7.701873857097859,-0.003613817634297689
2008-03-10,2169.34,7.682178252806847,-0.01969560429101236
2008-03-11,2255.76,7.7212422239801555,0.03906397117330851
2008-03-12,2243.87,7.715957332700634,-0.005284891279521808
2008-03-13,2263.61,7.724716163000261,0.00875883029962754
2008-03-14,2212.49,7.701873857097859,-0.022842305902401883
2008-03-17,2177.01,7.68570765470126,-0.01616620239659916
2008-03-18,2268.26,7.72676829672513,0.0410606420238695
2008-03-19,2209.96,7.700729694800488,-0.02603860192464147
2008-03-20,2258.11,7.722283459200628,0.021553764400139563
2008-03-24,2326.75,7.75222772306582,0.029944263865192333
2008-03-25,2341.05,7.758354825656673,0.0061271025908524734
2008-03-26,2324.36,7.7512000113108375,-0.007154814345835092
2008-03-27,2280.83,7.73229469079151,-0.018905320519327695
2008-03-28,2261.18,7.723642079900884,-0.008652610890625745
2008-03-31,2279.1,7.731535907177285,0.00789382727640131
2008-04-01,2362.75,7.767581473875166,0.03604556669788028
2008-04-02,2361.4,7.76700994247301,-0.0005715314021559337
2008-04-03,2363.3,7.767814226386241,0.0008042839132311741
2008-04-04,2370.98,7.771058650770445,0.0032444243842038034
2008-04-07,2364.83,7.768461416735661,-0.002597234034783291
2008-04-08,2348.76,7.761642808302433,-0.006818608433228235
2008-04-09,2322.12,7.750235840509056,-0.01140696779337702
2008-04-10,2351.7,7.762893749862786,0.012657909353730012
2008-04-11,2290.24,7.7364118945502325,-0.026481855312553648
2008-04-14,2275.82,7.730095706002757,-0.006316188547475399
2008-04-15,2286.04,7.734576342014444,0.0044806360116869115
2008-04-16,2350.11,7.7622174145533585,0.027641072538914457
2008-04-17,2341.83,7.7586879539910365,-0.003529460562321951
2008-04-18,2402.97,7.784460751264032,0.025772797272995085
2008-04-21,2408.04,7.786568417586427,0.0021076663223951186
2008-04-22,2376.94,7.773569225140055,-0.012999192446371488
2008-04-23,2405.21,7.785392496815177,0.011823271675122093
2008-04-24,2428.92,7.795201993095444,0.009809496280266394
2008-04-25,2422.93,7.792732830593182,-0.0024691625022619235
2008-04-28,2424.4,7.79333935007713,0.000606519483948631
2008-04-29,2426.1,7.794040308769886,0.0007009586927555489
2008-04-30,2412.8,7.788543177813637,-0.005497130956248597
2008-05-01,2480.71,7.8163000885083544,0.027756910694717085
2008-05-02,2476.99,7.8147993923395065,-0.0015006961688479592
2008-05-05,2464.12,7.8095900247662415,-0.005209367573264956
2008-05-06,2483.31,7.817347626688199,0.007757601921957402
2008-05-07,2438.49,7.799134274260009,-0.01821335242819
2008-05-08,2451.24,7.804349297950985,0.0052150236909760395
2008-05-09,2445.52,7.802013058232619,-0.002336239718365718
2008-05-12,2488.49,7.819431379805503,0.017418321572884032
2008-05-13,2495.12,7.822092103221419,0.002660723415915278
2008-05-14,2496.7,7.8227251388888766,0.0006330356674579818
2008-05-15,2533.73,7.8374478042964775,0.014722665407600921
2008-05-16,2528.85,7.83551993292992,-0.0019278713665578096
2008-05-19,2516.09,7.830461388245745,-0.005058544684175104
2008-05-20,2492.26,7.820945208333323,-0.009516179912421485
2008-05-21,2448.27,7.803136931667915,-0.017808276665408407
2008-05-22,2464.58,7.809776686564012,0.006639754896097472
2008-05-23,2444.67,7.80166542347464,-0.008111263089372045
2008-05-27,2481.24,7.816513714200679,0.014848290726038549
2008-05-28,2486.7,7.81871180926559,0.0021980950649114206
2008-05-29,2508.32,7.827368485320221,0.008656676054631163
2008-05-30,2522.66,7.8330691793539815,0.0057006940337602785
2008-06-02,2491.53,7.8206522585881615,-0.012416920765820016
2008-06-03,2480.48,7.816207368818052,-0.004444889770109484
2008-06-04,2503.14,7.8253012227481324,0.009093853930080442
2008-06-05,2549.94,7.843825108463887,0.01852388571575414
2008-06-06,2474.56,7.813817881420671,-0.03000722704321568
2008-06-09,2459.46,7.8076970926349585,-0.006120788785712428
2008-06-10,2448.94,7.803410556856208,-0.004286535778750711
2008-06-11,2394.01,7.780725063218635,-0.022685493637572662
2008-06-12,2404.35,7.78503487574,0.004309812521364975
2008-06-13,2454.5,7.805678353498108,0.020643477758107487
2008-06-16,2474.78,7.81390678216305,0.008228428664942555
2008-06-17,2457.73,7.806993438689766,-0.006913343473284428
2008-06-18,2429.71,7.7955271876490375,-0.011466251040728181
2008-06-19,2462.06,7.808753676877989,0.013226489228951088
2008-06-20,2406.09,7.7857583023188095,-0.022995374559179105
2008-06-23,2385.74,7.77726462773456,-0.008493674584249433
2008-06-24,2368.28,7.769919232256958,-0.007345395477601713
2008-06-25,2401.26,7.783748878571752,0.013829646314793997
2008-06-26,2321.37,7.749912807615038,-0.03383607095671426
2008-06-27,2315.63,7.747437067726385,-0.002475739888653017
2008-06-30,2292.98,7.737607560621872,-0.009829507104512913
2008-07-01,2304.97,7.742822940161669,0.005215379539796672
2008-07-02,2251.46,7.7193341736499885,-0.023488766511680303
2008-07-03,2245.38,7.716630050886053,-0.0027041227639355014
2008-07-07,2243.32,7.715712190416597,-0.0009178604694559667
2008-07-08,2294.44,7.738244084005078,0.02253189358848129
2008-07-09,2234.89,7.711947288834236,-0.02629679517084238
2008-07-10,2257.85,7.722168312033564,0.010221023199328272
2008-07-11,2239.08,7.713820346197158,-0.008347965836406068
2008-07-14,2212.87,7.702045594538851,-0.011774751658307103
2008-07-15,2215.71,7.703328172877423,0.001282578338572371
2008-07-16,2284.85,7.734055655659321,0.03072748278189774
2008-07-17,2312.3,7.745997979159922,0.011942323500600871
2008-07-18,2282.78,7.733149277453681,-0.01284870170624064
2008-07-21,2279.53,7.731724560347767,-0.0014247171059142971
2008-07-22,2303.96,7.742384660553965,0.010660100206197676
2008-07-23,2325.88,7.7518537410340915,0.009469080480126735
2008-07-24,2280.11,7.7319789663987395,-0.019874774635352033
2008-07-25,2310.53,7.74523221442858,0.013253248029840847
2008-07-28,2264.22,7.724985607746945,-0.020246606681634916
2008-07-29,2319.62,7.749158658141352,0.024173050394406204
2008-07-30,2329.72,7.753503367664733,0.004344709523381063
2008-07-31,2325.55,7.75171184918554,-0.0017915184791927885
2008-08-01,2310.96,7.7454183016001386,-0.006293547585401349
2008-08-04,2285.56,7.7343663498883775,-0.011051951711761099
2008-08-05,2349.83,7.762098264095978,0.02773191420760046
2008-08-06,2378.37,7.7741706580826415,0.012072393986663599
2008-08-07,2355.73,7.764605937185603,-0.009564720897038193
2008-08-08,2414.1,7.789081825820197,0.024475888634593268
2008-08-11,2439.95,7.799732826274009,0.010651000453812287
2008-08-12,2430.61,7.79589753363872,-0.0038352926352889227
2008-08-13,2428.62,7.795078473783042,-0.0008190598556776507
2008-08-14,2453.67,7.8053401419007455,0.010261668117703238
2008-08-15,2452.52,7.804871346350201,-0.00046879555054424316
2008-08-18,2416.98,7.790274105948519,-0.014597240401681866
2008-08-19,2384.36,7.776686023496284,-0.01358808245223564
2008-08-20,2389.08,7.778663633579705,0.001977610083421233
2008-08-21,2380.38,7.775015417786149,-0.003648215793556453
2008-08-22,2414.71,7.78933447606042,0.014319058274271157
2008-08-25,2365.59,7.768782741271977,-0.020551734788442744
2008-08-26,2361.97,7.7672512955758855,-0.001531445696091538
2008-08-27,2382.46,7.775888846300325,0.008637550724439613
2008-08-28,2411.64,7.788062292976286,0.012173446675960875
2008-08-29,2367.52,7.769598272754224,-0.01846402022206206
2008-09-02,2349.24,7.761847150576451,-0.007751122177772629
2008-09-03,2333.73,7.755223124920978,-0.0066240256554728205
2008-09-04,2259.04,7.722695223261215,-0.032527901659763714
2008-09-05,2255.88,7.72129541971387,-0.0013998035473443693
2008-09-08,2269.76,7.727429378013722,0.0061339582998520825
2008-09-09,2209.81,7.700661817965242,-0.02676756004848002
2008-09-10,2228.7,7.70917373482587,0.0085119168606278
2008-09-11,2258.22,7.722332171318663,0.013158436492792802
2008-09-12,2261.27,7.723681881335952,0.0013497100172887855
2008-09-15,2179.91,7.687038870527241,-0.03664301080871102
2008-09-16,2207.9,7.699797116516297,0.012758245989056505
2008-09-17,2098.85,7.6491448546658205,-0.050652261850476776
2008-09-18,2199.1,7.6958034647368025,0.04665861007098204
2008-09-19,2273.9,7.729251697969746,0.0334482332329431
2008-09-22,2178.98,7.686612156380239,-0.04263954158950689
2008-09-23,2153.33,7.674770760119723,-0.011841396260515502
2008-09-24,2155.68,7.675861498007538,0.0010907378878144414
2008-09-25,2186.57,7.69008938497578,0.014227886968241954
2008-09-26,2183.34,7.688611093391641,-0.0014782915841387023
2008-09-29,1983.73,7.592734189874232,-0.09587690351740896
2008-09-30,2091.88,7.6458184621629135,0.05308427228868151
2008-10-01,2069.4,7.63501398917085,-0.010804472992063552
2008-10-02,1976.72,7.589194184409922,-0.04581980476092795
2008-10-03,1947.39,7.574245293479607,-0.014948890930314818
2008-10-06,1862.96,7.529921899624981,-0.04432339385462658
2008-10-07,1754.88,7.47015575749384,-0.0597661421311404
2008-10-08,1740.33,7.46183002939872,-0.008325728095120333
2008-10-09,1645.12,7.4055686088671395,-0.05626142053158034
2008-10-10,1649.51,7.4082335530934245,0.0026649442262849377
2008-10-13,1844.25,7.519827969764411,0.1115944166709868
2008-10-14,1779.01,7.483812308785506,-0.036015660978905295
2008-10-15,1628.33,7.395310228723771,-0.0885020800617351
2008-10-16,1717.71,7.448747287364404,0.05343705864063342
2008-10-17,1711.29,7.445002751055552,-0.0037445363088526307
2008-10-20,1770.03,7.478751774576782,0.03374902352123055
2008-10-21,1696.68,7.436428679391749,-0.042323095185032855
2008-10-22,1615.75,7.387554524143005,-0.04887415524874417
2008-10-23,1603.91,7.380199677126565,-0.007354847016440402
2008-10-24,1552.03,7.347319030453251,-0.032880646673313585
2008-10-27,1505.9,7.3171460050927735,-0.030173025360477723
2008-10-28,1649.47,7.408209303173751,0.0910632980809778
2008-10-29,1657.21,7.4128907444597205,0.004681441285969257
2008-10-30,1698.52,7.437512562626986,0.024621818167265275
2008-10-31,1720.95,7.450631742913262,0.013119180286276233
2008-11-03,1726.33,7.453753046879231,0.003121303965968991
2008-11-04,1780.12,7.48443605674413,0.030683009864898914
2008-11-05,1681.64,7.427524786709432,-0.05691127003469809
2008-11-06,1608.7,7.383181678396262,-0.044343108313169566
2008-11-07,1647.4,7.406953566507148,0.023771888110886152
2008-11-10,1616.74,7.38816705505939,-0.018786511447758336
2008-11-11,1580.9,7.365749584102142,-0.02241747095724822
2008-11-12,1499.21,7.312693581686031,-0.05305600241611064
2008-11-13,1596.7,7.375694278345656,0.06300069665962482
2008-11-14,1516.85,7.324391095092473,-0.05130318325318317
2008-11-17,1482.05,7.301181543478545,-0.02320955161392746
2008-11-18,1483.27,7.302004388951436,0.0008228454728902435
2008-11-19,1386.42,7.23448016414847,-0.06752422480296527
2008-11-20,1316.12,7.18244329313846,-0.05203687101001009
2008-11-21,1384.35,7.232985994379695,0.050542701241234944
2008-11-24,1472.02,7.2943908861530415,0.06140489177334629
2008-11-25,1464.73,7.289426204124476,-0.00496468202856537
2008-11-26,1532.1,7.334394622321708,0.04496841819723141
2008-11-28,1535.57,7.336656926598218,0.0022623042765106405
2008-12-01,1398.07,7.242847993070977,-0.0938089335272414
2008-12-02,1449.8,7.279180894866777,0.03633290179580051
2008-12-03,1492.38,7.308127440024292,0.028946545157515047
2008-12-04,1445.56,7.276252068723637,-0.03187537130065543
2008-12-05,1509.31,7.319407871731454,0.043155803007817184
2008-12-08,1571.74,7.359938564907954,0.04053069317649971
2008-12-09,1547.34,7.344292606644712,-0.01564595826324222
2008-12-10,1565.48,7.355947765213758,0.011655158569046087
2008-12-11,1507.88,7.3184599698047785,-0.037487795408979174
2008-12-12,1540.72,7.340005118615957,0.021545148811178194
2008-12-15,1508.34,7.318764987345652,-0.021240131270304552
2008-12-16,1589.89,7.371420110431128,0.05265512308547571
2008-12-17,1579.31,7.364743321775167,-0.006676788655960664
2008-12-18,1552.37,7.347538074391764,-0.017205247383403233
2008-12-19,1564.32,7.355206503757361,0.007668429365597085
2008-12-22,1532.35,7.334557783737658,-0.02064872001970297
2008-12-23,1521.54,7.327478258837001,-0.007079524900657219
2008-12-24,1524.9,7.329684113120966,0.0022058542839653583
2008-12-26,1530.24,7.333179864829905,0.003495751708938677
2008-12-29,1510.32,7.320076827886788,-0.013103036943117097
2008-12-30,1550.7,7.346461720870104,0.026384892983315922
2008-12-31,1577.03,7.363298610244365,0.016836889374260977
2009-01-02,1632.21,7.397690203716533,0.03439159347216858
2009-01-05,1628.03,7.395125973911129,-0.0025642298054044943
2009-01-06,1652.38,7.409971951842485,0.014845977931356558
2009-01-07,1599.06,7.377171235582125,-0.032800716260360296
2009-01-08,1617.01,7.388334043849882,0.011162808267757285
2009-01-09,1571.59,7.359843124721837,-0.028490919128045356
2009-01-12,1538.79,7.33875167228671,-0.02109145243512689
2009-01-13,1546.46,7.343723726934496,0.004972054647786273
2009-01-14,1489.64,7.306289759008673,-0.0374339679258231
2009-01-15,1511.84,7.321082731034315,0.014792972025642115
2009-01-16,1529.33,7.332585009979822,0.011502278945506816
2009-01-20,1440.86,7.27299543652605,-0.05958957345377236
2009-01-21,1507.07,7.317922647448197,0.0449272109221468
2009-01-22,1465.49,7.289944936517976,-0.02797771093022039
2009-01-23,1477.29,7.297964607198851,0.008019670680874391
2009-01-26,1489.46,7.306168917143533,0.008204309944682464
2009-01-27,1504.9,7.316481729792673,0.010312812649139858
2009-01-28,1558.34,7.351376431120393,0.03489470132771988
2009-01-29,1507.84,7.318433442143058,-0.03294298897733494
2009-01-30,1476.42,7.297375517528464,-0.02105792461459366
2009-02-02,1494.43,7.309500142219546,0.012124624691081998
2009-02-03,1516.3,7.324028435806894,0.01452829358734764
2009-02-04,1515.05,7.323203720699203,-0.0008247151076909987
2009-02-05,1546.24,7.3435814564262865,0.020377735727083568
2009-02-06,1591.71,7.372564189007014,0.0289827325807277
2009-02-09,1591.56,7.372469946294262,-9.424271275193519e-05
2009-02-10,1524.73,7.329572624186127,-0.042897322108134794
2009-02-11,1530.5,7.333349758385467,0.0037771341993400043
2009-02-12,1541.71,7.340647468991499,0.007297710606031238
2009-02-13,1534.36,7.335868634967687,-0.00477883402381174
2009-02-17,1470.66,7.29346655860344,-0.04240207636424653
2009-02-18,1467.97,7.291635772998341,-0.0018307856050991944
2009-02-19,1442.82,7.274354810868434,-0.01728096212990682
2009-02-20,1441.23,7.273252194643966,-0.001102616224468278
2009-02-23,1387.72,7.235417391610069,-0.0378348030338973
2009-02-24,1441.83,7.273668419078187,0.03825102746811826
2009-02-25,1425.43,7.262228801570018,-0.011439617508169242
2009-02-26,1391.47,7.238116021265337,-0.024112780304681003
2009-02-27,1377.84,7.228272334527491,-0.009843686737846191
2009-03-02,1322.85,7.1875437790023,-0.040728555525190835
2009-03-03,1321.01,7.186151874516383,-0.0013919044859171947
2009-03-04,1353.74,7.210626411399644,0.024474536883261067
2009-03-05,1299.59,7.169804109090056,-0.0408223023095875
2009-03-06,1293.85,7.1653775487125895,-0.004426560377466693
2009-03-09,1268.64,7.145700739524089,-0.019676809188500677
2009-03-10,1358.28,7.213974472432329,0.06827373290824035
2009-03-11,1371.64,7.2237623831848214,0.009787910752492301
2009-03-12,1426.1,7.262698724742721,0.03893634155789982
2009-03-13,1431.5,7.266478124538169,0.0037793997954480574
2009-03-16,1404.02,7.2470948294985424,-0.01938329503962688
2009-03-17,1462.11,7.287635876877467,0.040541047378924944
2009-03-18,1491.22,7.307349855858554,0.019713978981086733
2009-03-19,1483.48,7.302145958008721,-0.005203897849833439
2009-03-20,1457.27,7.284320101312522,-0.017825856696198628
2009-03-23,1555.77,7.3497258789026105,0.06540577759008848
2009-03-24,1516.52,7.324173515304118,-0.02555236359849289
2009-03-25,1528.95,7.332336504282532,0.008162988978414276
2009-03-26,1587.0,7.369600720526409,0.037264216243877435
2009-03-27,1545.2,7.3429086307921265,-0.02669208973428283
2009-03-30,1501.8,7.314419667665783,-0.028488963126343414
2009-03-31,1528.59,7.33210102085359,0.017681353187806614
2009-04-01,1551.6,7.347041935565812,0.014940914712222586
2009-04-02,1602.63,7.379401308749443,0.03235937318363025
2009-04-03,1621.87,7.3913350834978635,0.011933774748420944
2009-04-06,1606.71,7.381943888967183,-0.00939119453068038
2009-04-07,1561.61,7.353472619326849,-0.028471269640333752
2009-04-08,1590.66,7.371904303426078,0.018431684099228463
2009-04-09,1652.54,7.410068777181753,0.03816447375567478
2009-04-13,1653.31,7.410534618048049,0.0004658408662967517
2009-04-14,1625.72,7.39370607355732,-0.016828544490729236
2009-04-15,1626.8,7.394370174033069,0.0006641004757490521
2009-04-16,1670.44,7.420842343761763,0.02647216972869426
2009-04-17,1673.07,7.422415541115698,0.0015731973539345745
2009-04-20,1608.21,7.382877038226789,-0.03953850288890859
2009-04-21,1643.85,7.40479633057751,0.021919292350720987
2009-04-22,1646.12,7.406176282589367,0.001379952011856922
2009-04-23,1652.21,7.409869064646101,0.0036927820567340675
2009-04-24,1694.29,7.435019053004165,0.025149988358063702
2009-04-27,1679.41,7.426197820239297,-0.008821232764868014
2009-04-28,1673.81,7.4228577440103685,-0.0033400762289286234
2009-04-29,1711.94,7.445382509358565,0.02252476534819614
2009-04-30,1717.3,7.4485085689898165,0.0031260596312518985
2009-05-01,1719.2,7.449614345328301,0.0011057763384840769
2009-05-04,1763.56,7.475089772346549,0.025475427018248453
2009-05-05,1754.12,7.469722585643237,-0.0053671867033120435
2009-05-06,1759.1,7.47255759360486,0.0028350079616226154
2009-05-07,1716.24,7.44789113040825,-0.02466646319660981
2009-05-08,1739.0,7.461065514354283,0.01317438394603343
2009-05-11,1731.24,7.4565931937456815,-0.004472320608601699
2009-05-12,1715.92,7.44770465891454,-0.008888534831141826
2009-05-13,1664.19,7.417093797555114,-0.03061086135942581
2009-05-14,1689.21,7.4320162430043775,0.014922445449263577
2009-05-15,1680.14,7.426632402258608,-0.005383840745769142
2009-05-18,1732.36,7.457239919718101,0.03060751745949286
2009-05-19,1734.54,7.458497527544875,0.0012576078267736435
2009-05-20,1727.84,7.45462735248445,-0.003870175060424863
2009-05-21,1695.25,7.435585501563952,-0.01904185092049815
2009-05-22,1692.01,7.433672450314188,-0.0019130512497635976
2009-05-26,1750.43,7.467616751020463,0.033944300706274966
2009-05-27,1731.08,7.456500770168361,-0.01111598085210197
2009-05-28,1751.79,7.468393401298493,0.011892631130131726
2009-05-29,1774.33,7.481178165863018,0.012784764564525375
2009-06-01,1828.68,7.51134967408977,0.03017150822675152
2009-06-02,1836.8,7.515780206125247,0.004430532035477164
2009-06-03,1825.92,7.509839248585081,-0.005940957540166103
2009-06-04,1850.02,7.5229517288247445,0.013112480239663604
2009-06-05,1849.42,7.5226273554032215,-0.0003243734215230276
2009-06-08,1842.4,7.518824348506476,-0.003803006896745842
2009-06-09,1860.13,7.5284016567380005,0.009577308231524917
2009-06-10,1853.08,7.5246043985860185,-0.0037972581519820636
2009-06-11,1862.37,7.5296051491599565,0.0050007505739380065
2009-06-12,1858.8,7.527686397210823,-0.0019187519491330463
2009-06-15,1816.38,7.504600788372602,-0.02308560883822164
2009-06-16,1796.18,7.493417466557333,-0.011183321815268599
2009-06-17,1808.06,7.500009726242192,0.006592259684858881
2009-06-18,1807.72,7.499821661702313,-0.00018806453987885163
2009-06-19,1827.47,7.510687775620519,0.010866113918205578
2009-06-22,1766.19,7.476579963145726,-0.03410781247479289
2009-06-23,1764.92,7.475860642561116,-0.0007193205846096618
2009-06-24,1792.34,7.491277307680866,0.015416665119749595
2009-06-25,1829.54,7.51181984811749,0.02054254043662418
2009-06-26,1838.22,7.51655299107372,0.004733142956229841
2009-06-29,1844.06,7.519724941548145,0.0031719504744254223
2009-06-30,1835.04,7.514821558616212,-0.004903382931932931
2009-07-01,1845.72,7.520624724251719,0.005803165635506424
2009-07-02,1796.52,7.493606739249746,-0.027017985001973166
2009-07-06,1787.4,7.4885173289472915,-0.005089410302454134
2009-07-07,1746.17,7.465180097066487,-0.023337231880804055
2009-07-08,1747.17,7.465752615073503,0.0005725180070159652
2009-07-09,1752.55,7.468827149172224,0.003074534098720605
2009-07-10,1756.03,7.470810858331587,0.0019837091593633005
2009-07-13,1793.21,7.491762588888532,0.02095173055694488
2009-07-14,1799.73,7.495391932633131,0.0036293437445991117
2009-07-15,1862.9,7.529889692295663,0.03449775966253199
2009-07-16,1885.03,7.541699014874831,0.011809322579167336
2009-07-17,1886.61,7.54253684674236,0.0008378318675292817
2009-07-20,1909.29,7.554486724184098,0.011949877441738366
2009-07-21,1916.2,7.558099337216773,0.003612613032674794
2009-07-22,1926.38,7.563397873000807,0.005298535784033831
2009-07-23,1973.6,7.587614565215147,0.024216692214340085
2009-07-24,1965.96,7.583735954620172,-0.0038786105949748517
2009-07-27,1967.89,7.5847171817411105,0.0009812271209383994
2009-07-28,1975.51,7.588581871848251,0.0038646901071404116
2009-07-29,1967.76,7.584651118956032,-0.003930752892219225
2009-07-30,1984.3,7.593021486091207,0.008370367135174916
2009-07-31,1978.5,7.590094260825479,-0.002927225265727529
2009-08-03,2008.61,7.6051982195389,0.015103958713420518
2009-08-04,2011.31,7.606541530055531,0.0013433105166313908
2009-08-05,1993.05,7.5974214077054265,-0.00912012235010451
2009-08-06,1973.16,7.587391597514135,-0.010029810191291233
2009-08-07,2000.25,7.601027451730233,0.013635854216097698
2009-08-10,1992.24,7.59701491281489,-0.0040125389153429225
2009-08-11,1969.73,7.585651756501461,-0.011363156313429101
2009-08-12,1998.72,7.600262254654659,0.014610498153198037
2009-08-13,2009.35,7.605566565668959,0.005304311014300289
2009-08-14,1985.52,7.593636123550037,-0.011930442118922358
2009-08-17,1930.84,7.565710420373073,-0.027925703176963523
2009-08-18,1955.92,7.578615949962842,0.012905529589768427
2009-08-19,1969.24,7.585402960495131,0.006787010532288917
2009-08-20,1989.22,7.595497881083222,0.010094920588091583
2009-08-21,2020.9,7.6112982357242025,0.015800354640980174
2009-08-24,2017.98,7.609852290061667,-0.0014459456625353084
2009-08-25,2024.23,7.61294466031487,0.0030923702532028585
2009-08-26,2024.43,7.61304345843581,9.879812094037987e-05
2009-08-27,2027.73,7.614672219753003,0.001628761317192584
2009-08-28,2028.77,7.615184977067331,0.0005127573143282049
2009-08-31,2009.06,7.605422229973745,-0.009762747093586377
2009-09-01,1968.89,7.5852252111567795,-0.02019701881696534
2009-09-02,1967.07,7.584300404944462,-0.0009248062123177192
2009-09-03,1983.2,7.592466980720981,0.008166575776519025
2009-09-04,2018.78,7.610248647541662,0.017781666820681608
2009-09-08,2037.77,7.6196113516730595,0.00936270413139706
2009-09-09,2060.39,7.630650564253133,0.011039212580073787
2009-09-10,2084.02,7.64205399975619,0.011403435503056336
2009-09-11,2080.9,7.640555771418734,-0.0014982283374553873
2009-09-14,2091.78,7.645770657130947,0.005214885712212514
2009-09-15,2102.64,7.650948977026218,0.005178319895271066
2009-09-16,2133.15,7.665355039486815,0.014406062460596836
2009-09-17,2126.75,7.662350271855994,-0.003004767630820915
2009-09-18,2132.86,7.665219081061754,0.002868809205760492
2009-09-21,2138.04,7.667644800483878,0.0024257194221242173
2009-09-22,2146.3,7.671500708387619,0.003855907903740352
2009-09-23,2131.42,7.664543703246632,-0.0069570051409870715
2009-09-24,2107.61,7.65330988305722,-0.011233820189411325
2009-09-25,2090.92,7.64535943949061,-0.007950443566610232
2009-09-28,2130.74,7.664224616208243,0.018865176717632437
2009-09-29,2124.04,7.661075214576216,-0.003149401632026816
2009-09-30,2122.42,7.660312226073515,-0.0007629885027009564
2009-10-01,2057.48,7.62923721196935,-0.031075014104164467
2009-10-02,2048.11,7.624672695654517,-0.0045645163148329004
2009-10-05,2068.15,7.634409766846997,0.009737071192479796
2009-10-06,2103.57,7.651391180347096,0.01698141350009852
2009-10-07,2110.33,7.654599612345469,0.0032084319983729515
2009-10-08,2123.93,7.661023425133247,0.00642381278777826
2009-10-09,2139.28,7.668224602806238,0.007201177672991221
2009-10-12,2139.14,7.668159158085968,-6.5444720270591e-05
2009-10-13,2139.89,7.668509704825617,0.00035054673964918237
2009-10-14,2172.23,7.683509568633542,0.014999863807925173
2009-10-15,2173.29,7.683997427403504,0.0004878587699623793
2009-10-16,2156.8,7.676380920717988,-0.007616506685516278
2009-10-19,2176.32,7.685390655987274,0.009009735269286168
2009-10-20,2163.47,7.679468693148647,-0.005921962838627337
2009-10-21,2150.73,7.673562598376505,-0.005906094772141657
2009-10-22,2165.29,7.680309580657884,0.0067469822813786
2009-10-23,2154.47,7.675300032614553,-0.00500954804333098
2009-10-26,2141.85,7.669425220544414,-0.005874812070138624
2009-10-27,2116.09,7.65732532515497,-0.012099895389444448
2009-10-28,2059.61,7.63027192347191,-0.027053401683059697
2009-10-29,2097.55,7.648525275959508,0.01825335248759785
2009-10-30,2045.11,7.623206856761338,-0.025318419198169906
2009-11-02,2049.2,7.625204752065047,0.001997895303708752
2009-11-03,2057.32,7.629159443912541,0.003954691847494196
2009-11-04,2055.52,7.628284136283299,-0.0008753076292418172
2009-11-05,2105.32,7.652222753565139,0.023938617281840102
2009-11-06,2112.44,7.65559895646111,0.003376202895970515
2009-11-09,2154.06,7.675109712481589,0.01951075602047947
2009-11-10,2151.08,7.673725320579844,-0.001384391901745552
2009-11-11,2166.9,7.6810528537249105,0.007327533145066845
2009-11-12,2149.02,7.6727672032534615,-0.008285650471449024
2009-11-13,2167.88,7.681505010474133,0.008737807220671634
2009-11-16,2197.85,7.695234888776795,0.013729878302662257
2009-11-17,2203.78,7.6979293467788095,0.0026944580020140663
2009-11-18,2193.14,7.693089585869519,-0.0048397609092907246
2009-11-19,2156.82,7.6763901936720265,-0.01669939219749228
2009-11-20,2146.04,7.671379562345918,-0.005010631326108239
2009-11-23,2176.01,7.685248203553509,0.01386864120759057
2009-11-24,2169.18,7.682104494935465,-0.0031437086180439167
2009-11-25,2176.05,7.685266585653021,0.003162090717555799
2009-11-27,2138.44,7.667831870224023,-0.01743471542899755
2009-11-30,2144.6,7.670708333786045,0.0028764635620222023
2009-12-01,2175.81,7.685156287987083,0.014447954201037838
2009-12-02,2185.03,7.689384837412552,0.004228549425469019
2009-12-03,2173.14,7.683928405240461,-0.005456432172091574
2009-12-04,2194.35,7.693641154092205,0.009712748851744557
2009-12-07,2189.61,7.691478724760249,-0.002162429331955984
2009-12-08,2172.99,7.683859378313029,-0.007619346447220288
2009-12-09,2183.73,7.6887897028487995,0.0049303245357705805
2009-12-10,2190.86,7.692049439790339,0.0032597369415396926
2009-12-11,2190.31,7.691798365304351,-0.00025107448598848947
2009-12-14,2212.1,7.701697569576977,0.00989920427262625
2009-12-15,2201.05,7.696689798215278,-0.005007771361698943
2009-12-16,2206.91,7.699348626086768,0.002658827871489855
2009-12-17,2180.05,7.687103091299931,-0.012245534786837098
2009-12-18,2211.69,7.701512208155583,0.014409116855651938
2009-12-21,2237.66,7.713185955972296,0.011673747816713487
2009-12-22,2252.67,7.719871458332761,0.00668550236046439
2009-12-23,2269.64,7.727376507590305,0.007505049257544805
2009-12-24,2285.69,7.73442322711016,0.00704671951985425
2009-12-28,2291.08,7.736778601093069,0.0023553739829091924
2009-12-29,2288.4,7.7356081623943735,-0.0011704386986952642
2009-12-30,2291.28,7.736865892357888,0.0012577299635143646
2009-12-31,2269.15,7.727160591012582,-0.009705301345306339
2010-01-04,2308.42,7.7443185868089826,0.017157995796400982
2010-01-05,2308.71,7.744444205970835,0.00012561916185216404
2010-01-06,2301.09,7.7411382026994,-0.003306003271434932
2010-01-07,2300.05,7.740686140811384,-0.0004520618880157201
2010-01-08,2317.17,7.748101892478899,0.007415751667514847
2010-01-11,2312.41,7.746045549710301,-0.0020563427685980074
2010-01-12,2282.31,7.7329433669451655,-0.013102182765135417
2010-01-13,2307.9,7.744093299132999,0.011149932187833222
2010-01-14,2316.74,7.747916304065988,0.0038230049329897042
2010-01-15,2287.99,7.735428981860767,-0.012487322205221751
2010-01-19,2320.4,7.749494863591909,0.01406588173114276
2010-01-20,2291.25,7.736852799153914,-0.012642064437994982
2010-01-21,2265.7,7.725639040943408,-0.01121375821050652
2010-01-22,2205.29,7.6986142985074215,-0.027024742435986404
2010-01-25,2210.8,7.701109719959108,0.0024954214516865747
2010-01-26,2203.73,7.6979066582313065,-0.003203061727801604
2010-01-27,2221.41,7.705897408388504,0.00799075015719719
2010-01-28,2179.0,7.68662133494462,-0.01927607344388349
2010-01-29,2147.35,7.671989802757645,-0.014631532186974994
2010-02-01,2171.2,7.683035289080604,0.011045486322958986
2010-02-02,2190.06,7.691684219695523,0.008648930614918449
2010-02-03,2190.91,7.692072261618049,0.00038804192252595016
2010-02-04,2125.43,7.661729413829098,-0.030342847788950245
2010-02-05,2141.12,7.6690843355944525,0.007354921765354128
2010-02-08,2126.05,7.66202107696965,-0.00706325862480206
2010-02-09,2150.87,7.673627690435297,0.011606613465646731
2010-02-10,2147.87,7.67223193238199,-0.0013957580533068281
2010-02-11,2177.41,7.685891376069949,0.013659443687958905
2010-02-12,2183.53,7.688698112240436,0.0028067361704868787
2010-02-16,2214.19,7.702641927111311,0.013943814870875038
2010-02-17,2226.29,7.708091801876485,0.005449874765173668
2010-02-18,2241.71,7.71499424647011,0.006902444593625212
2010-02-19,2243.87,7.715957332700634,0.0009630862305236576
2010-02-22,2242.03,7.715136984452483,-0.0008203482481503599
2010-02-23,2213.44,7.70230314541222,-0.012833839040263584
2010-02-24,2235.9,7.712399110555758,0.010095965143538166
2010-02-25,2234.22,7.711647452846749,-0.0007516577090092014
2010-02-26,2238.26,7.713454057280449,0.0018066044337006204
2010-03-01,2273.57,7.729106562322636,0.01565250504218696
2010-03-02,2280.79,7.732277153162333,0.003170590839697063
2010-03-03,2280.68,7.732228923096139,-4.823006619414372e-05
2010-03-04,2292.31,7.737315321742861,0.005086398646722223
2010-03-05,2326.35,7.752055794673572,0.014740472930710347
2010-03-08,2332.21,7.75457159487397,0.0025158002003982105
2010-03-09,2340.68,7.758196764426841,0.003625169552870844
2010-03-10,2358.95,7.76597188376126,0.007775119334419323
2010-03-11,2368.46,7.769995233895252,0.004023350133992132
2010-03-12,2367.66,7.769657404614065,-0.0003378292811868633
2010-03-15,2362.21,7.767352900510586,-0.0023045041034794878
2010-03-16,2378.01,7.774019282456352,0.0066663819457657425
2010-03-17,2389.09,7.7786678192826,0.0046485368262487725
2010-03-18,2391.28,7.779584066415442,0.0009162471328414412
2010-03-19,2374.41,7.772504264554489,-0.007079801860952806
2010-03-22,2395.4,7.781305510513406,0.008801245958917292
2010-03-23,2415.24,7.789553940030906,0.008248429517499822
2010-03-24,2398.76,7.782707216151157,-0.0068467238797493835
2010-03-25,2397.41,7.782144266949751,-0.0005629492014058712
2010-03-26,2395.13,7.781192788121402,-0.0009514788283491171
2010-03-29,2404.36,7.785039034859597,0.003846246738195447
2010-03-30,2410.69,7.7876682925606,0.0026292577010025298
2010-03-31,2397.96,7.782373654881198,-0.005294637679401859
2010-04-01,2402.58,7.784298438937302,0.0019247840561043006
2010-04-05,2429.53,7.7954531019895175,0.011154663052215241
2010-04-06,2436.81,7.79844508587509,0.0029919838855727576
2010-04-07,2431.16,7.796123788686715,-0.002321297188375482
2010-04-08,2436.81,7.79844508587509,0.002321297188375482
2010-04-09,2454.05,7.805494999961417,0.007049914086326936
2010-04-12,2457.87,7.807050400200074,0.0015554002386570787
2010-04-13,2465.99,7.810348628566027,0.0032982283659528377
2010-04-14,2504.86,7.825988123733607,0.01563949516758001
2010-04-15,2515.69,7.830302398782436,0.004314275048828975
2010-04-16,2481.26,7.816521774654079,-0.013780624128356678
2010-04-19,2480.11,7.816058193014091,-0.00046358163998849733
2010-04-20,2500.31,7.824170003168928,0.008111810154836974
2010-04-21,2504.61,7.825888312775479,0.0017183096065513936
2010-04-22,2519.07,7.83164506477159,0.005756751996110587
2010-04-23,2530.15,7.8360338685016195,0.0043888037300297
2010-04-26,2522.95,7.833184130767317,-0.0028497377343024155
2010-04-27,2471.47,7.812568394295839,-0.020615736471477852
2010-04-28,2471.73,7.812673589311311,0.00010519501547179289
2010-04-29,2511.92,7.8288026799472,0.016129090635889298
2010-04-30,2461.19,7.80840025179941,-0.02040242814778992
2010-05-03,2498.74,7.823541883805601,0.015141632006190342
2010-05-04,2424.25,7.793277477184656,-0.03026440662094476
2010-05-05,2402.29,7.7841777280750515,-0.009099749109604538
2010-05-06,2319.64,7.749167280206078,-0.03501044786897367
2010-05-07,2265.64,7.725612558710778,-0.023554721495299802
2010-05-10,2374.67,7.772613759446241,0.04700120073546277
2010-05-11,2375.31,7.772883234266713,0.00026947482047212645
2010-05-12,2425.02,7.7935950507602545,0.02071181649354159
2010-05-13,2394.36,7.78087125075244,-0.012723800007814923
2010-05-14,2346.85,7.76082928243238,-0.020041968320059667
2010-05-17,2354.23,7.763968989079584,0.003139706647203866
2010-05-18,2317.26,7.748140732206767,-0.015828256872817192
2010-05-19,2298.37,7.739955455021593,-0.00818527718517359
2010-05-20,2204.01,7.6980337074675935,-0.04192174755399947
2010-05-21,2229.04,7.70932627849179,0.011292571024196896
2010-05-24,2213.55,7.702352840577568,-0.006973437914222558
2010-05-25,2210.95,7.701177566400022,-0.0011752741775454822
2010-05-26,2195.88,7.694338156327596,-0.006839410072426055
2010-05-27,2277.68,7.730912660039629,0.03657450371203286
2010-05-28,2257.04,7.721809499301165,-0.009103160738463956
2010-06-01,2222.33,7.706311474023821,-0.015498025277343785
2010-06-02,2281.07,7.73239991010812,0.026088436084298117
2010-06-03,2303.03,7.741980926223032,0.0095810161149128
2010-06-04,2219.17,7.7048885310841895,-0.03709239513884288
2010-06-07,2173.9,7.684278068463134,-0.020610462621055703
2010-06-08,2170.57,7.682745084853102,-0.0015329836100317351
2010-06-09,2158.85,7.677330951491655,-0.005414133361447249
2010-06-10,2218.71,7.7046812248922025,0.027350273400547742
2010-06-11,2243.6,7.715836997634182,0.01115577274197932
2010-06-14,2243.96,7.715997441171771,0.00016044353758903895
2010-06-15,2305.88,7.743217661313654,0.02722022014188319
2010-06-16,2305.93,7.743239344774161,2.1683460507126995e-05
2010-06-17,2307.16,7.743772609908442,0.0005332651342806471
2010-06-18,2309.8,7.744916219680987,0.0011436097725452399
2010-06-21,2289.09,7.735909637659301,-0.009006582021686249
2010-06-22,2261.8,7.723916235437227,-0.01199340222207379
2010-06-23,2254.23,7.720563730210238,-0.0033525052269887112
2010-06-24,2217.42,7.704099636870048,-0.016464093340190722
2010-06-25,2223.48,7.706828815082323,0.0027291782122755848
2010-06-28,2220.65,7.705555224803673,-0.0012735902786502606
2010-06-29,2135.18,7.666306231242399,-0.03924899356127387
2010-06-30,2109.24,7.654082972012807,-0.01222325922959211
2010-07-01,2101.36,7.650340033144413,-0.0037429388683936082
2010-07-02,2091.79,7.645775437736985,-0.0045645954074284845
2010-07-06,2093.88,7.646774083198139,0.000998645461153913
2010-07-07,2159.47,7.677618100199606,0.030844017001466995
2010-07-08,2175.4,7.68496783465975,0.007349734460143864
2010-07-09,2196.45,7.694597699669376,0.009629865009626037
2010-07-12,2198.36,7.695466906811552,0.0008692071421760872
2010-07-13,2242.03,7.715136984452483,0.019670077640931538
2010-07-14,2249.84,7.71861438155884,0.003477397106356861
2010-07-15,2249.08,7.7182765226917205,-0.00033785886711967805
2010-07-16,2179.05,7.686644280987002,-0.03163224170471857
2010-07-19,2198.23,7.69540777007147,0.008763489084468112
2010-07-20,2222.49,7.706383467940367,0.010975697868897072
2010-07-21,2187.33,7.6904369009261435,-0.01594656701422359
2010-07-22,2245.89,7.71685715814177,0.026420257215626464
2010-07-23,2269.47,7.727301603038497,0.010444444896727134
2010-07-26,2296.43,7.739111022134295,0.01180941909579758
2010-07-27,2288.25,7.735542612264889,-0.003568409869405542
2010-07-28,2264.56,7.725135758560471,-0.010406853704417962
2010-07-29,2251.69,7.719436324366797,-0.0056994341936738024
2010-07-30,2254.7,7.720772205392467,0.0013358810256693943
2010-08-02,2295.36,7.7386449729380695,0.01787276754560274
2010-08-03,2283.52,7.73347339107148,-0.005171581866589392
2010-08-04,2303.57,7.742215372453429,0.008741981381948705
2010-08-05,2293.06,7.737642449109547,-0.004572923343881818
2010-08-06,2288.47,7.735638750984395,-0.002003698125151665
2010-08-09,2305.69,7.743135259875485,0.007496508891089881
2010-08-10,2277.17,7.7306887229167245,-0.012446536958760746
2010-08-11,2208.63,7.700127692786196,-0.0305610301305288
2010-08-12,2190.27,7.691780102882479,-0.008347589903716646
2010-08-13,2173.48,7.684084848638178,-0.007695254244301175
2010-08-16,2181.87,7.687937586249685,0.003852737611507173
2010-08-17,2209.44,7.700494368737041,0.012556782487355811
2010-08-18,2215.7,7.703323659641231,0.0028292909041898184
2010-08-19,2178.95,7.686598388375704,-0.016725271265526587
2010-08-20,2179.76,7.686970057979475,0.00037166960377099656
2010-08-23,2159.63,7.6776921897090284,-0.009277868270446632
2010-08-24,2123.76,7.660943381627204,-0.01674880808182433
2010-08-25,2141.54,7.669280475377366,0.00833709375016145
2010-08-26,2118.69,7.658553252143711,-0.010727223233654826
2010-08-27,2153.63,7.674910069516832,0.016356817373121224
2010-08-30,2119.97,7.659157216622536,-0.01575285289429562
2010-08-31,2114.03,7.656351357436397,-0.0028058591861395143
2010-09-01,2176.84,7.6856295628974145,0.02927820546101767
2010-09-02,2200.01,7.696217184790623,0.010587621893208166
2010-09-03,2233.75,7.711437066473637,0.015219881683014691
2010-09-07,2208.89,7.7002454058923275,-0.011191660581309826
2010-09-08,2228.87,7.709250009567526,0.00900460367519873
2010-09-09,2236.2,7.712533275713268,0.0032832661457415924
2010-09-10,2242.48,7.715337675275566,0.0028043995622981654
2010-09-13,2285.71,7.7344319771648475,0.019094301889281518
2010-09-14,2289.77,7.736206654822961,0.001774677658113788
2010-09-15,2301.32,7.7412381503356125,0.005031495512651141
2010-09-16,2303.25,7.742076447989041,0.0008382976534289099
2010-09-17,2315.61,7.747428430730678,0.005351982741636618
2010-09-20,2355.83,7.7646483859711495,0.017219955240471485
2010-09-21,2349.35,7.761893973133866,-0.0027544128372838372
2010-09-22,2334.55,7.7555744320441296,-0.0063195410897360915
2010-09-23,2327.08,7.752369541740139,-0.0032048903039907373
2010-09-24,2381.22,7.775368240370454,0.022998698630314784
2010-09-27,2369.77,7.770548183006367,-0.004820057364086416
2010-09-28,2379.59,7.774683482917965,0.004135299911597556
2010-09-29,2376.56,7.773409342947645,-0.0012741399703193323
2010-09-30,2368.62,7.770062786058213,-0.003346556889431973
2010-10-01,2370.75,7.770961639763836,0.0008988537056229262
2010-10-04,2344.52,7.7598359690967955,-0.011125670667040843
2010-10-05,2399.83,7.783153180493905,0.023317211397109183
2010-10-06,2380.66,7.775133039146323,-0.008020141347581777
2010-10-07,2383.67,7.776396595785126,0.001263556638803287
2010-10-08,2401.91,7.784019533161937,0.0076229373768104125
2010-10-11,2402.33,7.784194378715477,0.00017484555354041476
2010-10-12,2417.92,7.790662945433035,0.006468566717558133
2010-10-13,2441.23,7.8002572896330085,0.009594344199973293
2010-10-14,2435.38,7.797858080835852,-0.0023992087971560494
2010-10-15,2468.77,7.811475329882439,0.013617249046586899
2010-10-18,2480.66,7.816279932785236,0.0048046029027970505
2010-10-19,2436.95,7.798502536385595,-0.01777739639964171
2010-10-20,2457.39,7.8068550900836104,0.008352553698015797
2010-10-21,2459.67,7.80778247358652,0.0009273835029093291
2010-10-22,2479.39,7.815767841162066,0.007985367575546576
2010-10-25,2490.85,7.820379296668667,0.004611455506601025
2010-10-26,2497.29,7.82296142290336,0.002582126234692339
2010-10-27,2503.26,7.825349161386685,0.0023877384833248527
2010-10-28,2507.37,7.826989674025519,0.0016405126388345792
2010-10-29,2507.41,7.827005626868915,1.5952843395616867e-05
2010-11-01,2504.84,7.825980139223557,-0.0010254876453581474
2010-11-02,2533.52,7.837364919102291,0.011384779878734541
2010-11-03,2540.27,7.84002565357582,0.0026607344735287697
2010-11-04,2577.34,7.854513138309637,0.014487484733817446
2010-11-05,2578.98,7.855149250907498,0.0006361125978608939
2010-11-08,2580.05,7.855564057572837,0.00041480666533910693
2010-11-09,2562.98,7.848925922978182,-0.006638134594655121
2010-11-10,2578.78,7.855071697861176,0.006145774882993393
2010-11-11,2555.52,7.846011004434802,-0.009060693426373945
2010-11-12,2518.21,7.831303610650177,-0.014707393784624934
2010-11-15,2513.82,7.8295587875415125,-0.0017448231086643062
2010-11-16,2469.84,7.811908650195946,-0.01765013734556664
2010-11-17,2476.01,7.814403672568544,0.0024950223725985765
2010-11-18,2514.4,7.829789485483358,0.01538581291481389
2010-11-19,2518.12,7.831267870339272,0.0014783848559138946
2010-11-22,2532.02,7.836772682127026,0.0055048117877536384
2010-11-23,2494.95,7.822023967904654,-0.014748714222371895
2010-11-24,2543.12,7.841146952668988,0.019122984764334383
2010-11-26,2534.56,7.8377753309405405,-0.003371621728447849
2010-11-29,2525.22,7.834083466626845,-0.00369186431369517
2010-11-30,2498.23,7.823337760105931,-0.010745706520914666
2010-12-01,2549.43,7.843625083754285,0.02028732364835406
2010-12-02,2579.35,7.855292708189461,0.011667624435176549
2010-12-03,2591.46,7.8599767024344285,0.004683994244967238
2010-12-06,2594.92,7.861310966608403,0.0013342641739741978
2010-12-07,2598.49,7.862685786067029,0.0013748194586264972
2010-12-08,2609.16,7.866783609434967,0.004097823367938069
2010-12-09,2616.67,7.869657795992883,0.0028741865579160475
2010-12-10,2637.54,7.877601943546098,0.007944147553215153
2010-12-13,2624.91,7.87280188872367,-0.004800054822428734
2010-12-14,2627.72,7.873871829027125,0.0010699403034548638
2010-12-15,2617.22,7.869867964720933,-0.004003864306191929
2010-12-16,2637.31,7.877514737274775,0.007646772553842496
2010-12-17,2642.97,7.879658563802071,0.0021438265272957224
2010-12-20,2649.56,7.8821488674586275,0.0024903036565566694
2010-12-21,2667.61,7.888938219439084,0.006789351980456715
2010-12-22,2671.48,7.890387904938959,0.0014496854998746755
2010-12-23,2665.6,7.888184451972523,-0.0022034529664356484
2010-12-27,2667.27,7.888810756403192,0.0006263044306686893
2010-12-28,2662.88,7.887163522838416,-0.0016472335647756964
2010-12-29,2666.93,7.888683277118403,0.0015197542799869623
2010-12-30,2662.98,7.88720107545903,-0.0014822016593729614
2010-12-31,2652.87,7.88339735180635,-0.0038037236526804463
2011-01-03,2691.52,7.897861368774072,0.014464016967722593
2011-01-04,2681.25,7.894038382676327,-0.003822986097745229
2011-01-05,2702.2,7.901821535025858,0.007783152349531086
2011-01-06,2709.89,7.90466332264403,0.002841787618171665
2011-01-07,2703.17,7.902180437380522,-0.002482885263508372
2011-01-10,2707.8,7.903891776061011,0.0017113386804892272
2011-01-11,2716.83,7.907221038458888,0.0033292623978775637
2011-01-12,2737.33,7.9147382717398225,0.007517233280934121
2011-01-13,2735.29,7.913992742141755,-0.00074552959806784
2011-01-14,2755.3,7.921281608580571,0.007288866438816655
2011-01-18,2765.85,7.925103280819283,0.003821672238712104
2011-01-19,2725.36,7.910355808463318,-0.01474747235596574
2011-01-20,2704.29,7.902594679932854,-0.0077611285304639566
2011-01-21,2689.54,7.89712545425561,-0.0054692256772437275
2011-01-24,2717.55,7.90748601809013,0.010360563834519887
2011-01-25,2719.25,7.908111385973959,0.0006253678838294974
2011-01-26,2739.5,7.91553070097847,0.007419315004510985
2011-01-27,2755.28,7.921274349816521,0.0057436488380506745
2011-01-28,2686.89,7.896139669928613,-0.025134679887908185
2011-01-31,2700.08,7.901036681183101,0.0048970112544886035
2011-02-01,2751.19,7.919788824333899,0.018752143150797984
2011-02-02,2749.56,7.919196177859251,-0.0005926464746481841
2011-02-03,2753.88,7.920766105354521,0.0015699274952698516
2011-02-04,2769.3,7.9263498596642155,0.005583754309694378
2011-02-07,2783.99,7.931640429493836,0.005290569829620395
2011-02-08,2797.05,7.936320569338212,0.004680139844376541
2011-02-09,2789.07,7.9334634859141735,-0.0028570834240388976
2011-02-10,2790.45,7.9339581521321065,0.0004946662179330374
2011-02-11,2809.44,7.940740454211021,0.006782302078914171
2011-02-14,2817.18,7.943491663598576,0.0027512093875552424
2011-02-15,2804.35,7.938927062048212,-0.004564601550363534
2011-02-16,2825.56,7.946461854024049,0.007534791975836619
2011-02-17,2831.58,7.948590138730578,0.002128284706529371
2011-02-18,2833.95,7.949426777187437,0.0008366384568585516
2011-02-22,2756.42,7.921688015297681,-0.027738761889755992
2011-02-23,2722.99,7.909485820246891,-0.01220219505079001
2011-02-24,2737.9,7.914946482171917,0.0054606619250261446
2011-02-25,2781.05,7.930583833216534,0.015637351044617276
2011-02-28,2782.27,7.931022420254331,0.00043858703779697805
2011-03-01,2737.41,7.914767496871977,-0.01625492338235457
2011-03-02,2748.07,7.918654126089131,0.003886629217154436
2011-03-03,2798.74,7.93692459488291,0.018270468793779138
2011-03-04,2784.67,7.931884653419656,-0.0050399414632540385
2011-03-07,2745.63,7.9177658358073755,-0.014118817612280843
2011-03-08,2765.77,7.9250743562004535,0.007308520393078055
2011-03-09,2751.72,7.919981449690897,-0.005092906509556627
2011-03-10,2701.02,7.90138475843014,-0.018596691260756693
2011-03-11,2715.61,7.906771884848168,0.005387126418027854
2011-03-14,2700.97,7.901366246733524,-0.00540563811464434
2011-03-15,2667.33,7.888833251060712,-0.012532995672811964
2011-03-16,2616.82,7.869715119117621,-0.019118131943090866
2011-03-17,2636.05,7.87703686357604,0.007321744458419488
2011-03-18,2643.67,7.879923382289462,0.002886518713421715
2011-03-21,2692.09,7.898073122598042,0.018149740308579965
2011-03-22,2683.87,7.8950150617471655,-0.003058060850876565
2011-03-23,2698.3,7.900377224062814,0.0053621623156487885
2011-03-24,2736.42,7.914405775733105,0.01402855167029049
2011-03-25,2743.06,7.91682936455911,0.0024235888260051297
2011-03-28,2730.68,7.912305941411758,-0.004523423147351657
2011-03-29,2756.89,7.921858511787499,0.009552570375740643
2011-03-30,2776.79,7.929050863273446,0.0071923514859468796
2011-03-31,2781.07,7.930591024719056,0.0015401614456100887
2011-04-01,2789.6,7.933653495361441,0.0030624706423854064
2011-04-04,2789.19,7.933506510083007,-0.00014698527843393094
2011-04-05,2791.19,7.934223307177697,0.0007167970946895252
2011-04-06,2799.82,7.9373104083825945,0.0030871012048976354
2011-04-07,2796.14,7.935995173630922,-0.0013152347516722784
2011-04-08,2780.41,7.930353677824668,-0.005641495806254504
2011-04-11,2771.51,7.927147577007779,-0.0032061008168886573
2011-04-12,2744.79,7.917459848284907,-0.009687728722871825
2011-04-13,2761.52,7.923536531755718,0.006076683470810806
2011-04-14,2760.22,7.923065665679438,-0.00047086607627999655
2011-04-15,2764.65,7.924669323665741,0.0016036579863030198
2011-04-18,2735.38,7.9140256448757915,-0.01064367878994954
2011-04-19,2744.97,7.917525424922161,0.003499780046369416
2011-04-20,2802.51,7.9382707231825895,0.02074529826042859
2011-04-21,2820.16,7.944548899911296,0.006278176728706342
2011-04-25,2825.88,7.94657509949789,0.002026199586594224
2011-04-26,2847.54,7.954210742632682,0.007635643134792147
2011-04-27,2869.88,7.962025496032838,0.007814753400155361
2011-04-28,2872.53,7.962948453532603,0.0009229574997657863
2011-04-29,2873.54,7.963299998157156,0.0003515446245527798
2011-05-02,2864.08,7.960002460651312,-0.0032975375058441614
2011-05-03,2841.62,7.952129591061371,-0.007872869589941267
2011-05-04,2828.23,7.947406353270922,-0.00472323779044892
2011-05-05,2814.72,7.942618068486287,-0.0047882847846345555
2011-05-06,2827.56,7.947169427924282,0.004551359437995117
2011-05-09,2843.25,7.952703043064554,0.005533615140271841
2011-05-10,2871.89,7.962725628598965,0.010022585534410489
2011-05-11,2845.06,7.95333943596898,-0.009386192629984969
2011-05-12,2863.04,7.959639276359231,0.006299840390250999
2011-05-13,2828.47,7.94749120839852,-0.012148067960710662
2011-05-16,2782.31,7.931036796900907,-0.016454411497613286
2011-05-17,2783.21,7.931360216817768,0.000323419916861134
2011-05-18,2815.0,7.942717540573791,0.011357323756023163
2011-05-19,2823.31,7.945665234481029,0.002947693907238147
2011-05-20,2803.32,7.9385597080450045,-0.0071055264360246895
2011-05-23,2758.9,7.922587328544109,-0.01597237950089525
2011-05-24,2746.16,7.917958851200042,-0.004628477344067683
2011-05-25,2761.38,7.923485833752847,0.005526982552805038
2011-05-26,2782.92,7.931256015155118,0.007770181402271703
2011-05-27,2796.86,7.936252638320347,0.004996623165228975
2011-05-31,2835.3,7.9499030306691205,0.013650392348773188
2011-06-01,2769.19,7.926310137646115,-0.0235928930230056
2011-06-02,2773.31,7.9277968316502125,0.0014866940040976218
2011-06-03,2732.78,7.9130746850663,-0.01472214658391291
2011-06-06,2702.56,7.901954750932035,-0.01111993413426493
2011-06-07,2701.56,7.901584662920882,-0.00037008801115234746
2011-06-08,2675.38,7.8918467053158645,-0.009737957605017833
2011-06-09,2684.87,7.895387588638602,0.00354088332273772
2011-06-10,2643.73,7.879946077754153,-0.01544151088444945
2011-06-13,2639.69,7.878416765003172,-0.0015293127509812265
2011-06-14,2678.72,7.893094347471692,0.014677582468520356
2011-06-15,2631.46,7.8752941042222915,-0.017800243249400438
2011-06-16,2623.7,7.872340814259598,-0.002953289962693617
2011-06-17,2616.48,7.86958518198408,-0.002755632275517783
2011-06-20,2629.66,7.874609839248206,0.005024657264125487
2011-06-21,2687.26,7.896277366122646,0.021667526874440846
2011-06-22,2669.19,7.889530334581552,-0.006747031541094017
2011-06-23,2686.75,7.896087563721263,0.006557229139710685
2011-06-24,2652.89,7.883404890782859,-0.012682672938404416
2011-06-27,2688.28,7.896656862884736,0.013251972101877563
2011-06-28,2729.31,7.911804108980288,0.015147246095551736
2011-06-29,2740.49,7.915892015510347,0.004087906530059193
2011-06-30,2773.52,7.927872550574391,0.011980535064044062
2011-07-01,2816.03,7.943083370630277,0.015210820055886032
2011-07-05,2825.77,7.946536172812758,0.0034528021824806743
2011-07-06,2834.02,7.949451477388744,0.0029153045759864327
2011-07-07,2872.66,7.962993708780915,0.013542231392170478
2011-07-08,2859.81,7.958510468040657,-0.004483240740257521
2011-07-11,2802.62,7.938309972941298,-0.020200495099359728
2011-07-12,2781.91,7.930893021133346,-0.007416951807951655
2011-07-13,2796.92,7.936274090719262,0.005381069585916443
2011-07-14,2762.67,7.923952882394134,-0.01232120832512873
2011-07-15,2789.8,7.933725187658135,0.009772305264001524
2011-07-18,2765.11,7.924835696166921,-0.008889491491213874
2011-07-19,2826.52,7.94680155197922,0.02196585581229904
2011-07-20,2814.23,7.9424439685204895,-0.004357583458730829
2011-07-21,2834.43,7.949596137745885,0.0071521692253950775
2011-07-22,2858.83,7.958167729204293,0.008571591458408356
2011-07-25,2842.8,7.95254476095274,-0.005622968251552507
2011-07-26,2839.96,7.9515452465490215,-0.0009995144037189263
2011-07-27,2764.79,7.924719961705048,-0.02682528484397384
2011-07-28,2766.25,7.9252478913652595,0.0005279296602118677
2011-07-29,2756.38,7.921673503615777,-0.0035743877494827103
2011-08-01,2744.61,7.917394267347077,-0.004279236268700082
2011-08-02,2669.24,7.889549066680691,-0.02784520066638585
2011-08-03,2693.07,7.898437085789783,0.008888019109091871
2011-08-04,2556.39,7.846351386017576,-0.05208569977220634
2011-08-05,2532.41,7.836926697485426,-0.009424688532150505
2011-08-08,2357.69,7.765437605109519,-0.07148909237590662
2011-08-09,2482.52,7.817029452281639,0.05159184717211929
2011-08-10,2381.05,7.775296845846383,-0.04173260643525545
2011-08-11,2492.68,7.821113715878447,0.045816870032063584
2011-08-12,2507.98,7.827232927239356,0.006119211360909205
2011-08-15,2555.2,7.845885777460748,0.018652850221392292
2011-08-16,2523.45,7.833382291833279,-0.012503485627469502
2011-08-17,2511.48,7.828627499789887,-0.004754792043391909
2011-08-18,2380.43,7.775036422615159,-0.053591077174727886
2011-08-19,2341.84,7.758692224146705,-0.016344198468454252
2011-08-22,2345.38,7.7602027146605135,0.0015104905138088043
2011-08-23,2446.06,7.80223384579091,0.042031131130396915
2011-08-24,2467.69,7.811037769356382,0.00880392356547155
2011-08-25,2419.63,7.791369914899489,-0.019667854456892897
2011-08-26,2479.85,7.815953353458837,0.024583438559347748
2011-08-29,2562.11,7.84858641674186,0.032633063283022956
2011-08-30,2576.11,7.854035788175899,0.005449371434039563
2011-08-31,2579.46,7.8553353536832935,0.0012995655073941847
2011-09-01,2546.04,7.842294489913026,-0.013040863770267919
2011-09-02,2480.33,7.816146894822859,-0.026147595090166398
2011-09-06,2473.83,7.8135228359593,-0.00262405886355932
2011-09-07,2548.94,7.843432865456473,0.029910029497172808
2011-09-08,2529.14,7.835634602986728,-0.007798262469744799
2011-09-09,2467.99,7.8111593331532125,-0.024475269833515334
2011-09-12,2495.09,7.822080079679323,0.010920746526110747
2011-09-13,2532.15,7.836824023215508,0.014743943536184467
2011-09-14,2572.55,7.852652903865288,0.015828880649780608
2011-09-15,2607.07,7.865982264359371,0.013329360494082287
2011-09-16,2622.31,7.871810887693492,0.0058286233341213745
2011-09-19,2612.83,7.868189204085373,-0.0036216836081193193
2011-09-20,2590.24,7.859505814493196,-0.008683389592176738
2011-09-21,2538.19,7.839206507568445,-0.020299306924751015
2011-09-22,2455.67,7.806154915418425,-0.03305159215002007
2011-09-23,2483.23,7.8173154111014895,0.011160495683064653
2011-09-26,2516.69,7.830699825055159,0.01338441395366985
2011-09-27,2546.83,7.842604727561477,0.011904902506318038
2011-09-28,2491.58,7.820672326377153,-0.02193240118432449
2011-09-29,2480.76,7.816320243825227,-0.004352082551926095
2011-09-30,2415.4,7.789620183841275,-0.026700059983951974
2011-10-03,2335.83,7.756122567327361,-0.03349761651391425
2011-10-04,2404.82,7.78523033566406,0.029107768336699813
2011-10-05,2460.51,7.808123924512365,0.02289358884830417
2011-10-06,2506.82,7.82677029661772,0.018646372105355802
2011-10-07,2479.35,7.815751708031472,-0.011018588586248157
2011-10-10,2566.05,7.850123030566411,0.034371322534938464
2011-10-11,2583.03,7.856718407430252,0.0065953768638413734
2011-10-12,2604.73,7.865084301982749,0.008365894552497366
2011-10-13,2620.24,7.871021195613274,0.005936893630524409
2011-10-14,2667.85,7.889028183565949,0.01800698795267497
2011-10-17,2614.92,7.868988783296831,-0.02003940026911799
2011-10-18,2657.43,7.885114769323559,0.016125986026728434
2011-10-19,2604.04,7.864819364193584,-0.020295405129974853
2011-10-20,2598.62,7.862735813870954,-0.002083550322629968
2011-10-21,2637.46,7.877571611792542,0.01483579792158718
2011-10-24,2699.44,7.900799623073122,0.023228011280580496
2011-10-25,2638.42,7.877935532128332,-0.022864090944789695
2011-10-26,2650.67,7.8825677172127815,0.00463218508444907
2011-10-27,2738.63,7.915213074340434,0.032645357127652375
2011-10-28,2737.15,7.914672512069473,-0.000540562270960443
2011-10-31,2684.41,7.895216243504384,-0.019456268565089196
2011-11-01,2606.96,7.86594007050931,-0.029276172995074567
2011-11-02,2639.98,7.87852662035409,0.012586549844780137
2011-11-03,2697.97,7.9002549173582155,0.021728297004125707
2011-11-04,2686.15,7.895864220646762,-0.0043906967114537565
2011-11-07,2695.25,7.899246243419228,0.003382022772465909
2011-11-08,2727.49,7.911137051339368,0.011890807920140745
2011-11-09,2621.65,7.871559169524977,-0.0395778818143917
2011-11-10,2625.15,7.872893316250276,0.0013341467252994121
2011-11-11,2678.75,7.893105546787787,0.020212230537510756
2011-11-14,2657.22,7.885035742482616,-0.008069804305170791
2011-11-15,2686.2,7.895882834474975,0.01084709199235867
2011-11-16,2639.61,7.878386457954886,-0.017496376520088397
2011-11-17,2587.99,7.858636791625691,-0.019749666329195392
2011-11-18,2572.5,7.852633467708205,-0.0060033239174863695
2011-11-21,2523.14,7.833259436598204,-0.0193740311100008
2011-11-22,2521.28,7.832521988057323,-0.0007374485408808695
2011-11-23,2460.08,7.807949148722837,-0.024572839334485508
2011-11-25,2441.51,7.800371979336047,-0.007577169386790317
2011-11-28,2527.34,7.8349226452311225,0.03455066589507538
2011-11-29,2515.51,7.830230845276284,-0.004691799954838594
2011-11-30,2620.34,7.871059359327982,0.040828514051698406
2011-12-01,2626.2,7.873293213424905,0.0022338540969224496
2011-12-02,2626.93,7.873571142965845,0.00027792954093985855
2011-12-05,2655.76,7.8844861450677,0.010915002101855364
2011-12-06,2649.56,7.8821488674586275,-0.00233727760907243
2011-12-07,2649.21,7.8820167613281455,-0.00013210613048197928
2011-12-08,2596.38,7.861873446156298,-0.020143315171847753
2011-12-09,2646.85,7.88112553269546,0.019252086539162327
2011-12-12,2612.26,7.867971026024416,-0.013154506671043897
2011-12-13,2579.27,7.855261692142532,-0.012709333881884
2011-12-14,2539.31,7.839647669564767,-0.015614022577764786
2011-12-15,2541.01,7.840316918770901,0.0006692492061333155
2011-12-16,2555.33,7.845936652810282,0.005619734039381541
2011-12-19,2523.14,7.833259436598204,-0.012677216212078513
2011-12-20,2603.73,7.8647003113166845,0.03144087471848067
2011-12-21,2577.97,7.854757546503572,-0.00994276481311207
2011-12-22,2599.45,7.8630551631706185,0.008297616667046093
2011-12-23,2618.64,7.870410378014953,0.007355214844334768
2011-12-27,2625.2,7.872912362599568,0.0025019845846143696
2011-12-28,2589.98,7.859405432656047,-0.013506929943520873
2011-12-29,2613.74,7.868537424814912,0.009131992158865287
2011-12-30,2605.15,7.865245534103608,-0.0032918907113037577
2012-01-03,2648.72,7.881831783421152,0.01658624931754371
2012-01-04,2648.36,7.881695859477941,-0.00013592394321104706
2012-01-05,2669.86,7.889781315562632,0.008085456084691245
2012-01-06,2674.22,7.891413028024784,0.0016317124621521018
2012-01-09,2676.56,7.892287666918245,0.0008746388934603999
2012-01-10,2702.5,7.901932549513363,0.009644882595118531
2012-01-11,2710.76,7.904984317361442,0.0030517678480785904
2012-01-12,2724.7,7.910113609293685,0.005129291932242985
2012-01-13,2710.67,7.90495111578916,-0.00516249350452469
2012-01-17,2728.08,7.911353344046565,0.006402228257404552
2012-01-18,2769.71,7.92649790055988,0.015144556513315699
2012-01-19,2788.33,7.933198129294838,0.0067002287349575695
2012-01-20,2786.7,7.932613379061585,-0.0005847502332532173
2012-01-23,2784.17,7.931705082808419,-0.0009082962531659078
2012-01-24,2786.64,7.932591847986861,0.000886765178441884
2012-01-25,2818.31,7.9438926935055205,0.011300845518659841
2012-01-26,2805.28,7.939258634721818,-0.004634058783702599
2012-01-27,2816.55,7.94326801070693,0.004009375985112307
2012-01-30,2811.94,7.941629915576316,-0.0016380951306143032
2012-01-31,2813.84,7.942305377493503,0.0006754619171873699
2012-02-01,2848.27,7.9544670714090975,0.012161693915594185
2012-02-02,2859.68,7.958465009442069,0.0039979380329713265
2012-02-03,2905.66,7.974415837973506,0.015950828531437367
2012-02-06,2901.99,7.973151987538817,-0.001263850434689573
2012-02-07,2904.08,7.973871923774608,0.000719936235791252
2012-02-08,2915.86,7.977920081002048,0.004048157227440008
2012-02-09,2927.23,7.98181186235431,0.0038917813522623135
2012-02-10,2903.88,7.973803052776847,-0.008008809577463083
2012-02-13,2931.39,7.98323199224809,0.009428939471242792
2012-02-14,2931.83,7.983382080425176,0.00015008817708572764
2012-02-15,2915.83,7.977909792389313,-0.00547228803586286
2012-02-16,2959.85,7.992893870358375,0.014984077969062426
2012-02-17,2951.78,7.990163657197924,-0.002730213160450745
2012-02-21,2948.57,7.989075586043945,-0.0010880711539797971
2012-02-22,2933.17,7.983839028429716,-0.0052365576142285875
2012-02-23,2956.98,7.991923756217835,0.008084727788118862
2012-02-24,2963.75,7.994210637379616,0.002286881161780663
2012-02-27,2966.16,7.99502346594959,0.0008128285699742221
2012-02-28,2986.76,8.001944466812596,0.006921000863005844
2012-02-29,2966.89,7.995269545117533,-0.006674921695062785
2012-03-01,2988.97,8.002684125431962,0.007414580314429209
2012-03-02,2976.19,7.998399238001057,-0.004284887430904938
2012-03-05,2950.48,7.989723147962133,-0.008676090038924222
2012-03-06,2910.32,7.9760183197555,-0.013704828206632769
2012-03-07,2935.69,7.984697798328767,0.008679478573267119
2012-03-08,2970.42,7.996458635940122,0.011760837611355157
2012-03-09,2988.34,8.002473328266571,0.006014692326449023
2012-03-12,2983.66,8.000906013813113,-0.0015673144534584793
2012-03-13,3039.88,8.019573319936951,0.018667306123838046
2012-03-14,3040.73,8.019852897152242,0.00027957721529148216
2012-03-15,3056.37,8.02498321625606,0.005130319103818337
2012-03-16,3055.26,8.024619974367331,-0.00036324188872960406
2012-03-19,3078.32,8.032139272607719,0.007519298240387329
2012-03-20,3074.15,8.030783719264576,-0.0013555533431421907
2012-03-21,3075.32,8.031164239866879,0.00038052060230242546
2012-03-22,3063.32,8.027254574115023,-0.003909665751855584
2012-03-23,3067.92,8.028755086527877,0.0015005124128535385
2012-03-26,3122.57,8.046411659682802,0.01765657315492497
2012-03-27,3120.35,8.045700453999059,-0.0007112056837428327
2012-03-28,3104.96,8.040756111836934,-0.004944342162124471
2012-03-29,3095.36,8.037659494994182,-0.003096616842752198
2012-03-30,3091.57,8.036434331472346,-0.0012251635218358814
2012-04-02,3119.7,8.045492122334297,0.009057790861950465
2012-04-03,3113.57,8.043525256796244,-0.001966865538053142
2012-04-04,3068.09,8.02881049712859,-0.014714759667652899
2012-04-05,3080.5,8.032847200454626,0.004036703326034896
2012-04-09,3047.08,8.021939033974158,-0.01090816648046733
2012-04-10,2991.22,8.003436609920305,-0.01850242405385316
2012-04-11,3016.46,8.011839237391769,0.008402627471463475
2012-04-12,3055.55,8.024714888134973,0.012875650743204403
2012-04-13,3011.33,8.010137120616449,-0.014577767518524354
2012-04-16,2988.4,8.002493406101646,-0.007643714514802724
2012-04-17,3042.82,8.020539995994932,0.018046589893286225
2012-04-18,3031.45,8.016796331890692,-0.0037436641042400964
2012-04-19,3007.56,8.008884397774521,-0.007911934116171082
2012-04-20,3000.45,8.006517556401372,-0.002366841373149242
2012-04-23,2970.45,7.996468735470999,-0.010048820930372848
2012-04-24,2961.6,7.993484941819233,-0.0029837936517660424
2012-04-25,3029.63,8.016195778835892,0.022710837016658658
2012-04-26,3050.61,8.023096849604123,0.006901070768231321
2012-04-27,3069.2,8.02917222030351,0.006075370699386795
2012-04-30,3046.36,8.021702714258742,-0.007469506044767371
2012-05-01,3050.44,8.023041121491735,0.0013384072329927221
2012-05-02,3059.85,8.026121174137083,0.0030800526453482746
2012-05-03,3024.3,8.014434938728005,-0.011686235409078094
2012-05-04,2956.34,7.991707295751465,-0.022727642976540174
2012-05-07,2957.76,7.992187504076413,0.0004802083249479949
2012-05-08,2946.27,7.9882952425175,-0.0038922615589127574
2012-05-09,2934.71,7.984363919884673,-0.003931322632826806
2012-05-10,2933.64,7.983999251788238,-0.0003646680964353166
2012-05-11,2933.82,7.984060607127706,6.135533946771687e-05
2012-05-14,2902.58,7.973355275638377,-0.010705331489329062
2012-05-15,2893.76,7.970311973552115,-0.00304330208626169
2012-05-16,2874.04,7.9634739844265985,-0.006837989125516586
2012-05-17,2813.69,7.942252068137521,-0.021221916289077214
2012-05-18,2778.79,7.929770860136563,-0.012481208000957977
2012-05-21,2847.21,7.9540948464123495,0.024323986275786247
2012-05-22,2839.08,7.951235335012197,-0.0028595114001523925
2012-05-23,2850.12,7.9551163776394525,0.0038810426272553045
2012-05-24,2839.38,7.9513409974630305,-0.003775380176421983
2012-05-25,2837.53,7.9506892344209925,-0.0006517630420379561
2012-05-29,2870.99,7.962412197008066,0.011722962587073837
2012-05-30,2837.36,7.950629321365391,-0.011782875642674995
2012-05-31,2827.34,7.947091619298096,-0.003537702067295534
2012-06-01,2747.48,7.918439406906423,-0.02865221239167326
2012-06-04,2760.01,7.922989581893038,0.004550174986615474
2012-06-05,2778.11,7.929526119362609,0.006536537469570725
2012-06-06,2844.72,7.953219923439355,0.02369380407674626
2012-06-07,2831.02,7.948392349728414,-0.004827573710940669
2012-06-08,2858.42,7.958024303606076,0.009631953877661914
2012-06-11,2809.73,7.94084367230204,-0.017180631304036353
2012-06-12,2843.07,7.952639733226184,0.011796060924144314
2012-06-13,2818.61,7.943999134611757,-0.00864059861442712
2012-06-14,2836.33,7.950266241954526,0.006267107342768696
2012-06-15,2872.8,7.963042442911873,0.012776200957347328
2012-06-18,2895.33,7.970854373148076,0.0078119302362029686
2012-06-19,2929.76,7.982675787393403,0.011821414245327233
2012-06-20,2930.45,7.982911273836104,0.00023548644270032781
2012-06-21,2859.09,7.958258671365142,-0.024652602470961682
2012-06-22,2892.42,7.969848800949826,0.011590129584684306
2012-06-25,2836.17,7.950209829437984,-0.01963897151184213
2012-06-26,2854.06,7.9564978209412365,0.0062879915032523215
2012-06-27,2875.32,7.963919251385407,0.007421430444170873
2012-06-28,2849.49,7.954895309881285,-0.009023941504122668
2012-06-29,2935.06,7.984483174983397,0.029587865102111977
2012-07-02,2951.24,7.989980699999234,0.0054975250158371125
2012-07-03,2976.09,7.9983656374311884,0.008384937431954675
2012-07-05,2976.12,7.998375717720694,1.0080289505332019e-05
2012-07-06,2937.33,7.9852562844373205,-0.013119433283373283
2012-07-09,2931.77,7.9833616151819795,-0.001894669255340986
2012-07-10,2902.34,7.97327258716028,-0.01008902802169942
2012-07-11,2887.99,7.968316037402844,-0.00495654975743598
2012-07-12,2866.19,7.960738900677825,-0.007577136725019251
2012-07-13,2908.47,7.975382448702468,0.01464354802464296
2012-07-16,2896.95,7.971413738386718,-0.003968710315749746
2012-07-17,2910.04,7.975922105775534,0.0045083673888157705
2012-07-18,2942.61,7.987052221613268,0.0111301158377346
2012-07-19,2965.9,7.994935806687827,0.00788358507455822
2012-07-20,2925.3,7.981152318509183,-0.013783488178643388
2012-07-23,2890.16,7.969067142895785,-0.012085175613398391
2012-07-24,2863.0,7.959625305098115,-0.00944183779767016
2012-07-25,2854.25,7.956564390556436,-0.00306091454167845
2012-07-26,2893.25,7.970135716728187,0.01357132617175072
2012-07-27,2958.09,7.9922990687713735,0.022163352043186535
2012-07-30,2945.84,7.988149284617609,-0.004149784153764102
2012-07-31,2939.52,7.986001581697374,-0.0021477029202356945
2012-08-01,2920.21,7.979410810484585,-0.006590771212788837
2012-08-02,2909.77,7.9758293192412,-0.0035814912433851376
2012-08-03,2967.9,7.9956099109972865,0.019780591756086707
2012-08-06,2989.91,8.00299856559726,0.007388654599973066
2012-08-07,3015.86,8.011640308952304,0.008641743355044085
2012-08-08,3011.25,8.010110553929081,-0.001529755023222279
2012-08-09,3018.64,8.012561677813574,0.0024511238844926453
2012-08-10,3020.86,8.013296838042065,0.0007351602284906278
2012-08-13,3022.52,8.013846199505931,0.0005493614638663047
2012-08-14,3016.98,8.012011610035332,-0.0018345894705991128
2012-08-15,3030.93,8.016624782102895,0.004613172067562843
2012-08-16,3062.39,8.026950935840555,0.010326153737659993
2012-08-17,3076.59,8.031577119775083,0.004626183934528072
2012-08-20,3076.21,8.031453598776356,-0.00012352099872714462
2012-08-21,3067.26,8.028539933915386,-0.002913664860969334
2012-08-22,3073.67,8.03062756635152,0.002087632436133191
2012-08-23,3053.4,8.024011002822842,-0.006616563528677233
2012-08-24,3069.79,8.029364434332795,0.0053534315099526
2012-08-27,3073.19,8.030471389050922,0.001106954718126829
2012-08-28,3077.14,8.031755873149528,0.0012844840986065975
2012-08-29,3081.19,8.033071164984774,0.0013152918352457021
2012-08-30,3048.71,8.02247382931286,-0.01059733567191401
2012-08-31,3066.96,8.028442121968558,0.005968292655698093
2012-09-04,3075.06,8.03107969224538,0.0026375702768213216
2012-09-05,3069.27,8.029195027289617,-0.0018846649557620054
2012-09-06,3135.81,8.050642792900154,0.021447765610536962
2012-09-07,3136.42,8.050837301074097,0.0001945081739425092
2012-09-10,3104.02,8.040453324581321,-0.01038397649277556
2012-09-11,3104.53,8.040617614150108,0.00016428956878655754
2012-09-12,3114.31,8.043762897856599,0.003145283706491142
2012-09-13,3155.83,8.057006814862234,0.013243917005635097
2012-09-14,3183.95,8.065877843323385,0.008871028461150843
2012-09-17,3178.67,8.06421814929419,-0.0016596940291950801
2012-09-18,3177.8,8.063944412454267,-0.0002737368399223783
2012-09-19,3182.62,8.065460035926513,0.001515623472245764
2012-09-20,3175.96,8.063365227829276,-0.0020948080972367222
2012-09-21,3179.96,8.064623897078759,0.0012586692494824803
2012-09-24,3160.78,8.05857411156514,-0.0060497855136194545
2012-09-25,3117.73,8.044860451897753,-0.01371365966738658
2012-09-26,3093.7,8.037123064570238,-0.007737387327514611
2012-09-27,3136.6,8.050894689700325,0.013771625130086562
2012-09-28,3116.23,8.044379216846856,-0.006515472853468651
2012-10-01,3113.53,8.043512409724574,-0.0008668071222821538
2012-10-02,3120.04,8.045601101234167,0.0020886915095932324
2012-10-03,3135.23,8.050457815607183,0.004856714373016047
2012-10-04,3149.46,8.054986288552692,0.0045284729455090655
2012-10-05,3136.19,8.05076396636969,-0.004222322183002447
2012-10-08,3112.35,8.04313334684057,-0.007630619529120253
2012-10-09,3065.02,8.027809373634504,-0.015323973206065489
2012-10-10,3051.78,8.023480305926757,-0.004329067707747214
2012-10-11,3049.41,8.02270340826607,-0.0007768976606872258
2012-10-12,3044.11,8.02096385499095,-0.0017395532751205423
2012-10-15,3064.18,8.027535275871251,0.00657142088030227
2012-10-16,3101.17,8.039534738623306,0.011999462752054768
2012-10-17,3104.12,8.040485540349653,0.0009508017263470947
2012-10-18,3072.87,8.030367257298128,-0.010118283051525623
2012-10-19,3005.62,8.008239148483028,-0.022128108815099523
2012-10-22,3016.96,8.012004980867657,0.0037658323846283537
2012-10-23,2990.46,8.003182500705472,-0.008822480162184121
2012-10-24,2981.7,8.00024888664207,-0.0029336140634033114
2012-10-25,2986.12,8.0017301648335,0.001481278191430846
2012-10-26,2987.95,8.002342812511628,0.0006126476781282975
2012-10-31,2977.23,7.998748617017011,-0.0035941954946174803
2012-11-01,3020.06,8.013031977721226,0.014283360704215653
2012-11-02,2982.13,8.000393089277203,-0.012638888444023166
2012-11-05,2999.66,8.006254227894205,0.005861138617001771
2012-11-06,3011.93,8.010336348277876,0.004082120383671395
2012-11-07,2937.29,7.985242666535226,-0.02509368174265081
2012-11-08,2895.58,7.970940715363775,-0.014301951171450611
2012-11-09,2904.87,7.974143917854389,0.003203202490613677
2012-11-12,2904.26,7.9739339036174055,-0.00021001423698319144
2012-11-13,2883.89,7.966895356207255,-0.007038547410150642
2012-11-14,2846.81,7.953954348134978,-0.012941008072276716
2012-11-15,2836.94,7.9504812854840425,-0.00347306265093561
2012-11-16,2853.13,7.956171916246201,0.005690630762158477
2012-11-19,2916.07,7.97799209832739,0.021820182081189188
2012-11-20,2916.68,7.978201262101673,0.00020916377428292776
2012-11-21,2926.55,7.9815795338407485,0.0033782717390753447
2012-11-23,2966.85,7.995256062895528,0.013676529054779785
2012-11-26,2976.78,7.998597458385817,0.0033413954902883347
2012-11-27,2967.79,7.995572847067057,-0.0030246113187599732
2012-11-28,2991.78,8.003623806979183,0.008050959912126565
2012-11-29,3012.03,8.010369549029544,0.006745742050361159
2012-11-30,3010.24,8.009775088783586,-0.0005944602459582171
2012-12-03,3002.2,8.007100632226075,-0.0026744565575107515
2012-12-04,2996.69,8.005263625196609,-0.001837007029466875
2012-12-05,2973.7,7.997562247688508,-0.007701377508100293
2012-12-06,2989.27,8.002784489418772,0.005222241730264088
2012-12-07,2978.04,7.999020644987193,-0.0037638444315790665
2012-12-10,2986.96,8.002011426763874,0.002990781776680329
2012-12-11,3022.3,8.01377340991084,0.011761983146966415
2012-12-12,3013.81,8.01096033804876,-0.002813071862080463
2012-12-13,2992.16,8.00375081360041,-0.007209524448349214
2012-12-14,2971.33,7.9967649430069345,-0.006985870593475774
2012-12-17,3010.6,8.009894673426404,0.013129730419469077
2012-12-18,3054.53,8.024381013616317,0.01448634018991335
2012-12-19,3044.36,8.021045977428981,-0.0033350361873356604
2012-12-20,3050.39,8.023024730279392,0.0019787528504107144
2012-12-21,3021.01,8.013346491543391,-0.009678238736000822
2012-12-24,3012.6,8.010558772268714,-0.002787719274676803
2012-12-26,2990.16,8.003082176658717,-0.007476595609997361
2012-12-27,2985.91,8.0016598369885,-0.0014223396702170987
2012-12-28,2960.31,7.99304927156406,-0.00861056542443972
2012-12-31,3019.51,8.012849845549063,0.01980057398500268
2013-01-02,3112.26,8.04310442936622,0.03025458381715751
2013-01-03,3100.57,8.039341244538784,-0.0037631848274362056
2013-01-04,3101.66,8.039692731023878,0.000351486485094199
2013-01-07,3098.81,8.038773445808175,-0.0009192852157031695
2013-01-08,3091.81,8.036511958918863,-0.0022614868893118256
2013-01-09,3105.81,8.041029829912247,0.004517870993383966
2013-01-10,3121.76,8.046152224321588,0.005122394409340814
2013-01-11,3125.63,8.047391141851953,0.0012389175303653133
2013-01-14,3117.5,8.04478667755419,-0.002604464297762732
2013-01-15,3110.78,8.04262877758577,-0.002157899968420196
2013-01-16,3117.54,8.044799508265783,0.0021707306800120563
2013-01-17,3136.0,8.0507033814703,0.005903873204516685
2013-01-18,3134.71,8.050291944801023,-0.00041143666927645484
2013-01-22,3143.18,8.052990305281782,0.002698360480758666
2013-01-23,3153.67,8.056322133006498,0.0033318277247165184
2013-01-24,3130.38,8.048909681915916,-0.007412451090582195
2013-01-25,3149.71,8.055065664089511,0.006155982173595476
2013-01-28,3154.3,8.056521880310969,0.0014562162214577512
2013-01-29,3153.66,8.056318962092657,-0.00020291821831186496
2013-01-30,3142.31,8.052713477220466,-0.0036054848721907007
2013-01-31,3142.13,8.05265619288008,-5.728434038587693e-05
2013-02-01,3179.1,8.0643534168489,0.011697223968820225
2013-02-04,3131.17,8.049162015604601,-0.01519140124429974
2013-02-05,3171.58,8.061985165412917,0.012823149808316003
2013-02-06,3168.48,8.06100725660857,-0.000977908804346228
2013-02-07,3165.13,8.059949407984357,-0.0010578486242138752
2013-02-08,3193.87,8.068988626631672,0.00903921864731494
2013-02-11,3192.0,8.068402958569699,-0.0005856680619729104
2013-02-12,3186.49,8.066675276509978,-0.0017276820597214027
2013-02-13,3196.88,8.06993061316614,0.0032553366561618446
2013-02-14,3198.66,8.070487251087552,0.0005566379214130279
2013-02-15,3192.03,8.068412357021774,-0.00207489406577821
2013-02-19,3213.59,8.075143971265275,0.006731614243500772
2013-02-20,3164.41,8.059721903298993,-0.015422067966282427
2013-02-21,3131.49,8.049264208602553,-0.010457694696439646
2013-02-22,3161.82,8.058903090152866,0.009638881550312561
2013-02-25,3116.25,8.044385634837768,-0.014517455315097294
2013-02-26,3129.65,8.048676456195492,0.004290821357724184
2013-02-27,3162.26,8.059042240827972,0.010365784632480057
2013-02-28,3160.19,8.058387431355706,-0.000654809472266038
2013-03-01,3169.74,8.061404844580146,0.0030174132244393803
2013-03-04,3182.03,8.065274636885972,0.0038697923058261807
2013-03-05,3224.13,8.078418425394231,0.013143788508259036
2013-03-06,3222.37,8.077872392649725,-0.0005460327445057089
2013-03-07,3232.09,8.080884265787931,0.003011873138206056
2013-03-08,3244.37,8.084676465451428,0.0037921996634970867
2013-03-11,3252.87,8.087292962563831,0.002616497112402527
2013-03-12,3242.32,8.084044401928045,-0.0032485606357859353
2013-03-13,3245.12,8.08490760842363,0.0008632064955857999
2013-03-14,3258.93,8.089154199625602,0.004246591201971128
2013-03-15,3249.07,8.086124080527805,-0.003030119097797268
2013-03-18,3237.59,8.082584504849201,-0.0035395756786034127
2013-03-19,3229.1,8.079958739619087,-0.002625765230114041
2013-03-20,3254.19,8.08769867574862,0.0077399361295320546
2013-03-21,3222.6,8.07794376613947,-0.00975490960914982
2013-03-22,3245.0,8.08487062913819,0.0069268629987213615
2013-03-25,3235.3,8.081876938338556,-0.0029936907996344075
2013-03-26,3252.48,8.08717306125169,0.005296122913133416
2013-03-27,3256.52,8.088414419530626,0.001241358278935678
2013-03-28,3267.52,8.091786566367173,0.003372146836547074
2013-04-01,3239.17,8.083072403129002,-0.008714163238170869
2013-04-02,3254.86,8.087904542964992,0.00483213983599029
2013-04-03,3218.6,8.076701761384394,-0.011202781580598398
2013-04-04,3224.98,8.078682027660255,0.001980266275861453
2013-04-05,3203.86,8.072111611852804,-0.006570415807450658
2013-04-08,3222.25,8.077835152284889,0.005723540432084562
2013-04-09,3237.86,8.082667896737071,0.0048327444521820695
2013-04-10,3297.25,8.100844066705994,0.018176169968922906
2013-04-11,3300.16,8.101726231127705,0.0008821644217107405
2013-04-12,3294.95,8.100146272314644,-0.0015799588130605002
2013-04-15,3216.49,8.076045981876845,-0.024100290437798932
2013-04-16,3264.63,8.090901712164937,0.014855730288092062
2013-04-17,3204.67,8.072364399935037,-0.01853731222990085
2013-04-18,3166.36,8.06033794212576,-0.012026457809277247
2013-04-19,3206.06,8.072798047903921,0.012460105778162145
2013-04-22,3233.55,8.081335883887553,0.008537835983631226
2013-04-23,3269.33,8.092340349931506,0.011004466043953443
2013-04-24,3269.65,8.092438224523647,9.787459214116723e-05
2013-04-25,3289.99,8.09863980424112,0.006201579717473038
2013-04-26,3279.26,8.095373066168383,-0.003266738072737141
2013-04-29,3307.02,8.103802760740948,0.008429694572564372
2013-04-30,3328.79,8.110364153578663,0.006561392837715729
2013-05-01,3299.13,8.10141407633276,-0.008950077245902577
2013-05-02,3340.62,8.113911697486378,0.012497621153617189
2013-05-03,3378.63,8.125225580866717,0.011313883380339007
2013-05-06,3392.97,8.129460923012163,0.004235342145445742
2013-05-07,3396.63,8.130539042593437,0.0010781195812743505
2013-05-08,3413.27,8.135426055065748,0.0048870124723112696
2013-05-09,3409.17,8.134224138891016,-0.0012019161747325313
2013-05-10,3436.58,8.142232069790188,0.008007930899172067
2013-05-13,3438.79,8.142874944304902,0.0006428745147140091
2013-05-14,3462.61,8.14977791894404,0.006902974639137582
2013-05-15,3471.62,8.152376622785871,0.0025987038418318065
2013-05-16,3465.24,8.150537173294623,-0.0018394494912481463
2013-05-17,3498.97,8.160223918452681,0.00968674515805823
2013-05-20,3496.43,8.159497726923497,-0.0007261915291838505
2013-05-21,3502.12,8.161123778392364,0.0016260514688664074
2013-05-22,3463.3,8.14997717073977,-0.011146607652593232
2013-05-23,3459.42,8.148856223942477,-0.001120946797293243
2013-05-24,3459.14,8.148775282243584,-8.094169889361069e-05
2013-05-28,3488.89,8.157338913031412,0.008563630787827847
2013-05-29,3467.52,8.151194920016621,-0.006143993014790183
2013-05-30,3491.3,8.158029438674916,0.006834518658294542
2013-05-31,3455.91,8.14784108791819,-0.010188350756726194
2013-06-03,3465.37,8.150574688029982,0.002733600111792356
2013-06-04,3445.26,8.144754652298026,-0.005820035731955997
2013-06-05,3401.48,8.1319659100089,-0.012788742289126631
2013-06-06,3424.05,8.138579339958751,0.006613429949851479
2013-06-07,3469.22,8.151685063811554,0.013105723852802953
2013-06-10,3473.77,8.152995738506855,0.001310674695300662
2013-06-11,3436.95,8.142339729173461,-0.010656009333393612
2013-06-12,3400.43,8.131657173195757,-0.010682555977703956
2013-06-13,3445.37,8.144786579712504,0.013129406516746656
2013-06-14,3423.56,8.138436224331302,-0.0063503553812012115
2013-06-17,3452.13,8.14674671082215,0.008310486490847424
2013-06-18,3482.18,8.155413813420513,0.008667102598362675
2013-06-19,3443.2,8.144156550527411,-0.011257262893101583
2013-06-20,3364.63,8.12107328060981,-0.0230832699176009
2013-06-21,3357.25,8.118877465461285,-0.002195815148525071
2013-06-24,3320.76,8.107948951375992,-0.010928514085293273
2013-06-25,3347.89,8.116085575633534,0.008136624257542024
2013-06-26,3376.22,8.124512019469421,0.008426443835887198
2013-06-27,3401.86,8.132077619845655,0.007565600376233661
2013-06-28,3403.25,8.132486136392583,0.0004085165469280838
2013-07-01,3434.49,8.141623722017728,0.009137585625145661
2013-07-02,3433.4,8.14130630283683,-0.0003174191808987814
2013-07-03,3443.67,8.144293042141374,0.0029867393045446278
2013-07-05,3479.38,8.154609395976438,0.010316353835063907
2013-07-08,3484.83,8.156174541517013,0.0015651455405745196
2013-07-09,3504.26,8.161734650216772,0.005560108699759425
2013-07-10,3520.76,8.166432154378038,0.0046975041612657975
2013-07-11,3578.3,8.182643106277677,0.01621095189963917
2013-07-12,3600.08,8.188711346419513,0.0060682401418361565
2013-07-15,3607.49,8.190767518641412,0.002056172221898578
2013-07-16,3598.5,8.188272370947859,-0.002495147693553079
2013-07-17,3610.0,8.191463051326927,0.0031906803790686666
2013-07-18,3611.28,8.191817559118732,0.0003545077918047923
2013-07-19,3587.61,8.185241521618712,-0.006576037500019893
2013-07-22,3600.39,8.188797451909902,0.003555930291190279
2013-07-23,3579.27,8.182914147987624,-0.005883303922278316
2013-07-24,3579.6,8.183006341308703,9.219332107868183e-05
2013-07-25,3605.19,8.190129752907188,0.007123411598485063
2013-07-26,3613.16,8.192338014695203,0.002208261788014809
2013-07-29,3599.14,8.188450207016817,-0.0038878076783852578
2013-07-30,3616.47,8.19325369094178,0.004803483924963103
2013-07-31,3626.37,8.195987426925313,0.002733735983532881
2013-08-01,3675.74,8.20950975192084,0.013522324995527413
2013-08-02,3689.59,8.213270619750165,0.00376086782932461
2013-08-05,3692.95,8.214180875632827,0.0009102558826619145
2013-08-06,3665.77,8.206793687751738,-0.0073871878810898295
2013-08-07,3654.01,8.203580473661082,-0.0032132140906551143
2013-08-08,3669.12,8.207707130279964,0.004126656618881341
2013-08-09,3660.11,8.205248480588589,-0.0024586496913752143
2013-08-12,3669.95,8.207933316977607,0.002684836389018841
2013-08-13,3684.44,8.211873825639668,0.003940508662060083
2013-08-14,3669.27,8.207748011181637,-0.004125814458030064
2013-08-15,3606.12,8.190387681079782,-0.017360330101855226
2013-08-16,3602.78,8.189461048656254,-0.0009266324235284173
2013-08-19,3589.09,8.18565396745621,-0.003807081200044138
2013-08-20,3613.59,8.19245701701312,0.006803049556911134
2013-08-21,3599.79,8.188630789409412,-0.003826227603708432
2013-08-22,3638.71,8.199384502213428,0.010753712804016047
2013-08-23,3657.79,8.204614418882983,0.005229916669554413
2013-08-26,3657.57,8.204554271467117,-6.0147415865685616e-05
2013-08-27,3578.52,8.182704586096945,-0.021849685370172622
2013-08-28,3593.35,8.186840194003047,0.004135607906102123
2013-08-29,3620.3,8.194312174314222,0.00747198031117513
2013-08-30,3589.87,8.185871269127501,-0.008440905186720471
2013-09-03,3612.61,8.19218578178409,0.006314512656588889
2013-09-04,3649.04,8.202219398283738,0.010033616499647735
2013-09-05,3658.78,8.204885037494174,0.002665639210436055
2013-09-06,3660.01,8.205221158632117,0.0003361211379431239
2013-09-09,3706.18,8.217756975552497,0.012535816920379972
2013-09-10,3729.02,8.223900743532633,0.006143767980136161
2013-09-11,3725.01,8.222824815373816,-0.0010759281588175185
2013-09-12,3715.97,8.220395026704155,-0.002429788669660482
2013-09-13,3722.18,8.22206479712902,0.0016697704248649359
2013-09-16,3717.85,8.220900823196423,-0.001163973932596818
2013-09-17,3745.7,8.228363794372573,0.00746297117614958
2013-09-18,3783.64,8.238441788225199,0.010077993852625866
2013-09-19,3789.38,8.23995769630393,0.001515908078731698
2013-09-20,3774.73,8.236084135946413,-0.0038735603575172917
2013-09-23,3765.29,8.233580162500107,-0.0025039734463057073
2013-09-24,3768.25,8.234365981690638,0.0007858191905310008
2013-09-25,3761.1,8.23246674679009,-0.001899234900548663
2013-09-26,3787.43,8.239442967798649,0.0069762210085588805
2013-09-27,3781.59,8.2378998350922,-0.0015431327064483469
2013-09-30,3771.48,8.235222776349756,-0.0026770587424440606
2013-10-01,3817.98,8.24747676592729,0.012253989577533986
2013-10-02,3815.02,8.246701186168774,-0.0007755797585158319
2013-10-03,3774.34,8.235980811960717,-0.010720374208057493
2013-10-04,3807.75,8.244793742495613,0.008812930534896068
2013-10-07,3770.38,8.234931071118474,-0.00986267137713881
2013-10-08,3694.83,8.214689824204816,-0.020241246913657918
2013-10-09,3677.78,8.21006458825836,-0.00462523594645603
2013-10-10,3760.75,8.232373684577933,0.022309096319572674
2013-10-11,3791.87,8.240614580086826,0.00824089550889262
2013-10-14,3815.27,8.246766714477682,0.0061521343908559345
2013-10-15,3794.01,8.24117878623213,-0.005587928245551765
2013-10-16,3839.43,8.253079197063837,0.01190041083170712
2013-10-17,3863.15,8.259238191837348,0.006158994773510784
2013-10-18,3914.28,8.272386683465768,0.0131484916284208
2013-10-21,3920.05,8.273859687805203,0.001473004339434425
2013-10-22,3929.57,8.276285284118806,0.0024255963136035064
2013-10-23,3907.07,8.270543011454592,-0.005742272664214454
2013-10-24,3928.96,8.276130038799076,0.005587027344484241
2013-10-25,3943.36,8.279788430749758,0.0036583919506814055
2013-10-28,3940.13,8.278968996671518,-0.0008194340782399223
2013-10-29,3952.34,8.282063087555848,0.003094090884330214
2013-10-30,3930.62,8.276552453234627,-0.005510634321220564
2013-10-31,3919.71,8.273772950456047,-0.0027795027785799675
2013-11-01,3922.04,8.274367205582406,0.0005942551263586893
2013-11-04,3936.59,8.278070145312489,0.0037029397300827327
2013-11-05,3939.86,8.278900468665745,0.0008303233532558352
2013-11-06,3931.95,8.276890765011231,-0.0020097036545134728
2013-11-07,3857.33,8.257730513272685,-0.019160251738545853
2013-11-08,3919.23,8.273650484918461,0.015919971645775632
2013-11-11,3919.79,8.273793359920937,0.00014287500247611717
2013-11-12,3919.92,8.273826524412993,3.316449205570393e-05
2013-11-13,3965.58,8.285407403320638,0.011580878907645697
2013-11-14,3972.74,8.287211311941507,0.0018039086208680999
2013-11-15,3985.97,8.29053597440222,0.003324662460713057
2013-11-18,3949.07,8.28123538713613,-0.009300587266089622
2013-11-19,3931.55,8.276789029142892,-0.004446357993238337
2013-11-20,3921.27,8.27417085990629,-0.0026181692366016307
2013-11-21,3969.15,8.286307244963867,0.01213638505757686
2013-11-22,3991.65,8.291959958236944,0.005652713273077481
2013-11-25,3994.57,8.292691217864183,0.0007312596272388561
2013-11-26,4017.75,8.298477323429179,0.005786105564995481
2013-11-27,4044.75,8.305175022885447,0.006697699456267969
2013-11-29,4059.89,8.30891115863268,0.0037361357472338597
2013-12-02,4045.26,8.305301104311965,-0.0036100543207151503
2013-12-03,4037.2,8.303306661364704,-0.0019944429472609215
2013-12-04,4038.0,8.303504798872783,0.0001981375080788439
2013-12-05,4033.16,8.30230546678665,-0.001199332086132543
2013-12-06,4062.52,8.309558749702799,0.007253282916147796
2013-12-09,4068.75,8.31109110595688,0.001532356254081435
2013-12-10,4060.49,8.30905893496854,-0.002032170988339743
2013-12-11,4003.81,8.29500168676175,-0.014057248206789552
2013-12-12,3998.4,8.293649560080688,-0.0013521266810627708
2013-12-13,4000.98,8.294294610094429,0.0006450500137411552
2013-12-16,4029.52,8.30140254114721,0.007107931052781069
2013-12-17,4023.68,8.299952185754641,-0.0014503553925688806
2013-12-18,4070.06,8.31141302034272,0.011460834588078228
2013-12-19,4058.13,8.308477555358095,-0.0029354649846240477
2013-12-20,4104.74,8.319897682487209,0.011420127129113666
2013-12-23,4148.9,8.330598517849106,0.010700835361896921
2013-12-24,4155.42,8.332168785213494,0.0015702673643875897
2013-12-26,4167.18,8.334994827033785,0.0028260418202918913
2013-12-27,4156.59,8.332450305569635,-0.0025445214641504066
2013-12-30,4154.2,8.331875149642007,-0.0005751559276276907
2013-12-31,4176.59,8.337250403107802,0.005375253465794927
2014-01-02,4143.07,8.329192337903772,-0.00805806520403074
2014-01-03,4131.91,8.326495048782567,-0.0026972891212047045
2014-01-06,4113.68,8.322073284008246,-0.004421764774320991
2014-01-07,4153.18,8.331629584853802,0.009556300845556365
2014-01-08,4165.61,8.334618002460365,0.0029884176065628765
2014-01-09,4156.19,8.332354068209737,-0.002263934250628097
2014-01-10,4174.66,8.336788196843024,0.00443412863328696
2014-01-13,4113.3,8.321980905030719,-0.014807291812305223
2014-01-14,4183.02,8.33878875268824,0.01680784765752108
2014-01-15,4214.88,8.346376400279794,0.007587647591554614
2014-01-16,4218.69,8.34727993229748,0.000903532017686004
2014-01-17,4197.58,8.342263447733744,-0.005016484563736157
2014-01-21,4225.76,8.348954405271314,0.006690957537569986
2014-01-22,4243.0,8.353025845202325,0.0040714399310104454
2014-01-23,4218.87,8.34732259866075,-0.005703246541575169
2014-01-24,4128.17,8.32558948848398,-0.021733110176770154
2014-01-27,4083.61,8.314736680111531,-0.010852808372447953
2014-01-28,4097.96,8.318244567892252,0.003507887780720864
2014-01-29,4051.43,8.306825184199997,-0.011419383692254925
2014-01-30,4123.13,8.324367862648828,0.017542678448830173
2014-01-31,4103.88,8.319688146657032,-0.004679715991795064
2014-02-03,3996.96,8.293289351155618,-0.02639879550141444
2014-02-04,4031.52,8.301898755045427,0.008609403889808576
2014-02-05,4011.55,8.296932979281557,-0.004965775763869473
2014-02-06,4057.12,8.308228641275297,0.011295661993740325
2014-02-07,4125.86,8.32502976188732,0.016801120612022657
2014-02-10,4148.17,8.33042255211617,0.005392790228849975
2014-02-11,4191.04,8.340704192141038,0.010281640024867755
2014-02-12,4201.29,8.343146899969891,0.0024427078288535853
2014-02-13,4240.67,8.352476554610261,0.009329654640369611
2014-02-14,4244.03,8.353268568511906,0.0007920139016448502
2014-02-18,4272.78,8.360019948243215,0.006751379731309015
2014-02-19,4237.95,8.351834940740714,-0.008185007502500952
2014-02-20,4267.55,8.358795171061587,0.0069602303208728955
2014-02-21,4263.41,8.357824588542153,-0.00097058251943416
2014-02-24,4292.97,8.364734080079948,0.006909491537795631
2014-02-25,4287.59,8.363480082507527,-0.0012539975724212837
2014-02-26,4292.06,8.364522083149614,0.0010420006420872596
2014-02-27,4318.93,8.37076296537393,0.006240882224314959
2014-02-28,4308.12,8.368256893041535,-0.0025060723323946377
2014-03-03,4277.3,8.361077248390364,-0.0071796446511704914
2014-03-04,4351.97,8.378383895129666,0.017306646739301712
2014-03-05,4357.97,8.379761631589178,0.0013777364595117803
2014-03-06,4352.13,8.37842065941317,-0.0013409721760080373
2014-03-07,4336.22,8.374758279839734,-0.00366237957343607
2014-03-10,4334.45,8.374350006886296,-0.000408272953437816
2014-03-11,4307.19,8.36804099831375,-0.006309008572545238
2014-03-12,4323.33,8.37178121763206,0.003740219318309812
2014-03-13,4260.42,8.357123025952884,-0.014658191679176369
2014-03-14,4245.4,8.353591322810344,-0.0035317031425403655
2014-03-17,4279.95,8.361696606264614,0.008105283454270307
2014-03-18,4333.31,8.374086963145682,0.012390356881068598
2014-03-19,4307.6,8.368136183454727,-0.005950779690955699
2014-03-20,4319.29,8.370846315879058,0.0027101324243314906
2014-03-21,4276.79,8.360958007185138,-0.009888308693920322
2014-03-24,4226.39,8.349103479767429,-0.011854527417709093
2014-03-25,4234.27,8.350966219146743,0.0018627393793142488
2014-03-26,4173.58,8.336529459670633,-0.014436759476110339
2014-03-27,4151.23,8.331159954853394,-0.005369504817238635
2014-03-28,4155.76,8.332250602717192,0.0010906478637977557
2014-03-31,4198.99,8.342599299161948,0.010348696444756555
2014-04-01,4268.04,8.358909984448955,0.01631068528700652
2014-04-02,4276.46,8.360880843533856,0.001970859084901022
2014-04-03,4237.74,8.351785387253024,-0.009095456280832082
2014-04-04,4127.73,8.325482898045525,-0.02630248920749878
2014-04-07,4079.75,8.313790991011045,-0.011691907034480309
2014-04-08,4112.99,8.321905536912126,0.008114545901081627
2014-04-09,4183.9,8.338999104885522,0.01709356797339545
2014-04-10,4054.11,8.30748646033895,-0.03151264454657188
2014-04-11,3999.73,8.2939821378238,-0.01350432251514988
2014-04-14,4022.69,8.299706112058056,0.0057239742342556355
2014-04-15,4034.16,8.302553380593249,0.002847268535193237
2014-04-16,4086.23,8.315378063563303,0.012824682970054013
2014-04-17,4095.52,8.317648972352352,0.0022709087890486757
2014-04-21,4121.55,8.323984585185215,0.006335612832863546
2014-04-22,4161.46,8.333621253221176,0.009636668035961193
2014-04-23,4126.97,8.325298760523351,-0.008322492697825368
2014-04-24,4148.34,8.330463533203405,0.005164772680053886
2014-04-25,4075.56,8.312763439546128,-0.017700093657277094
2014-04-28,4074.4,8.312478775570394,-0.00028466397573367885
2014-04-29,4103.54,8.319605294798546,0.007126519228151551
2014-04-30,4114.56,8.322287181513268,0.002681886714722026
2014-05-01,4127.45,8.325415061850528,0.0031278803372600805
2014-05-02,4123.9,8.324554596540237,-0.0008604653102910476
2014-05-05,4138.06,8.327982357958705,0.0034277614184681227
2014-05-06,4080.76,8.314038524561068,-0.013943833397636496
2014-05-07,4067.67,8.310825632934016,-0.0032128916270526275
2014-05-08,4051.5,8.30684246190078,-0.003983171033235422
2014-05-09,4071.87,8.311857632376922,0.005015170476141861
2014-05-12,4143.86,8.32938299958485,0.01752536720792719
2014-05-13,4130.17,8.32607384733554,-0.0033091522493098324
2014-05-14,4100.63,8.31889589942472,-0.007177947910818716
2014-05-15,4069.29,8.311223816044516,-0.007672083380205308
2014-05-16,4090.59,8.316444492911929,0.005220676867413232
2014-05-19,4125.82,8.325020066891877,0.008575573979948459
2014-05-20,4096.89,8.317983428272592,-0.00703663861928483
2014-05-21,4131.54,8.326405497808034,0.008422069535441778
2014-05-22,4154.34,8.33190884990704,0.005503352099005099
2014-05-23,4185.81,8.3394555125826,0.007546662675560256
2014-05-27,4237.07,8.351627271613523,0.012171759030923823
2014-05-28,4225.07,8.348791107701363,-0.002836163912160572
2014-05-29,4247.95,8.354191792607685,0.005400684906321729
2014-05-30,4242.62,8.352936281917556,-0.0012555106901288582
2014-06-02,4237.2,8.351657952722341,-0.0012783291952143117
2014-06-03,4234.08,8.350921346178566,-0.0007366065437750535
2014-06-04,4251.64,8.355060069837956,0.004138723659389498
2014-06-05,4296.23,8.36549317293063,0.010433103092674756
2014-06-06,4321.4,8.37133470281157,0.0058415298809393335
2014-06-09,4336.24,8.374762892141202,0.003428189329632403
2014-06-10,4338.0,8.37516869138682,0.0004057992456178994
2014-06-11,4331.93,8.373768449172228,-0.0014002422145917848
2014-06-12,4297.63,8.36581898694491,-0.007949462227317738
2014-06-13,4310.65,8.368843983791763,0.0030249968468520905
2014-06-16,4321.11,8.37126759267803,0.002423608886267914
2014-06-17,4337.23,8.374991174479021,0.0037235818009904165
2014-06-18,4362.84,8.380878500436506,0.005887325957484535
2014-06-19,4359.33,8.380073654809907,-0.0008048456265985493
2014-06-20,4368.04,8.38206967489197,0.001996020082062344
2014-06-23,4368.68,8.38221618296391,0.00014650807194094284
2014-06-24,4350.36,8.378013879279113,-0.00420230368479757
2014-06-25,4379.76,8.38474920734867,0.0067353280695563456
2014-06-26,4379.05,8.384587084868206,-0.00016212248046265643
2014-06-27,4397.93,8.388889254662438,0.004302169794231148
2014-06-30,4408.18,8.391217184844766,0.0023279301823286858
2014-07-01,4458.65,8.402601308611109,0.011384123766342569
2014-07-02,4457.73,8.402394946835756,-0.0002063617753531588
2014-07-03,4485.93,8.408701110856759,0.006306164021003369
2014-07-07,4451.53,8.401003136292376,-0.007697974564383259
2014-07-08,4391.46,8.387417024810622,-0.013586111481753704
2014-07-09,4419.03,8.393675493973955,0.006258469163332947
2014-07-10,4396.2,8.388495810393973,-0.005179683579981997
2014-07-11,4415.49,8.392874092157113,0.004378281763139924
2014-07-14,4440.42,8.398504245547079,0.005630153389965642
2014-07-15,4416.39,8.393077899274763,-0.005426346272315641
2014-07-16,4425.97,8.395244742458788,0.0021668431840247138
2014-07-17,4363.45,8.381018307846297,-0.014226434612490735
2014-07-18,4432.15,8.396640072619741,0.015621764773444013
2014-07-21,4424.7,8.394957758533566,-0.0016823140861745856
2014-07-22,4456.02,8.402011269927389,0.007053511393822376
2014-07-23,4473.7,8.405971085711549,0.00395981578416027
2014-07-24,4472.11,8.40561561202795,-0.00035547368359978293
2014-07-25,4449.56,8.400560493867198,-0.005055118160750993
2014-07-28,4444.91,8.399514900273957,-0.0010455935932416338
2014-07-29,4442.7,8.399017578711568,-0.0004973215623884641
2014-07-30,4462.9,8.403554057925183,0.004536479213614442
2014-07-31,4369.77,8.382465655125598,-0.02108840279958457
2014-08-01,4352.64,8.378537836547219,-0.003927818578379316
2014-08-04,4383.89,8.385691737072186,0.007153900524967227
2014-08-05,4352.84,8.378583784616719,-0.007107952455466915
2014-08-06,4355.05,8.379091370276953,0.0005075856602339002
2014-08-07,4334.97,8.374469968775472,-0.004621401501481159
2014-08-08,4370.9,8.382724216541668,0.008254247766195988
2014-08-11,4401.33,8.389662046958428,0.006937830416759994
2014-08-12,4389.25,8.386913648649317,-0.0027483983091105557
2014-08-13,4434.13,8.39708670864588,0.010173059996562372
2014-08-14,4453.0,8.401333305321703,0.004246596675823611
2014-08-15,4464.93,8.404008815696105,0.002675510374402279
2014-08-18,4508.31,8.41367763943244,0.00966882373633382
2014-08-19,4527.51,8.417927398479591,0.004249759047151969
2014-08-20,4526.48,8.417699874480903,-0.00022752399868863904
2014-08-21,4532.1,8.41894068721779,0.0012408127368868094
2014-08-22,4538.55,8.420362856761786,0.0014221695439964321
2014-08-25,4557.35,8.424496593230051,0.004133736468265425
2014-08-26,4570.64,8.427408517846715,0.0029119246166633417
2014-08-27,4569.62,8.427185329446333,-0.00022318840038160204
2014-08-28,4557.69,8.424571195206598,-0.002614134239735222
2014-08-29,4580.27,8.429513227335697,0.004942032129099161
2014-09-02,4598.19,8.433418026783434,0.0039047994477368064
2014-09-03,4572.57,8.427830689059814,-0.005587337723619967
2014-09-04,4562.29,8.425579969434194,-0.002250719625619624
2014-09-05,4582.9,8.430087264502358,0.004507295068163941
2014-09-08,4592.29,8.43213408931542,0.002046824813062287
2014-09-09,4552.29,8.423385682036987,-0.008748407278433845
2014-09-10,4586.52,8.430876845563771,0.007491163526784916
2014-09-11,4591.81,8.432029560836758,0.0011527152729868817
2014-09-12,4567.6,8.426743181827494,-0.005286379009264763
2014-09-15,4518.9,8.41602388037688,-0.010719301450613727
2014-09-16,4552.76,8.423488921448175,0.007465041071295531
2014-09-17,4562.19,8.425558050376887,0.0020691289287118053
2014-09-18,4593.43,8.43238230067084,0.006824250293952616
2014-09-19,4579.79,8.429408424528633,-0.0029738761422066773
2014-09-22,4527.69,8.4179671546418,-0.011441269886832472
2014-09-23,4508.69,8.413761924671483,-0.004205229970317248
2014-09-24,4555.22,8.424029107100717,0.010267182429233301
2014-09-25,4466.75,8.404416353813277,-0.019612753287439944
2014-09-26,4512.19,8.414537902220374,0.010121548407097336
2014-09-29,4505.85,8.41313183149003,-0.0014060707303436004
2014-09-30,4493.39,8.410362706994631,-0.0027691244953995664
2014-10-01,4422.09,8.394367713991823,-0.015994993002808044
2014-10-02,4430.19,8.396197751509977,0.0018300375181539152
2014-10-03,4475.62,8.406400168598173,0.01020241708819647
2014-10-06,4454.8,8.401737445518945,-0.004662723079228215
2014-10-07,4385.2,8.385990513800385,-0.01574693171856012
2014-10-08,4468.59,8.404828201605529,0.018837687805143943
2014-10-09,4378.34,8.384424936099782,-0.020403265505747115
2014-10-10,4276.24,8.360829397791564,-0.02359553830821781
2014-10-13,4213.66,8.346086907672886,-0.01474249011867812
2014-10-14,4227.17,8.349288017406533,0.0032011097336468453
2014-10-15,4215.32,8.346480786889934,-0.00280723051659848
2014-10-16,4217.39,8.346971732277972,0.0004909453880372894
2014-10-17,4258.44,8.356658175013756,0.00968644273578434
2014-10-20,4316.07,8.37010054496754,0.01344236995378445
2014-10-21,4419.48,8.393777321091962,0.02367677612442165
2014-10-22,4382.85,8.385454476698346,-0.00832284439361608
2014-10-23,4452.79,8.401286144991166,0.015831668292820567
2014-10-24,4483.72,8.408208337996118,0.006922193004951893
2014-10-27,4485.93,8.408701110856759,0.0004927728606407555
2014-10-28,4564.29,8.426018249717062,0.01731713886030306
2014-10-29,4549.23,8.422713266854624,-0.0033049828624385214
2014-10-30,4566.14,8.426423488030114,0.003710221175490247
2014-10-31,4630.74,8.440471961523095,0.014048473492980662
2014-11-03,4638.91,8.44223470383063,0.001762742307535703
2014-11-04,4623.64,8.438937552650101,-0.003297151180529312
2014-11-05,4620.72,8.43830581608919,-0.000631736560910312
2014-11-06,4638.47,8.442139849464349,0.0038340333751580857
2014-11-07,4632.53,8.440858434123435,-0.0012814153409141937
2014-11-10,4651.62,8.444970825005482,0.004112390882047734
2014-11-11,4660.56,8.446890891573474,0.0019200665679921514
2014-11-12,4675.13,8.450012248822798,0.0031213572493236086
2014-11-13,4680.14,8.451083302994176,0.0010710541713780941
2014-11-14,4688.54,8.452876512336564,0.0017932093423880247
2014-11-17,4671.0,8.449128460502108,-0.0037480518344565894
2014-11-18,4702.44,8.455836801923132,0.0067083414210245
2014-11-19,4675.71,8.45013630184921,-0.005700500073922754
2014-11-20,4701.87,8.455715580908365,0.00557927905915534
2014-11-21,4712.97,8.458073561531098,0.00235798062273318
2014-11-24,4754.89,8.466928841168269,0.00885527963717081
2014-11-25,4758.25,8.467635232567893,0.0007063913996248061
2014-11-26,4787.32,8.473726034870856,0.006090802302962217
2014-11-28,4791.63,8.47462592479425,0.0008998899233940705
2014-12-01,4727.35,8.461120070785443,-0.013505854008807106
2014-12-02,4755.81,8.467122307475242,0.006002236689798934
2014-12-03,4774.47,8.471038251990057,0.003915944514815806
2014-12-04,4769.44,8.469984176571131,-0.0010540754189261037
2014-12-05,4780.76,8.472354808662907,0.0023706320917753487
2014-12-08,4740.69,8.463937973715145,-0.008416834947761132
2014-12-09,4766.47,8.469361267987464,0.005423294272318913
2014-12-10,4684.03,8.451914129479334,-0.017447138508130067
2014-12-11,4708.16,8.457052452509583,0.005138323030248415
2014-12-12,4653.6,8.445396392596551,-0.011656059913031314
2014-12-15,4605.16,8.434932692928381,-0.010463699668170179
2014-12-16,4547.83,8.42240547510409,-0.01252721782429056
2014-12-17,4644.31,8.443398093389224,0.02099261828513299
2014-12-18,4748.4,8.46556299817938,0.02216490479015576
2014-12-19,4765.38,8.46913256107228,0.0035695628929008905
2014-12-22,4781.42,8.472492852498318,0.003360291426037776
2014-12-23,4765.42,8.469140954911202,-0.0033518975871160706
2014-12-24,4773.47,8.470828782721576,0.0016878278103735767
2014-12-26,4806.86,8.47779934327596,0.006970560554384164
2014-12-29,4806.91,8.47780974502262,1.0401746660448907e-05
2014-12-30,4777.44,8.471660117165863,-0.006149627856757434
2014-12-31,4736.05,8.462958733940544,-0.008701383225318438
2015-01-02,4726.81,8.461005835358797,-0.0019528985817469646
2015-01-05,4652.57,8.44517503407759,-0.01583080128120784
2015-01-06,4592.74,8.432232074841949,-0.012942959235640927
2015-01-07,4650.47,8.444723568742459,0.01249149390051052
2015-01-08,4736.19,8.46298829400237,0.018264725259911074
2015-01-09,4704.07,8.456183370420124,-0.006804923582246047
2015-01-12,4664.71,8.447780946290168,-0.008402424129956287
2015-01-13,4661.5,8.447092563736748,-0.000688382553420297
2015-01-14,4639.32,8.44232308275641,-0.0047694809803378035
2015-01-15,4570.82,8.427447898864632,-0.014875183891778221
2015-01-16,4634.38,8.441257704219849,0.013809805355217364
2015-01-20,4654.85,8.4456649657763,0.004407261556451658
2015-01-21,4667.42,8.448361735472524,0.0026967696962234555
2015-01-22,4750.4,8.465984104009495,0.017622368536970967
2015-01-23,4757.88,8.467557469863898,0.0015733658544032636
2015-01-26,4771.76,8.470470488575014,0.0029130187111157113
2015-01-27,4681.5,8.451373850378944,-0.01909663819606955
2015-01-28,4637.99,8.442036361711384,-0.009337488667560123
2015-01-29,4683.41,8.451781756066556,0.0097453943551713
2015-01-30,4635.24,8.441443256594695,-0.010338499471860274
2015-02-02,4676.69,8.450345873724574,0.00890261712987872
2015-02-03,4727.74,8.46120256603408,0.010856692309506144
2015-02-04,4716.7,8.458864681516111,-0.0023378845179689023
2015-02-05,4765.1,8.469073802226958,0.01020912071084723
2015-02-06,4744.4,8.46472025415512,-0.004353548071838631
2015-02-09,4726.01,8.46083657369891,-0.00388368045621057
2015-02-10,4787.64,8.473792875881182,0.01295630218227295
2015-02-11,4801.18,8.476617000017253,0.0028241241360706937
2015-02-12,4857.61,8.488301826388913,0.011684826371659796
2015-02-13,4893.84,8.495732550374603,0.007430723985690335
2015-02-17,4899.27,8.49684149340832,0.0011089430337172246
2015-02-18,4906.36,8.49828760166155,0.001446108253229994
2015-02-19,4924.7,8.502018638045291,0.0037310363837406157
2015-02-20,4955.97,8.508348189461946,0.006329551416655477
2015-02-23,4960.97,8.509356565114855,0.0010083756529084553
2015-02-24,4968.12,8.510796777910969,0.0014402127961137268
2015-02-25,4967.14,8.510599500737916,-0.00019727717305251247
2015-02-26,4987.89,8.514768253629732,0.004168752891816396
2015-02-27,4963.53,8.509872460133602,-0.004895793496130452
2015-03-02,5008.1,8.518811880631693,0.008939420498091266
2015-03-03,4979.9,8.513165089495802,-0.005646791135891505
2015-03-04,4967.14,8.510599500737916,-0.002565588757885706
2015-03-05,4982.81,8.513749267913672,0.003149767175756324
2015-03-06,4927.37,8.50256065613192,-0.01118861178175301
2015-03-09,4942.44,8.505614415365624,0.003053759233704767
2015-03-10,4859.79,8.488750506084422,-0.016863909281202183
2015-03-11,4849.94,8.486721612720984,-0.0020288933634375894
2015-03-12,4893.29,8.495620157875354,0.008898545154369941
2015-03-13,4871.76,8.491210547092622,-0.004409610782731832
2015-03-16,4929.51,8.502994870616345,0.011784323523722051
2015-03-17,4937.43,8.50460023189369,0.0016053612773454518
2015-03-18,4982.83,8.51375328170506,0.00915304981137055
2015-03-19,4992.38,8.515668028947019,0.0019147472419582812
2015-03-20,5026.42,8.522463280071749,0.006795251124730228
2015-03-23,5010.97,8.519384788112827,-0.0030784919589219584
2015-03-24,4994.73,8.516138635567627,-0.0032461525452003315
2015-03-25,4876.52,8.492187129705822,-0.02395150586180428
2015-03-26,4863.36,8.489484836041365,-0.0027022936644574003
2015-03-27,4891.22,8.495197040104332,0.005712204062966464
2015-03-30,4947.44,8.506625550066145,0.01142850996181366
2015-03-31,4900.88,8.497170059810768,-0.00945549025537673
2015-04-01,4880.23,8.492947628884096,-0.004222430926672516
2015-04-02,4886.94,8.494321619723944,0.0013739908398484602
2015-04-06,4917.32,8.500518945627842,0.006197325903897877
2015-04-07,4910.23,8.499076062868648,-0.0014428827591945748
2015-04-08,4950.82,8.50730849840886,0.008232435540211469
2015-04-09,4974.56,8.512092203470395,0.0047837050615360255
2015-04-10,4995.98,8.516388868034893,0.004296664564497732
2015-04-13,4988.25,8.51484042583264,-0.0015484422022531419
2015-04-14,4977.29,8.51264084519399,-0.0021995806386492234
2015-04-15,5011.02,8.519394766171077,0.006753920977086381
2015-04-16,5007.79,8.518749978993377,-0.0006447871777002234
2015-04-17,4931.81,8.503461339616784,-0.015288639376592528
2015-04-20,4994.6,8.516112607795993,0.012651268179208586
2015-04-21,5014.1,8.52000922267572,0.003896614879726812
2015-04-22,5035.17,8.524202568237103,0.004193345561382955
2015-04-23,5056.06,8.528342802844888,0.0041402346077852314
2015-04-24,5092.08,8.53544167047297,0.007098867628082317
2015-04-27,5060.25,8.529171168175644,-0.006270502297326175
2015-04-28,5055.42,8.52821621405653,-0.0009549541191145039
2015-04-29,5023.64,8.521910049529662,-0.006306164526867164
2015-04-30,4941.42,8.50540801826902,-0.01650203126064298
2015-05-01,5005.39,8.518270610791475,0.01286259252245614
2015-05-04,5016.93,8.520573471825623,0.002302861034147341
2015-05-05,4939.33,8.50498497345336,-0.015588498372263615
2015-05-06,4919.64,8.500990636077537,-0.003994337375821999
2015-05-07,4945.54,8.506241439308141,0.0052508032306040064
2015-05-08,5003.55,8.517902939485477,0.011661500177336137
2015-05-11,4993.57,8.515906363808625,-0.001996575676852075
2015-05-12,4976.19,8.512419816969794,-0.003486546838830762
2015-05-13,4981.69,8.513524469879709,0.0011046529099143498
2015-05-14,5050.8,8.527301925564526,0.013777455684817141
2015-05-15,5048.29,8.526804851065402,-0.0004970744991243947
2015-05-18,5078.44,8.532759406797604,0.005954555732202493
2015-05-19,5070.03,8.531102013727486,-0.0016573930701184736
2015-05-20,5071.74,8.531439232973476,0.0003372192459902834
2015-05-21,5090.79,8.535188303788155,0.003749070814679456
2015-05-22,5089.36,8.534907364900338,-0.000280938887817328
2015-05-26,5032.75,8.523721833378938,-0.01118553152140045
2015-05-27,5106.59,8.538287141458945,0.014565308080007
2015-05-28,5097.98,8.536599661821265,-0.0016874796376793455
2015-05-29,5070.03,8.531102013727486,-0.005497648093779617
2015-06-01,5082.93,8.53364314595723,0.0025411322297443917
2015-06-02,5076.52,8.532381266455767,-0.00126187950146317
2015-06-03,5099.23,8.536844826921573,0.0044635604658065375
2015-06-04,5059.12,8.528947834113406,-0.007896992808166914
2015-06-05,5068.46,8.530792302910086,0.0018444687966798767
2015-06-08,5021.63,8.52150986117697,-0.009282441733116542
2015-06-09,5013.87,8.519963350978847,-0.00154651019812313
2015-06-10,5076.69,8.532414753402263,0.012451402423415914
2015-06-11,5082.51,8.533560513036228,0.0011457596339656817
2015-06-12,5051.1,8.527361320331863,-0.006199192704364975
2015-06-15,5029.97,8.523169298861287,-0.004192021470576179
2015-06-16,5055.55,8.528241928701119,0.005072629839832032
2015-06-17,5064.88,8.530085724398175,0.001843795697055839
2015-06-18,5132.95,8.543435821620594,0.013350097222419421
2015-06-19,5117.0,8.540323608805092,-0.0031122128155018913
2015-06-22,5153.97,8.5475225704736,0.007198961668507309
2015-06-23,5160.09,8.548709300183965,0.0011867297103655972
2015-06-24,5122.41,8.541380310412588,-0.007328989771377081
2015-06-25,5112.19,8.539383162815817,-0.001997147596771498
2015-06-26,5080.51,8.533166929234204,-0.00621623358161294
2015-06-29,4958.47,8.508852504391077,-0.024314424843126403
2015-06-30,4986.87,8.514563737430134,0.005711233039056296
2015-07-01,5013.12,8.519813754738818,0.005250017308684463
2015-07-02,5009.21,8.519033497014643,-0.0007802577241751152
2015-07-06,4991.94,8.515579890746263,-0.003453606268379872
2015-07-07,4997.46,8.516685062340523,0.0011051715942596019
2015-07-08,4909.76,8.49898033975684,-0.017704722583681942
2015-07-09,4922.4,8.50155149542628,0.002571155669439662
2015-07-10,4997.7,8.51673308558378,0.015181590157499869
2015-07-13,5071.51,8.531393882617321,0.014660797033540618
2015-07-14,5104.89,8.537954182864167,0.006560300246846396
2015-07-15,5098.94,8.536787953972784,-0.001166228891383625
2015-07-16,5163.18,8.549307947723415,0.012519993750631286
2015-07-17,5210.14,8.558362005787535,0.00905405806411963
2015-07-20,5218.86,8.560034266221342,0.0016722604338070823
2015-07-21,5208.12,8.55797422509761,-0.002060041123732148
2015-07-22,5171.77,8.550970268678634,-0.007003956418975221
2015-07-23,5146.41,8.546054663200763,-0.004915605477870955
2015-07-24,5088.63,8.534763918109519,-0.011290745091244503
2015-07-27,5039.78,8.52511770931904,-0.009646208790478283
2015-07-28,5089.21,8.53487789121199,0.009760181892948694
2015-07-29,5111.73,8.5392931777611,0.004415286549111386
2015-07-30,5128.78,8.542623093117792,0.0033299153566908046
2015-07-31,5128.28,8.542525599293949,-9.749382384249827e-05
2015-08-03,5115.38,8.540006966926363,-0.0025186323675860933
2015-08-04,5105.55,8.538083462307739,-0.0019235046186238947
2015-08-05,5139.94,8.544796685229327,0.006713222921588269
2015-08-06,5056.44,8.528417957356666,-0.01637872787266126
2015-08-07,5043.54,8.525863495463737,-0.002554461892929183
2015-08-10,5101.8,8.537348697619802,0.011485202156064744
2015-08-11,5036.79,8.52452425339351,-0.012824444226291476
2015-08-12,5044.39,8.526032013683434,0.0015077602899236098
2015-08-13,5033.56,8.523882766233529,-0.0021492474499051895
2015-08-14,5048.24,8.526794946672505,0.0029121804389760086
2015-08-17,5091.7,8.535367041995102,0.008572095322596951
2015-08-18,5059.35,8.528993295531988,-0.0063737464631135055
2015-08-19,5019.05,8.520995951749166,-0.007997343782822242
2015-08-20,4877.49,8.492386022264514,-0.02860992948465224
2015-08-21,4706.04,8.45660206903869,-0.03578395322582395
2015-08-24,4526.25,8.417649061079851,-0.03895300795883827
2015-08-25,4506.49,8.413273858977027,-0.004375202102824716
2015-08-26,4697.54,8.45479424641901,0.04152038744198272
2015-08-27,4812.71,8.479015614007638,0.024221367588628695
2015-08-28,4828.32,8.482253860054138,0.0032382460465001373
2015-08-31,4776.51,8.471465433291039,-0.010788426763099324
2015-09-01,4636.1,8.441628774546247,-0.029836658744791578
2015-09-02,4749.98,8.465895686493507,0.024266911947259828
2015-09-03,4733.5,8.462420165568945,-0.0034755209245620478
2015-09-04,4683.92,8.451890645152453,-0.010529520416492133
2015-09-08,4811.93,8.478853530022842,0.02696288487038956
2015-09-09,4756.53,8.467273689785246,-0.011579840237596173
2015-09-10,4796.25,8.475589641561163,0.008315951775916375
2015-09-11,4822.34,8.48101456641715,0.005424924855987001
2015-09-14,4805.76,8.477570477471465,-0.003444088945684598
2015-09-15,4860.52,8.488900707055661,0.011330229584196161
2015-09-16,4889.24,8.494792151167195,0.005891444111533417
2015-09-17,4893.95,8.495755027358681,0.0009628761914868278
2015-09-18,4827.23,8.482028083168382,-0.013726944190299406
2015-09-21,4828.95,8.482384331709357,0.0003562485409744909
2015-09-22,4756.72,8.467313634073482,-0.015070697635874097
2015-09-23,4752.74,8.466476572824496,-0.00083706124898697
2015-09-24,4734.48,8.462627179103723,-0.0038493937207721984
2015-09-25,4686.5,8.45244131418654,-0.010185864917183096
2015-09-28,4543.97,8.421556358266518,-0.030884955920022605
2015-09-29,4517.32,8.41567417662551,-0.005882181641007733
2015-09-30,4620.16,8.43818461551074,0.022510438885230855
2015-10-01,4627.08,8.439681278578151,0.0014966630674102532
2015-10-02,4707.78,8.456971738316373,0.017290459738221742
2015-10-05,4781.26,8.472459389075928,0.015487650759554938
2015-10-06,4748.36,8.465554574253746,-0.0069048148221817485
2015-10-07,4791.15,8.474525745096834,0.008971170843087961
2015-10-08,4810.79,8.478616590777944,0.004090845681110622
2015-10-09,4830.47,8.482699050401067,0.004082459623122148
2015-10-12,4838.64,8.484388968489565,0.0016899180884983878
2015-10-13,4796.61,8.475664697383966,-0.008724271105599257
2015-10-14,4782.85,8.47279188211807,-0.0028728152658956674
2015-10-15,4870.1,8.490869749746722,0.01807786762865149
2015-10-16,4886.69,8.494270461658814,0.003400711912092902
2015-10-19,4905.47,8.498106188000197,0.003835726341382184
2015-10-20,4880.97,8.49309924958676,-0.005006938413437467
2015-10-21,4840.12,8.484694792791757,-0.008404456795002346
2015-10-22,4920.05,8.501073972036341,0.016379179244584208
2015-10-23,5031.86,8.523544976053653,0.02247100401731217
2015-10-26,5034.7,8.524109220457968,0.0005642444043143513
2015-10-27,5030.15,8.523205083722704,-0.00090413673526335
2015-10-28,5095.69,8.536150363376539,0.012945279653834518
2015-10-29,5074.27,8.53193795119915,-0.004212412177388103
2015-10-30,5053.75,8.52788582095498,-0.004052130244170726
2015-11-02,5127.15,8.542305228231092,0.014419407276111684
2015-11-03,5145.13,8.545805915198695,0.003500686967603528
2015-11-04,5142.48,8.54529073236058,-0.0005151828381144696
2015-11-05,5127.74,8.542420295287034,-0.0028704370735468387
2015-11-06,5147.12,8.54619261393314,0.0037723186461064984
2015-11-09,5095.3,8.536073825179525,-0.010118788753615604
2015-11-10,5083.24,8.533704132543152,-0.0023696926363729887
2015-11-11,5067.02,8.530508152576862,-0.0031959799662892863
2015-11-12,5005.08,8.518208675637561,-0.012299476939301002
2015-11-13,4927.88,8.502664154267523,-0.015544521370038922
2015-11-16,4984.62,8.514112450804326,0.011448296536803682
2015-11-17,4986.01,8.514391269697215,0.0002788188928892765
2015-11-18,5075.2,8.532121212000474,0.01772994230325864
2015-11-19,5073.64,8.531813787701287,-0.0003074242991871756
2015-11-20,5104.92,8.537960059565105,0.006146271863817887
2015-11-23,5102.48,8.537481975029086,-0.0004780845360183861
2015-11-24,5102.81,8.53754664737061,6.467234152296442e-05
2015-11-25,5116.14,8.540155527453322,0.002608880082712872
2015-11-27,5127.52,8.542377390475252,0.0022218630219299484
2015-11-30,5108.67,8.538694375348,-0.0036830151272528866
2015-12-01,5156.31,8.547976486378925,0.009282111030925577
2015-12-02,5123.22,8.541538426604895,-0.006438059774030336
2015-12-03,5037.53,8.524671161572194,-0.016867265032701084
2015-12-04,5142.27,8.545249895198758,0.02057873362656437
2015-12-07,5101.81,8.537350657710398,-0.007899237488359745
2015-12-08,5098.24,8.53665066111317,-0.000699996597228747
2015-12-09,5022.87,8.521756762467486,-0.014893898645683024
2015-12-10,5045.17,8.526186628949423,0.004429866481936884
2015-12-11,4933.47,8.503797873403087,-0.022388755546336014
2015-12-14,4952.23,8.507593259166308,0.0037953857632206933
2015-12-15,4995.36,8.51626476055766,0.0086715013913512
2015-12-16,5071.13,8.53131895143566,0.01505419087800064
2015-12-17,5002.55,8.517703061410437,-0.01361589002522301
2015-12-18,4923.08,8.501689629880078,-0.016013431530359057
2015-12-21,4968.92,8.51095779165384,0.009268161773762884
2015-12-22,5001.11,8.517415166777884,0.0064573751240430965
2015-12-23,5045.93,8.526337256730622,0.008922089952738688
2015-12-24,5048.49,8.526844467656042,0.0005072109254200541
2015-12-28,5040.99,8.525357770347277,-0.0014866973087652724
2015-12-29,5107.94,8.538551470803098,0.01319370045582069
2015-12-30,5065.85,8.53027722096416,-0.008274249838937209
2015-12-31,5007.41,8.518674094338017,-0.011603126626143379
2016-01-04,4903.09,8.497620897591267,-0.021053196746750658
2016-01-05,4891.43,8.495239973256398,-0.002380924334868695
2016-01-06,4835.76,8.48379358271162,-0.01144639054477814
2016-01-07,4689.43,8.45306631887309,-0.030727263838530305
2016-01-08,4643.63,8.443251666947793,-0.009814651925296403
2016-01-11,4637.99,8.442036361711384,-0.0012153052364087813
2016-01-12,4685.92,8.452317546792262,0.01028118508087772
2016-01-13,4526.06,8.417607082844455,-0.03471046394780686
2016-01-14,4615.0,8.437067146936952,0.01946006409249712
2016-01-15,4488.42,8.409256025711628,-0.027811121225324698
2016-01-19,4476.95,8.406697289985614,-0.00255873572601395
2016-01-20,4471.69,8.405521692217508,-0.0011755977681051633
2016-01-21,4472.06,8.405604431560674,8.273934316527232e-05
2016-01-22,4591.18,8.431892350625056,0.02628791906438188
2016-01-25,4518.49,8.415933146215737,-0.015959204409318417
2016-01-26,4567.67,8.42675850704503,0.010825360829292308
2016-01-27,4468.17,8.40473420780905,-0.022024299235980038
2016-01-28,4506.68,8.41331601950435,0.0085818116953007
2016-01-29,4613.95,8.436839602090673,0.023523582586323144
2016-02-01,4620.37,8.438230067449112,0.001390465358438675
2016-02-02,4516.95,8.41559226629956,-0.022637801149551606
2016-02-03,4504.24,8.412774454367907,-0.0028178119316528694
2016-02-04,4509.56,8.413954866761733,0.0011804123938254918
2016-02-05,4363.14,8.380947260621635,-0.03300760614009768
2016-02-08,4283.75,8.362584073188819,-0.01836318743281673
2016-02-09,4268.76,8.359078665922505,-0.0035054072663136537
2016-02-10,4283.59,8.362546722038983,0.0034680561164783796
2016-02-11,4266.84,8.358628785414426,-0.0039179366245569724
2016-02-12,4337.51,8.375055729727961,0.016426944313534975
2016-02-16,4435.96,8.397499331297052,0.022443601569090532
2016-02-17,4534.06,8.419373064327951,0.021873733030899345
2016-02-18,4487.54,8.409059946405833,-0.010313117922118309
2016-02-19,4504.43,8.412816635955208,0.003756689549375025
2016-02-22,4570.61,8.427401954192947,0.014585318237738676
2016-02-23,4503.58,8.412627915027384,-0.014774039165562414
2016-02-24,4542.61,8.42125701571736,0.008629100689976354
2016-02-25,4582.2,8.429934511122394,0.008677495405033042
2016-02-26,4590.47,8.431737694326587,0.0018031832041938145
2016-02-29,4557.95,8.4246282400219,-0.007109454304687901
2016-03-01,4689.6,8.453102569956629,0.028474329934729425
2016-03-02,4703.42,8.45604518265675,0.0029426127001208613
2016-03-03,4707.42,8.456895266228647,0.0008500835718976418
2016-03-04,4717.02,8.458932523258314,0.002037257029666506
2016-03-07,4708.25,8.457071568074857,-0.0018609551834565252
2016-03-08,4648.82,8.444368702937151,-0.012702865137706354
2016-03-09,4674.38,8.44985181260708,0.0054831096699281545
2016-03-10,4662.16,8.447234139041104,-0.002617673565975309
2016-03-11,4748.47,8.465577739878487,0.018343600837383178
2016-03-14,4750.28,8.46595884265978,0.00038110278129366293
2016-03-15,4728.67,8.461399258014017,-0.004559584645763337
2016-03-16,4763.97,8.468836633226145,0.007437375212127506
2016-03-17,4774.99,8.4711471586718,0.0023105254456545765
2016-03-18,4795.65,8.475464536003184,0.0043173773313842645
2016-03-21,4808.87,8.478217408265154,0.002752872261970296
2016-03-22,4821.66,8.480873546093399,0.002656137828244809
2016-03-23,4768.86,8.469862561608148,-0.011010984485251285
2016-03-24,4773.5,8.470835067438088,0.0009725058299405731
2016-03-28,4766.79,8.469428401371033,-0.0014066660670550846
2016-03-29,4846.62,8.486036833762316,0.0166084323912834
2016-03-30,4869.29,8.490703414893744,0.004666581131427705
2016-03-31,4869.85,8.490818414780925,0.00011499988718099985
2016-04-01,4914.54,8.499953437153538,0.009135022372612767
2016-04-04,4891.8,8.49531561289692,-0.004637824256617407
2016-04-05,4843.93,8.485481653701516,-0.009833959195404418
2016-04-06,4920.72,8.5012101402429,0.015728486541384257
2016-04-07,4848.37,8.48639784496893,-0.014812295273969767
2016-04-08,4850.69,8.486876241853627,0.00047839688469686337
2016-04-11,4833.4,8.48330543274888,-0.0035708091047474966
2016-04-12,4872.09,8.491278282125515,0.007972849376635338
2016-04-13,4947.42,8.50662150756327,0.015343225437755237
2016-04-14,4945.89,8.506312207639949,-0.00030929992332140444
2016-04-15,4938.22,8.504760221363078,-0.0015519862768709203
2016-04-18,4960.02,8.509165051968909,0.004404830605830412
2016-04-19,4940.33,8.505187409570272,-0.003977642398636405
2016-04-20,4948.15,8.50676904833178,0.00158163876150752
2016-04-21,4945.93,8.50632029513042,-0.0004487532013595086
2016-04-22,4906.2,8.498254990395987,-0.008065304734433454
2016-04-25,4895.79,8.496130931115404,-0.0021240592805824576
2016-04-26,4888.28,8.494595782353205,-0.001535148762199512
2016-04-27,4863.14,8.489439598802885,-0.0051561835503193265
2016-04-28,4805.29,8.477472673381303,-0.011966925421582175
2016-04-29,4775.36,8.471224642743103,-0.0062480306382006745
2016-05-02,4817.59,8.480029082002964,0.008804439259861851
2016-05-03,4763.22,8.468679189110608,-0.01134989289235655
2016-05-04,4725.64,8.460758280490806,-0.007920908619801992
2016-05-05,4717.09,8.458947363025922,-0.001810917464883488
2016-05-06,4736.16,8.462981959776966,0.004034596751044006
2016-05-09,4750.21,8.465944106577746,0.0029621468007796636
2016-05-10,4809.88,8.478427414763651,0.012483308185904818
2016-05-11,4760.69,8.468147894703266,-0.010279520060384684
2016-05-12,4737.33,8.463228964841825,-0.004918929861441157
2016-05-13,4717.68,8.459072432317653,-0.004156532524172363
2016-05-16,4775.46,8.471245583353438,0.012173151035785423
2016-05-17,4715.73,8.458659008109912,-0.012586575243526354
2016-05-18,4739.12,8.463606743444844,0.004947735334932091
2016-05-19,4712.53,8.457980197783748,-0.005626545661096216
2016-05-20,4769.56,8.470009336441139,0.012029138657391414
2016-05-23,4765.78,8.469216496291128,-0.0007928401500105764
2016-05-24,4861.06,8.489011800108551,0.019795303817423004
2016-05-25,4894.89,8.495947082802001,0.006935282693449452
2016-05-26,4901.77,8.497351643362656,0.001404560560654744
2016-05-27,4933.5,8.503803954297222,0.006452310934566441
2016-05-31,4948.05,8.506748838554289,0.0029448842570669598
2016-06-01,4952.25,8.507597297742791,0.0008484591885018489
2016-06-02,4971.36,8.511448723508678,0.003851425765887484
2016-06-03,4942.52,8.50563060157174,-0.005818121936938425
2016-06-06,4968.71,8.510915528055772,0.005284926484032226
2016-06-07,4961.75,8.509513780072368,-0.0014017479834045332
2016-06-08,4974.64,8.512108285165406,0.0025945050930378244
2016-06-09,4958.62,8.508882755200542,-0.0032255299648635827
2016-06-10,4894.55,8.495877620197371,-0.01300513500317102
2016-06-13,4848.44,8.486412282706702,-0.009465337490668801
2016-06-14,4843.55,8.485403201926607,-0.0010090807800953172
2016-06-15,4834.93,8.483621930016303,-0.001781271910303417
2016-06-16,4844.91,8.48568394830094,0.00206201828463648
2016-06-17,4800.34,8.476442027720754,-0.009241920580185692
2016-06-20,4837.21,8.484093387220652,0.007651359499897481
2016-06-21,4843.76,8.485446557615655,0.001353170395002934
2016-06-22,4833.32,8.483288881116062,-0.0021576764995927533
2016-06-23,4910.04,8.499037367394894,0.01574848627883263
2016-06-24,4707.98,8.457014220282783,-0.0420231471121113
2016-06-27,4594.44,8.432602155763275,-0.024412064519507837
2016-06-28,4691.87,8.453586502654659,0.02098434689138351
2016-06-29,4779.25,8.472038909409127,0.018452406754468242
2016-06-30,4842.67,8.485221500498719,0.013182591089591966
2016-07-01,4862.57,8.489322383709972,0.004100883211252793
2016-07-05,4822.9,8.481130685871022,-0.008191697838949352
2016-07-06,4859.16,8.488620862449897,0.007490176578874852
2016-07-07,4876.81,8.492246596575104,0.0036257341252063924
2016-07-08,4956.76,8.508507580467588,0.01626098389248476
2016-07-11,4988.64,8.514918606508221,0.006411026040632706
2016-07-12,5022.82,8.521746807949677,0.006828201441456017
2016-07-13,5005.73,8.518338535259494,-0.0034082726901836224
2016-07-14,5034.06,8.523982094575363,0.00564355931586924
2016-07-15,5029.59,8.523093748837194,-0.0008883457381685389
2016-07-18,5055.78,8.528287422221762,0.005193673384567887
2016-07-19,5036.37,8.524440863474112,-0.003846558747650164
2016-07-20,5089.93,8.535019356994207,0.010578493520094767
2016-07-21,5073.9,8.531865031648106,-0.003154325346100606
2016-07-22,5100.16,8.53702719076933,0.005162159121223198
2016-07-25,5097.63,8.536531004820823,-0.0004961859485064224
2016-07-26,5110.05,8.538964467885693,0.002433463064869912
2016-07-27,5139.81,8.544771392785444,0.005806924899751209
2016-07-28,5154.98,8.547718516715115,0.0029471239296707807
2016-07-29,5162.13,8.549104563998641,0.001386047283526537
2016-08-01,5184.2,8.553370817534825,0.004266253536183484
2016-08-02,5137.73,8.544366626658842,-0.009004190875982587
2016-08-03,5159.74,8.548641469609212,0.004274842950369617
2016-08-04,5166.25,8.549902365825941,0.0012608962167295346
2016-08-05,5221.12,8.560467217249084,0.01056485142314223
2016-08-08,5213.14,8.558937640344572,-0.0015295769045113872
2016-08-09,5225.48,8.561301938642295,0.0023642982977225557
2016-08-10,5204.58,8.557294286150672,-0.004007652491623048
2016-08-11,5228.4,8.561860582911397,0.004566296760724953
2016-08-12,5232.89,8.562718985704112,0.0008584027927156512
2016-08-15,5262.02,8.568270262429198,0.005551276725086041
2016-08-16,5227.11,8.561613823067727,-0.0066564393614712
2016-08-17,5228.66,8.561910310081377,0.0002964870136494824
2016-08-18,5240.15,8.564105402859571,0.0021950927781944074
2016-08-19,5238.38,8.563767569209846,-0.0003378336497252832
2016-08-22,5244.6,8.564954254814497,0.001186685604650961
2016-08-23,5260.08,8.567901514741573,0.002947259927076118
2016-08-24,5217.69,8.559810054196314,-0.00809146054525911
2016-08-25,5212.2,8.55875731049393,-0.0010527437023846176
2016-08-26,5218.92,8.560045762918916,0.0012884524249869855
2016-08-29,5232.33,8.562611964542487,0.0025662016235710183
2016-08-30,5222.99,8.560825313826003,-0.001786650716484317
2016-08-31,5213.22,8.55895298606446,-0.0018723277615428913
2016-09-01,5227.21,8.56163295391507,0.002679967850610865
2016-09-02,5249.9,8.565964307785213,0.004331353870142607
2016-09-06,5275.91,8.57090645531415,0.0049421475289364025
2016-09-07,5283.93,8.572425418014724,0.0015189627005742778
2016-09-08,5259.48,8.567787441529262,-0.0046379764854620475
2016-09-09,5125.91,8.542063349220134,-0.025724092309127755
2016-09-12,5211.89,8.55869783288004,0.01663448365990483
2016-09-13,5155.25,8.547770891880376,-0.010926940999663515
2016-09-14,5173.77,8.551356908723506,0.003586016843129869
2016-09-15,5249.69,8.565924306223243,0.014567397499737567
2016-09-16,5244.57,8.56494853462882,-0.0009757715944225254
2016-09-19,5235.03,8.563127853947243,-0.001820680681577258
2016-09-20,5241.35,8.56433437772104,0.0012065237737974854
2016-09-21,5295.18,8.57455225179199,0.010217874070949762
2016-09-22,5339.52,8.582891040273655,0.008338788481664139
2016-09-23,5305.75,8.57654641711575,-0.006344623157904294
2016-09-26,5257.49,8.567409005530347,-0.009137411585403044
2016-09-27,5305.71,8.576538878096615,0.00912987256626785
2016-09-28,5318.55,8.578955988794469,0.002417110697853886
2016-09-29,5269.15,8.569624338204145,-0.009331650590324259
2016-09-30,5312.0,8.57772369115627,0.008099352952125827
2016-10-03,5300.87,8.575626237012317,-0.00209745414395357
2016-10-04,5289.66,8.573509250575079,-0.002116986437238566
2016-10-05,5316.02,8.578480182053298,0.004970931478219143
2016-10-06,5306.85,8.576753717872199,-0.0017264641810985637
2016-10-07,5292.4,8.574027108168256,-0.002726609703943339
2016-10-10,5328.67,8.580856955065013,0.006829846896756919
2016-10-11,5246.79,8.565371740015564,-0.015485215049448442
2016-10-12,5239.02,8.563889736923361,-0.0014820030922031435
2016-10-13,5213.33,8.558974086044799,-0.004915650878562161
2016-10-14,5214.16,8.559133280635587,0.00015919459078794773
2016-10-17,5199.82,8.556379288585777,-0.0027539920498096393
2016-10-18,5243.84,8.564809333357859,0.008430044772081757
2016-10-19,5246.41,8.56529931215749,0.0004899787996315297
2016-10-20,5241.83,8.564425952987389,-0.000873359170102006
2016-10-21,5257.4,8.567391886948982,0.0029659339615939473
2016-10-24,5309.83,8.577315098657579,0.009923211708596114
2016-10-25,5283.4,8.572325108854237,-0.0049899898033416434
2016-10-26,5250.27,8.566034782834695,-0.006290326019541936
2016-10-27,5215.97,8.559480352056207,-0.006554430778487941
2016-10-28,5190.1,8.554508243797049,-0.004972108259158503
2016-10-31,5189.13,8.554321332050643,-0.00018691174640572683
2016-11-01,5153.58,8.547446897787038,-0.006874434263604456
2016-11-02,5105.57,8.538087379605745,-0.009359518181293325
2016-11-03,5058.41,8.528807483652145,-0.009279895953600459
2016-11-04,5046.37,8.52642445191909,-0.0023830317330553186
2016-11-07,5166.17,8.549886880586278,0.023462428667189172
2016-11-08,5193.49,8.555161197182235,0.005274316595956563
2016-11-09,5251.07,8.56618714434314,0.011025947160904437
2016-11-10,5208.8,8.558104781922653,-0.008082362420486433
2016-11-11,5237.11,8.563525098450725,0.005420316528072178
2016-11-14,5218.4,8.559946120481886,-0.0035789779688393253
2016-11-15,5275.62,8.57085148698253,0.01090536650064422
2016-11-16,5294.58,8.574438934776186,0.00358744779365594
2016-11-17,5333.97,8.58185108042918,0.007412145652994084
2016-11-18,5321.51,8.57951237664874,-0.002338703780440099
2016-11-21,5368.86,8.5883708744633,0.008858497814559385
2016-11-22,5386.35,8.591623254550234,0.0032523800869341812
2016-11-23,5380.68,8.59057003922082,-0.0010532153294136037
2016-11-25,5398.92,8.593954212549699,0.003384173328878859
2016-11-28,5368.81,8.588361561455914,-0.00559265109378515
2016-11-29,5379.92,8.590428783156796,0.002067221700881916
2016-11-30,5323.68,8.57992007252454,-0.010508710632255003
2016-12-01,5251.11,8.566194761809227,-0.01372531071531391
2016-12-02,5255.65,8.56705896738403,0.0008642055748033783
2016-12-05,5308.89,8.577138052836151,0.010079085452121106
2016-12-06,5333.0,8.581669210600602,0.004531157764450455
2016-12-07,5393.76,8.592998008827703,0.011328798227101089
2016-12-08,5417.36,8.597363890898473,0.004365882070770155
2016-12-09,5444.5,8.602361203786115,0.00499731288764238
2016-12-12,5412.54,8.596473762583669,-0.005887441202446553
2016-12-13,5463.83,8.605905288028694,0.009431525445025457
2016-12-14,5436.67,8.600922020067546,-0.004983267961147675
2016-12-15,5456.85,8.604626979177874,0.0037049591103279766
2016-12-16,5437.16,8.601012144706305,-0.00361483447156985
2016-12-19,5457.44,8.604735094318771,0.003722949612466664
2016-12-20,5483.94,8.609579099703316,0.0048440053845446585
2016-12-21,5471.43,8.607295287209995,-0.0022838124933208803
2016-12-22,5447.42,8.602897381075326,-0.004397906134668617
2016-12-23,5462.69,8.60569662140764,0.0027992403323136017
2016-12-27,5487.44,8.610217123382876,0.004520501975235902
2016-12-28,5438.56,8.60126959892685,-0.008947524456026201
2016-12-29,5432.09,8.600079237584339,-0.0011903613425108261
2016-12-30,5383.12,8.591023410714492,-0.009055826869847294
2017-01-03,5429.08,8.599524969475643,0.008501558761151884
2017-01-04,5477.0,8.608312784783722,0.008787815308078706
2017-01-05,5487.94,8.61030823640135,0.001995451617627708
2017-01-06,5521.06,8.616325149821442,0.006016913420092251
2017-01-09,5531.82,8.618272154294324,0.0019470044728819857
2017-01-10,5551.82,8.621881080911797,0.0036089266174723633
2017-01-11,5563.65,8.624009646679434,0.00212856576763798
2017-01-12,5547.49,8.621100852191335,-0.002908794488099886
2017-01-13,5574.12,8.625889736335454,0.004788884144119265
2017-01-17,5538.73,8.619520511584138,-0.0063692247513156275
2017-01-18,5555.65,8.622570706929565,0.0030501953454269426
2017-01-19,5540.08,8.61976422007028,-0.0028064868592849734
2017-01-20,5555.33,8.622513106249862,0.002748886179581689
2017-01-23,5552.94,8.622082796212947,-0.0004303100369149604
2017-01-24,5600.96,8.630693290602471,0.008610494389523993
2017-01-25,5656.34,8.640532318923858,0.009839028321387389
2017-01-26,5655.18,8.640327218282376,-0.00020510064148204776
2017-01-27,5660.78,8.641316970889694,0.0009897526073174845
2017-01-30,5613.71,8.632967099014728,-0.008349871874965942
2017-01-31,5614.79,8.633159466651247,0.00019236763651875322
2017-02-01,5642.65,8.638109092299354,0.004949625648107414
2017-02-02,5636.2,8.63696535854935,-0.0011437337500037614
2017-02-03,5666.77,8.6423745694981,0.005409210948750243
2017-02-06,5663.55,8.641806183064762,-0.0005683864333381194
2017-02-07,5674.22,8.643688387969263,0.0018822049045006395
2017-02-08,5682.45,8.64513775674386,0.0014493687745975592
2017-02-09,5715.18,8.650881071795913,0.005743315052052722
2017-02-10,5734.13,8.654191317968666,0.003310246172752329
2017-02-13,5763.96,8.659380017470074,0.005188699501408323
2017-02-14,5782.57,8.662603499523028,0.0032234820529541963
2017-02-15,5819.44,8.668959316164777,0.006355816641749001
2017-02-16,5814.9,8.66817886790034,-0.0007804482644377941
2017-02-17,5838.58,8.67224289557142,0.00406402767108105
2017-02-21,5865.95,8.676919725805195,0.0046768302337749645
2017-02-22,5860.63,8.676012385324853,-0.0009073404803423557
2017-02-23,5835.51,8.671716944500156,-0.0042954408246966835
2017-02-24,5845.31,8.673394909283344,0.001677964783187491
2017-02-27,5861.9,8.676229062101108,0.00283415281776378
2017-02-28,5825.44,8.669989812061852,-0.00623925003925585
2017-03-01,5904.03,8.683390447568211,0.013400635506359393
2017-03-02,5861.22,8.676113052028573,-0.007277395539638576
2017-03-03,5870.75,8.677737672973924,0.0016246209453516514
2017-03-06,5849.17,8.674055049818055,-0.0036826231558695355
2017-03-07,5833.93,8.671446151726954,-0.002608898091100542
2017-03-08,5837.55,8.672066467250962,0.0006203155240083191
2017-03-09,5838.81,8.672282287935644,0.00021582068468184445
2017-03-10,5861.73,8.676200060844668,0.003917772909023398
2017-03-13,5875.78,8.678594096157187,0.0023940353125198044
2017-03-14,5856.82,8.675362073160642,-0.0032320229965456804
2017-03-15,5900.05,8.682716104434173,0.007354031273530737
2017-03-16,5900.76,8.682836435157379,0.00012033072320605243
2017-03-17,5901.0,8.682877107057168,4.067189978940178e-05
2017-03-20,5901.53,8.682966918309562,8.981125239415633e-05
2017-03-21,5793.83,8.664548837201576,-0.018418081107986595
2017-03-22,5821.64,8.669337287972581,0.00478845077100587
2017-03-23,5817.69,8.668658554720471,-0.0006787332521103195
2017-03-24,5828.74,8.670556132487347,0.0018975777668757132
2017-03-27,5840.37,8.672549429979739,0.0019932974923921876
2017-03-28,5875.14,8.67848516851567,0.005935738535930213
2017-03-29,5897.55,8.682292289414606,0.0038071208989371996
2017-03-30,5914.34,8.68513518945993,0.002842900045322949
2017-03-31,5911.74,8.684695483311842,-0.0004397061480876374
2017-04-03,5894.68,8.681805528207155,-0.0028899551046865923
2017-04-04,5898.61,8.68247200891703,0.0006664807098744063
2017-04-05,5864.48,8.67666909560533,-0.005802913311699243
2017-04-06,5878.95,8.679133453518325,0.002464357912995041
2017-04-07,5877.81,8.678939522536734,-0.00019393098159170563
2017-04-10,5880.93,8.679470191651488,0.0005306691147541898
2017-04-11,5866.77,8.67705950583938,-0.0024106858121086816
2017-04-12,5836.16,8.671828325305245,-0.005231180534133628
2017-04-13,5805.15,8.666500733591432,-0.005327591713813362
2017-04-17,5856.79,8.675356950913956,0.008856217322524174
2017-04-18,5849.47,8.67410633783103,-0.0012506130829255113
2017-04-19,5863.03,8.67642181378551,0.002315475954478785
2017-04-20,5916.78,8.685547660981577,0.009125847196067127
2017-04-21,5910.52,8.684489092993184,-0.0010585679883927668
2017-04-24,5983.82,8.69681443898799,0.012325345994806725
2017-04-25,6025.49,8.70375408285276,0.006939643864768641
2017-04-26,6025.23,8.703710931904096,-4.315094866313984e-05
2017-04-27,6048.94,8.707638329062846,0.003927397158749457
2017-04-28,6047.61,8.707418431653194,-0.00021989740965189242
2017-05-01,6091.6,8.714666051977536,0.007247620324342563
2017-05-02,6095.37,8.715284745569177,0.0006186935916403513
2017-05-03,6072.55,8.711533894683516,-0.003750850885660739
2017-05-04,6075.34,8.71199323372084,0.00045933903732375825
2017-05-05,6100.76,8.716168632564628,0.004175398843788258
2017-05-08,6102.66,8.71648002068621,0.0003113881215828229
2017-05-09,6120.59,8.719413776088444,0.0029337554022337287
2017-05-10,6129.14,8.720809725450337,0.00139594936189269
2017-05-11,6115.96,8.718657026805198,-0.002152698645138784
2017-05-12,6121.23,8.719518335704675,0.000861308899477109
2017-05-15,6149.67,8.724153700824308,0.004635365119632695
2017-05-16,6169.87,8.727433046985405,0.003279346161097152
2017-05-17,6011.24,8.701386329042974,-0.02604671794243174
2017-05-18,6055.13,8.708661125616338,0.007274796573364384
2017-05-19,6083.7,8.713368342498727,0.004707216882389176
2017-05-22,6133.62,8.721540392967164,0.008172050468436609
2017-05-23,6138.71,8.722369901347701,0.0008295083805371917
2017-05-24,6163.02,8.726322196129782,0.003952294782081367
2017-05-25,6205.26,8.73315259845304,0.006830402323258156
2017-05-26,6210.19,8.733946770272686,0.0007941718196455838
2017-05-30,6203.19,8.732818954844177,-0.001127815428509038
2017-05-31,6198.52,8.732065832860073,-0.0007531219841041548
2017-06-01,6246.83,8.739829414061019,0.007763581200945779
2017-06-02,6305.8,8.749225123775851,0.009395709714832279
2017-06-05,6295.68,8.747618962884339,-0.0016061608915123315
2017-06-06,6275.06,8.74433832570726,-0.003280637177079271
2017-06-07,6297.38,8.747888952864585,0.003550627157325792
2017-06-08,6321.76,8.75175292938492,0.0038639765203356546
2017-06-09,6207.92,8.733581175182083,-0.018171754202837676
2017-06-12,6175.46,8.728338652648768,-0.0052425225333152525
2017-06-13,6220.37,8.735584669494578,0.007246016845810388
2017-06-14,6194.89,8.731480037650554,-0.004104631844024098
2017-06-15,6165.5,8.726724515310584,-0.004755522339969787
2017-06-16,6151.76,8.724493498720992,-0.0022310165895920164
2017-06-19,6239.01,8.738576794930466,0.014083296209474128
2017-06-20,6188.03,8.730372059774288,-0.0082047351561787
2017-06-21,6233.95,8.737765439762555,0.007393379988267057
2017-06-22,6236.69,8.738204871907831,0.0004394321452760863
2017-06-23,6265.25,8.742773770763865,0.004568898856033954
2017-06-26,6247.15,8.73988063873083,-0.002893132033035428
2017-06-27,6146.62,8.723657616222765,-0.016223022508064844
2017-06-28,6234.41,8.737839226531658,0.014181610308893866
2017-06-29,6144.35,8.723288239350833,-0.014550987180825814
2017-06-30,6140.42,8.722648422710542,-0.0006398166402910022
2017-07-03,6110.06,8.717691872084693,-0.004956550625848877
2017-07-05,6150.86,8.7243471884226,0.00665531633790728
2017-07-06,6089.46,8.71431468682179,-0.010032501600809596
2017-07-07,6153.08,8.724708048443713,0.010393361621922281
2017-07-10,6176.39,8.728489237379275,0.0037811889355623407
2017-07-11,6193.3,8.731223341553912,0.002734104174637153
2017-07-12,6261.17,8.742122347588802,0.010899006034890135
2017-07-13,6274.44,8.7442395169897,0.002117169400897012
2017-07-14,6312.47,8.750282321097075,0.0060428041073752325
2017-07-17,6314.43,8.750592769428136,0.0003104483310618633
2017-07-18,6344.31,8.755313627190182,0.0047208577620452274
2017-07-19,6385.04,8.761713033129867,0.006399405939685465
2017-07-20,6390.0,8.762489547371581,0.0007765142417142101
2017-07-21,6387.75,8.7621373726893,-0.00035217468228054827
2017-07-24,6410.81,8.765740906985927,0.0036035342966265205
2017-07-25,6412.17,8.765953026166507,0.0002121191805795064
2017-07-26,6422.75,8.76760165387846,0.0016486277119529547
2017-07-27,6382.19,8.761266577626623,-0.006335076251836824
2017-07-28,6374.68,8.76008917268833,-0.0011774049382928808
2017-07-31,6348.12,8.755913985059312,-0.00417518762901814
2017-08-01,6362.94,8.758245813673954,0.002331828614641651
2017-08-02,6362.65,8.758200236219384,-4.557745456956752e-05
2017-08-03,6340.34,8.754687673753606,-0.003512562465777691
2017-08-04,6351.56,8.756455731006318,0.0017680572527112304
2017-08-07,6383.77,8.761514110911714,0.005058379905396038
2017-08-08,6370.46,8.759426959459725,-0.002087151451988234
2017-08-09,6352.33,8.756576953718564,-0.0028500057411608992
2017-08-10,6216.87,8.735021843643763,-0.02155511007480193
2017-08-11,6256.56,8.741385792285499,0.006363948641736172
2017-08-14,6340.23,8.754670324375779,0.01328453209027991
2017-08-15,6333.01,8.753530915545658,-0.0011394088301202032
2017-08-16,6345.11,8.755439716483634,0.001908800937975741
2017-08-17,6221.91,8.735832212550651,-0.01960750393298305
2017-08-18,6216.53,8.734967152247993,-0.0008650603026580939
2017-08-21,6213.13,8.7344200737141,-0.0005470785338932416
2017-08-22,6297.48,8.747904832358284,0.01348475864418397
2017-08-23,6278.41,8.744872042692208,-0.003032789666075786
2017-08-24,6271.33,8.743743732344564,-0.001128310347644046
2017-08-25,6265.64,8.742836016941132,-0.0009077154034322632
2017-08-28,6283.02,8.745606035590622,0.0027700186494907797
2017-08-29,6301.89,8.748604867388622,0.002998831797999202
2017-08-30,6368.31,8.759089407243865,0.010484539855243113
2017-08-31,6428.66,8.768521397380008,0.009431990136143042
2017-09-01,6435.33,8.76955840076663,0.0010370033866227146
2017-09-05,6375.57,8.760228777794339,-0.009329622972291673
2017-09-06,6393.31,8.763007410127623,0.0027786323332836815
2017-09-07,6397.87,8.763720401453392,0.0007129913257699627
2017-09-08,6360.19,8.757813530101778,-0.0059068713516143845
2017-09-11,6432.26,8.769081232927391,0.011267702825612957
2017-09-12,6454.28,8.77249875561879,0.003417522691398389
2017-09-13,6460.19,8.773414008108835,0.0009152524900457593
2017-09-14,6429.08,8.768586727679136,-0.004827280429699599
2017-09-15,6448.47,8.771598172348916,0.0030114446697808717
2017-09-18,6454.64,8.772554531005127,0.0009563586562109094
2017-09-19,6461.32,8.773588910268549,0.0010343792634213145
2017-09-20,6456.04,8.772771405717457,-0.0008175045510920853
2017-09-21,6422.69,8.767592312041979,-0.005179093675478086
2017-09-22,6426.92,8.768250697806652,0.0006583857646731417
2017-09-25,6370.59,8.759447365941138,-0.008803331865513186
2017-09-26,6380.16,8.760948454394285,0.0015010884531463375
2017-09-27,6453.26,8.772340708461527,0.011392254067242646
2017-09-28,6453.45,8.77237015051144,2.944204991273125e-05
2017-09-29,6495.96,8.778935724187088,0.006565573675647585
2017-10-02,6516.72,8.782126460855135,0.003190736668047478
2017-10-03,6531.71,8.784424056289112,0.0022975954339763405
2017-10-04,6534.63,8.78487100624581,0.00044694995669836146
2017-10-05,6585.36,8.79260428238692,0.007733276141109968
2017-10-06,6590.18,8.79333594123582,0.0007316588489008069
2017-10-09,6579.73,8.791748990042818,-0.0015869511930031166
2017-10-10,6587.25,8.792891241465336,0.0011422514225181146
2017-10-11,6603.55,8.795362662197451,0.0024714207321157033
2017-10-12,6591.51,8.793537736302238,-0.0018249258952138803
2017-10-13,6605.8,8.795703329985308,0.0021655936830704547
2017-10-16,6624.0,8.798454696065095,0.0027513660797868766
2017-10-17,6623.66,8.798403366245328,-5.13298197670764e-05
2017-10-18,6624.22,8.798487908073957,8.454182862926984e-05
2017-10-19,6605.07,8.79559281493206,-0.00289509314189651
2017-10-20,6629.05,8.799216784828726,0.0036239698966653577
2017-10-23,6586.83,8.792827479897145,-0.0063893049315808526
2017-10-24,6598.43,8.794587020928992,0.001759541031846723
2017-10-25,6563.89,8.78933869399522,-0.005248326933772418
2017-10-26,6556.77,8.788253382631478,-0.0010853113637416811
2017-10-27,6701.26,8.810050847399541,0.021797464768063435
2017-10-30,6698.96,8.809707569449987,-0.0003432779495540217
2017-10-31,6727.67,8.813984151698369,0.004276582248381899
2017-11-01,6716.53,8.812326931105167,-0.0016572205932021689
2017-11-02,6714.94,8.812090173697761,-0.00023675740740536355
2017-11-03,6764.44,8.819434758168908,0.007344584471146831
2017-11-06,6786.44,8.822681782617378,0.003247024448469915
2017-11-07,6767.78,8.819928394847565,-0.0027533877698129317
2017-11-08,6789.12,8.823076609797225,0.0031482149496593337
2017-11-09,6750.05,8.817305191246549,-0.0057714185506760884
2017-11-10,6750.94,8.817437033430163,0.0001318421836149497
2017-11-13,6757.6,8.818423076413287,0.0009860429831238804
2017-11-14,6737.87,8.815499130221456,-0.0029239461918315612
2017-11-15,6706.21,8.810789241775945,-0.004709888445511012
2017-11-16,6793.29,8.823690639285514,0.012901397509569534
2017-11-17,6782.79,8.822143800714494,-0.0015468385710200039
2017-11-20,6790.71,8.823310780623702,0.001166979909207555
2017-11-21,6862.48,8.833824171423739,0.010513390800037214
2017-11-22,6867.36,8.834535031886134,0.0007108604623944359
2017-11-24,6889.16,8.837704440755337,0.0031694088692031386
2017-11-27,6878.52,8.836158791507494,-0.0015456492478431727
2017-11-28,6912.36,8.841066392460935,0.004907600953441005
2017-11-29,6824.34,8.828250912080392,-0.012815480380542255
2017-11-30,6873.97,8.835497093129089,0.007246181048696343
2017-12-01,6847.59,8.83165204453388,-0.003845048595207956
2017-12-04,6775.37,8.821049256802816,-0.010602787731064822
2017-12-05,6762.21,8.819105038686228,-0.001944218116587848
2017-12-06,6776.38,8.821198315042803,0.002093276356575302
2017-12-07,6812.84,8.826564345983005,0.005366030940201938
2017-12-08,6840.08,8.830554706454633,0.0039903604716275964
2017-12-11,6875.08,8.835658558830707,0.005103852376073803
2017-12-12,6862.32,8.83380085596559,-0.0018577028651165506
2017-12-13,6875.8,8.835763279401412,0.0019624234358222026
2017-12-14,6856.53,8.832956761840531,-0.0028065175608809056
2017-12-15,6936.58,8.844564136648247,0.011607374807715232
2017-12-18,6994.76,8.852916576289386,0.008352439641139853
2017-12-19,6963.85,8.848487761310901,-0.0044288149784854625
2017-12-20,6960.96,8.848072674851338,-0.0004150864595633408
2017-12-21,6965.36,8.848704571884639,0.000631897033301243
2017-12-22,6959.96,8.847929006185513,-0.0007755656991257354
2017-12-26,6936.25,8.844516561640111,-0.003412444545402238
2017-12-27,6939.34,8.844961948113923,0.00044538647381209273
2017-12-28,6950.16,8.846519959876579,0.0015580117626559087
2017-12-29,6903.39,8.839767874282712,-0.006752085593866752
2018-01-02,7006.9,8.854650656825854,0.01488278254314146
2018-01-03,7065.53,8.862983309997793,0.008332653171938986
2018-01-04,7077.91,8.864733945368222,0.0017506353704295208
2018-01-05,7136.56,8.87298614651714,0.008252201148918559
2018-01-08,7157.39,8.875900668359588,0.0029145218424471153
2018-01-09,7163.58,8.876765134996342,0.0008644666367541021
2018-01-10,7153.57,8.875366811778237,-0.0013983232181047356
2018-01-11,7211.78,8.883471079143565,0.008104267365327544
2018-01-12,7261.06,8.890281102670716,0.006810023527151543
2018-01-16,7223.69,8.88512118166221,-0.005159921008505819
2018-01-17,7298.28,8.895393982936213,0.010272801274002319
2018-01-18,7296.05,8.89508838480086,-0.0003055981353519144
2018-01-19,7336.38,8.900600811940453,0.005512427139592546
2018-01-22,7408.03,8.910319825993842,0.009719014053388264
2018-01-23,7460.29,8.91734956643687,0.007029740443028842
2018-01-24,7415.06,8.911268346245297,-0.006081220191573422
2018-01-25,7411.16,8.910742251247386,-0.0005260949979106755
2018-01-26,7505.77,8.92342733707254,0.012685085825154374
2018-01-29,7466.51,8.918182966812036,-0.005244370260504283
2018-01-30,7402.48,8.90957035818216,-0.008612608629876561
2018-01-31,7411.48,8.9107854284412,0.0012150702590396634
2018-02-01,7385.86,8.907322640453552,-0.003462787987647431
2018-02-02,7240.95,8.887507692241378,-0.01981494821217389
2018-02-05,6967.53,8.849016065051893,-0.038491627189484845
2018-02-06,7115.88,8.870084185237129,0.021068120185235628
2018-02-07,7051.98,8.861063707438866,-0.00902047779826276
2018-02-08,6777.16,8.821313414124056,-0.03975029331481039
2018-02-09,6874.49,8.835572737964982,0.014259323840926541
2018-02-12,6981.96,8.851084958631096,0.015512220666114018
2018-02-13,7013.51,8.855593567980339,0.004508609349242576
2018-02-14,7143.62,8.873974929652256,0.018381361671917062
2018-02-15,7256.43,8.889643251340082,0.015668321687826392
2018-02-16,7239.47,8.887303278280298,-0.002339973059784839
2018-02-20,7234.31,8.886590264787126,-0.0007130134931720988
2018-02-21,7218.23,8.88436504947755,-0.0022252153095756455
2018-02-22,7210.09,8.883236712864056,-0.0011283366134939854
2018-02-23,7337.39,8.900738472541866,0.01750175967780976
2018-02-26,7421.46,8.912131082304287,0.011392609762420847
2018-02-27,7330.35,8.89977854271756,-0.012352539586727218
2018-02-28,7273.01,8.891925515102034,-0.007853027615524866
2018-03-01,7180.56,8.879132653429831,-0.01279286167220306
2018-03-02,7257.87,8.889841676342284,0.010709022912452681
2018-03-05,7330.7,8.899826288274673,0.009984611932388532
2018-03-06,7372.01,8.905445675272787,0.005619386998114706
2018-03-07,7396.65,8.908782473988754,0.0033367987159671486
2018-03-08,7427.95,8.913005191162918,0.0042227171741640035
2018-03-09,7560.81,8.930733606291335,0.01772841512841694
2018-03-12,7588.32,8.934365502015988,0.0036318957246521677
2018-03-13,7511.01,8.924125223065767,-0.010240278950220727
2018-03-14,7496.81,8.92223287571119,-0.0018923473545768843
2018-03-15,7481.74,8.920220664237467,-0.002012211473722658
2018-03-16,7481.99,8.920254078366167,3.3414128699504886e-05
2018-03-19,7344.24,8.901671611504918,-0.018582466861248648
2018-03-20,7364.3,8.90439928025212,0.0027276687472017613
2018-03-21,7345.29,8.901814570469812,-0.002584709782308181
2018-03-22,7166.68,8.87719778591103,-0.024616784558782356
2018-03-23,6992.67,8.852617736543191,-0.024580049367838086
2018-03-26,7220.54,8.884685021333839,0.03206728479064758
2018-03-27,7008.81,8.854923208128902,-0.02976181320493687
2018-03-28,6949.23,8.846386141054115,-0.008537067074787075
2018-03-29,7063.44,8.862687463943164,0.016301322889049175
2018-04-02,6870.12,8.834936852312753,-0.02775061163041137
2018-04-03,6941.28,8.84524147453459,0.010304622221838144
2018-04-04,7042.11,8.859663120155338,0.01442164562074666
2018-04-05,7076.55,8.864541779788725,0.0048786596333876275
2018-04-06,6915.11,8.841464151419915,-0.02307762836881011
2018-04-09,6950.34,8.84654585822556,0.0050817068056456804
2018-04-10,7094.3,8.86704692369793,0.020501065472370072
2018-04-11,7069.03,8.863478550043686,-0.003568373654244894
2018-04-12,7140.25,8.873503068726256,0.01002451868257026
2018-04-13,7106.65,8.868786244393162,-0.004716824333094394
2018-04-16,7156.28,8.8757455718676,0.006959327474438837
2018-04-17,7281.1,8.89303722867754,0.017291656809939937
2018-04-18,7295.24,8.894977359661777,0.001940130984236177
2018-04-19,7238.06,8.887108493672088,-0.007868865989689056
2018-04-20,7146.13,8.874326230413406,-0.012782263258682036
2018-04-23,7128.6,8.871870140692296,-0.0024560897211092225
2018-04-24,7007.35,8.854714877173022,-0.017155263519274655
2018-04-25,7003.74,8.854199571071943,-0.0005153061010787496
2018-04-26,7118.68,8.87047759396014,0.016278022888197796
2018-04-27,7119.8,8.870634914123853,0.00015732016371217128
2018-04-30,7066.27,8.863088038341058,-0.007546875782795226
2018-05-01,7130.7,8.872164685307416,0.009076646966358126
2018-05-02,7100.9,8.867976815559345,-0.004187869748070838
2018-05-03,7088.15,8.86617965458921,-0.0017971609701348257
2018-05-04,7209.62,8.883171524313083,0.016991869723872455
2018-05-07,7265.21,8.890852481298941,0.007680956985858245
2018-05-08,7266.9,8.891085069685296,0.00023258838635520362
2018-05-09,7339.91,8.901081859953006,0.009996790267710054
2018-05-10,7404.97,8.909906675377014,0.008824815424008037
2018-05-11,7402.88,8.909624392666982,-0.00028228271003172267
2018-05-14,7411.32,8.910763840077326,0.0011394474103436636
2018-05-15,7351.63,8.90267733632732,-0.008086503750005747
2018-05-16,7398.3,8.909005523070615,0.006328186743294495
2018-05-17,7382.47,8.90686354994575,-0.0021419731248641938
2018-05-18,7354.34,8.903045894134888,-0.0038176558108631298
2018-05-21,7394.04,8.908429549273666,0.00538365513877892
2018-05-22,7378.46,8.906320223732749,-0.0021093255409176948
2018-05-23,7425.96,8.912737248242584,0.0064170245098349454
2018-05-24,7424.43,8.912531193047343,-0.00020605519524075078
2018-05-25,7433.85,8.913799173091077,0.0012679800437336297
2018-05-29,7396.59,8.90877436217552,-0.005024810915555733
2018-05-30,7462.45,8.917639057510907,0.008864695335386585
2018-05-31,7442.12,8.914911033474228,-0.0027280240366795994
2018-06-01,7554.33,8.929876187782874,0.014965154308645978
2018-06-04,7606.46,8.936753165229,0.00687697744612592
2018-06-05,7637.86,8.940872738211873,0.00411957298287291
2018-06-06,7689.24,8.947577227966823,0.006704489754950416
2018-06-07,7635.07,8.940507385914568,-0.0070698420522550265
2018-06-08,7645.51,8.941873826406281,0.0013664404917133055
2018-06-11,7659.93,8.94375812431168,0.0018842979053985687
2018-06-12,7703.79,8.949467694539463,0.005709570227782734
2018-06-13,7695.7,8.94841701029677,-0.001050684242692057
2018-06-14,7761.04,8.95687162481586,0.008454614519090242
2018-06-15,7746.38,8.954980916449518,-0.0018907083663428637
2018-06-18,7747.03,8.955064823091165,8.390664164714678e-05
2018-06-19,7725.59,8.952293474254024,-0.002771348837141474
2018-06-20,7781.51,8.959505685743514,0.007212211489489917
2018-06-21,7712.95,8.950656013351079,-0.008849672392434726
2018-06-22,7692.82,8.94804270529101,-0.00261330806006832
2018-06-25,7532.01,8.926917217444776,-0.021125487846234137
2018-06-26,7561.63,8.930842054399022,0.003924836954245947
2018-06-27,7445.08,8.915308690527134,-0.015533363871888639
2018-06-28,7503.68,8.923148845853541,0.007840155326407583
2018-06-29,7510.3,8.924030690698014,0.0008818448444731786
2018-07-02,7567.69,8.93164314794772,0.007612457249704718
2018-07-03,7502.67,8.923014236171436,-0.008628911776282777
2018-07-05,7586.43,8.934116404006495,0.011102167835058907
2018-07-06,7688.39,8.947466677771395,0.013350273764899612
2018-07-09,7756.2,8.956247802517957,0.008781124746562341
2018-07-10,7759.2,8.956634515079333,0.0003867125613759015
2018-07-11,7716.61,8.951130427406781,-0.0055040876725520604
2018-07-12,7823.92,8.964940986713502,0.01381055930672126
2018-07-13,7825.98,8.965204247183141,0.0002632604696390928
2018-07-16,7805.72,8.962612077253512,-0.0025921699296294065
2018-07-17,7855.12,8.968920827466729,0.006308750213216641
2018-07-18,7854.44,8.968834255977722,-8.657148900681477e-05
2018-07-19,7825.3,8.965117353331593,-0.0037169026461292276
2018-07-20,7820.2,8.964465408659882,-0.0006519446717110355
2018-07-23,7841.87,8.967232605311146,0.0027671966512645696
2018-07-24,7840.77,8.96709232280746,-0.00014028250368625095
2018-07-25,7932.24,8.978690746368029,0.01159842356056906
2018-07-26,7852.18,8.96854647922937,-0.010144267138658236
2018-07-27,7737.42,8.953823577682535,-0.014722901546836198
2018-07-30,7630.0,8.939843124278502,-0.013980453404032644
2018-07-31,7671.79,8.945305243925873,0.005462119647370756
2018-08-01,7707.29,8.949921913200344,0.004616669274470908
2018-08-02,7802.69,8.962223825017947,0.01230191181760354
2018-08-03,7812.01,8.963417572077676,0.0011937470597285227
2018-08-06,7859.68,8.969501172126284,0.006083600048608417
2018-08-07,7883.66,8.97254754202559,0.00304636989930529
2018-08-08,7888.33,8.97313973110718,0.0005921890815905329
2018-08-09,7891.78,8.973576990423492,0.0004372593163122218
2018-08-10,7839.11,8.96688058649236,-0.006696403931131911
2018-08-13,7819.71,8.964402748452736,-0.002477838039624203
2018-08-14,7870.89,8.970926422692234,0.006523674239497623
2018-08-15,7774.12,8.958555547361982,-0.012370875330251607
2018-08-16,7806.52,8.962714560945884,0.004159013583901583
2018-08-17,7816.33,8.963970413916288,0.0012558529704040922
2018-08-20,7821.01,8.964568981209668,0.0005985672933803698
2018-08-21,7859.17,8.969436281883018,0.004867300673350172
2018-08-22,7889.1,8.973237338892556,0.0038010570095377005
2018-08-23,7878.46,8.971887732280624,-0.0013496066119316197
2018-08-24,7945.98,8.980421419381695,0.008533687101071052
2018-08-27,8017.9,8.989431821186537,0.009010401804841806
2018-08-28,8030.04,8.99094478824845,0.001512967061913173
2018-08-29,8109.69,9.000814921964583,0.009870133716132656
2018-08-30,8088.36,8.998181270095506,-0.0026336518690772692
2018-08-31,8109.54,9.00079642540217,0.0026151553066640076
2018-09-04,8091.25,8.99853850985972,-0.0022579155424491404
2018-09-05,7995.17,8.98659288833155,-0.011945621528170136
2018-09-06,7922.73,8.977491122383816,-0.009101765947734819
2018-09-07,7902.54,8.9749395057663,-0.002551616617514796
2018-09-10,7924.16,8.977671599436901,0.002732093670600122
2018-09-11,7972.47,8.983749635942043,0.006078036505142492
2018-09-12,7954.23,8.981459141618112,-0.002290494323931469
2018-09-13,8013.71,8.988909103868014,0.007449962249902242
2018-09-14,8010.04,8.988451033807738,-0.0004580700602758725
2018-09-17,7895.79,8.974084985014963,-0.014366048792775032
2018-09-18,7956.11,8.981695465921522,0.007610480906558692
2018-09-19,7950.04,8.98093223908226,-0.0007632268392612218
2018-09-20,8028.23,8.990719359231793,0.009787120149532313
2018-09-21,7986.96,8.985565490766623,-0.005153868465169964
2018-09-24,7993.25,8.986352714504589,0.0007872237379658031
2018-09-25,8007.47,8.988130134988626,0.0017774204840375063
2018-09-26,7990.37,8.985992345572999,-0.002137789415627367
2018-09-27,8041.97,8.992429357034942,0.006437011461942532
2018-09-28,8046.35,8.992973851439356,0.0005444944044139532
2018-10-01,8037.3,8.991848484877025,-0.001125366562330754
2018-10-02,7999.55,8.987140569079882,-0.004707915797142803
2018-10-03,8025.09,8.9903281628886,0.0031875938087182476
2018-10-04,7879.51,8.972020998177381,-0.01830716471121896
2018-10-05,7788.45,8.96039714602467,-0.011623852152711223
2018-10-08,7735.95,8.953633573823723,-0.006763572200947365
2018-10-09,7738.02,8.953901119904314,0.0002675460805914298
2018-10-10,7422.05,8.912210578326496,-0.04169054157781815
2018-10-11,7329.06,8.89960254654809,-0.01260803177840586
2018-10-12,7496.89,8.922243546859738,0.02264100031164773
2018-10-15,7430.74,8.913380728983924,-0.008862817875813889
2018-10-16,7645.49,8.94187121048842,0.0284904815044964
2018-10-17,7642.7,8.941506222869746,-0.00036498761867420626
2018-10-18,7485.14,8.920675000753626,-0.02083122211612043
2018-10-19,7449.03,8.915839101554393,-0.00483589919923233
2018-10-22,7468.63,8.91846686103924,0.0026277594848469477
2018-10-23,7437.54,8.914295427990684,-0.004171433048556494
2018-10-24,7108.4,8.869032462311331,-0.04526296567935262
2018-10-25,7318.34,8.898138805281517,0.029106342970186105
2018-10-26,7167.21,8.877271736527401,-0.020867068754116147
2018-10-29,7050.29,8.860824029712077,-0.016447706815323926
2018-10-30,7161.65,8.876495680333251,0.015671650621174038
2018-10-31,7305.9,8.896437519881319,0.01994183954806772
2018-11-01,7434.06,8.913827421849646,0.017389901968327237
2018-11-02,7356.99,8.903406160681646,-0.010421261168000129
2018-11-05,7328.85,8.899573893077028,-0.0038322676046185222
2018-11-06,7375.96,8.905981342228232,0.006407449151204503
2018-11-07,7570.75,8.932047416821087,0.026066074592854704
2018-11-08,7530.88,8.92676717983551,-0.005280236985576892
2018-11-09,7406.9,8.910167277179612,-0.016599902655897836
2018-11-12,7200.87,8.881957131037721,-0.0282101461418911
2018-11-13,7200.87,8.881957131037721,0.0
2018-11-14,7136.39,8.872962325232821,-0.008994805804899642
2018-11-15,7259.03,8.890001490076962,0.017039164844140586
2018-11-16,7247.87,8.888462911579623,-0.0015385784973389605
2018-11-19,7028.48,8.857725745210399,-0.03073716636922441
2018-11-20,6908.82,8.84055413517503,-0.017171610035369156
2018-11-21,6972.25,8.84969326371362,0.009139128538590668
2018-11-23,6938.98,8.844910068635704,-0.004783195077916247
2018-11-26,7081.85,8.865290451990042,0.020380383354337894
2018-11-27,7082.7,8.865410469922278,0.0001200179322360384
2018-11-28,7291.59,8.894476908216715,0.029066438294437447
2018-11-29,7273.08,8.89193513968156,-0.0025417685351545316
2018-11-30,7330.54,8.899804462017139,0.007869322335578133
2018-12-03,7441.51,8.914829064223401,0.015024602206262117
2018-12-04,7158.43,8.876045962167673,-0.03878310205572788
2018-12-06,7188.26,8.880204418646052,0.00415845647837898
2018-12-07,6969.25,8.849262893947625,-0.03094152469842726
2018-12-10,7020.52,8.856592568350582,0.007329674402956954
2018-12-11,7031.83,8.858202263873698,0.0016096955231166277
2018-12-12,7098.31,8.867612006527192,0.009409742653494035
2018-12-13,7070.33,8.863662433897504,-0.003949572629688092
2018-12-14,6910.66,8.84082042594876,-0.02284200794874458
2018-12-17,6753.73,8.817850223836105,-0.022970202112654547
2018-12-18,6783.91,8.822308910874304,0.004458687038198406
2018-12-19,6636.83,8.80038971883566,-0.02191919203864323
2018-12-20,6528.41,8.783918701044254,-0.016471017791406695
2018-12-21,6332.99,8.753527757484708,-0.030390943559545747
2018-12-24,6192.92,8.731161983044194,-0.02236577444051413
2018-12-26,6554.36,8.787885756038325,0.05672377299413078
2018-12-27,6579.49,8.791712513716709,0.0038267576783841406
2018-12-28,6584.52,8.792476718582066,0.0007642048653568878
2018-12-31,6635.28,8.80015614632804,0.007679427745975076
2019-01-02,6665.94,8.804766257927087,0.004610111599046007
2019-01-03,6463.5,8.773926245724002,-0.0308400122030843
2019-01-04,6738.86,8.815646050134784,0.041719804410782046
2019-01-07,6823.47,8.828123419097828,0.012477368963043745
2019-01-08,6897.0,8.83884181343129,0.010718394333462555
2019-01-09,6957.08,8.847515125066955,0.00867331163566476
2019-01-10,6986.07,8.851673445356656,0.0041583202897008675
2019-01-11,6971.48,8.849582819807896,-0.002090625548760272
2019-01-14,6905.92,8.8401342937531,-0.009448526054796957
2019-01-15,7023.83,8.857063932288577,0.01692963853547802
2019-01-16,7034.69,8.858608903190232,0.0015449709016550628
2019-01-17,7084.46,8.86565893185947,0.007050028669237207
2019-01-18,7157.23,8.875878313592223,0.010219381732753163
2019-01-22,7020.36,8.85656977775626,-0.019308535835962815
2019-01-23,7025.77,8.857340096736294,0.0007703189800345456
2019-01-24,7073.46,8.864105030973832,0.006764934237537545
2019-01-25,7164.86,8.876943800643602,0.012838769669770045
2019-01-28,7085.68,8.86583112493632,-0.011112675707281028
2019-01-29,7028.29,8.85769871197303,-0.008132412963290037
2019-01-30,7183.08,8.87948353942055,0.02178482744751875
2019-01-31,7281.74,8.893125123621166,0.013641584200616563
2019-02-01,7263.87,8.890668023645214,-0.002457099975952559
2019-02-04,7347.54,8.902120842306834,0.011452818661620512
2019-02-05,7402.08,8.909516320777456,0.007395478470622052
2019-02-06,7375.28,8.905889146589022,-0.003627174188434168
2019-02-07,7288.35,8.894032461935959,-0.011856684653062999
2019-02-08,7298.2,8.89538302138932,0.0013505594533604892
2019-02-11,7307.9,8.896711233769903,0.001328212380583338
2019-02-12,7414.62,8.911209005787494,0.014497772017591615
2019-02-13,7420.38,8.911985547788094,0.0007765420005991786
2019-02-14,7426.95,8.912870555453287,0.0008850076651931715
2019-02-15,7472.41,8.918972849923634,0.006102294470347047
2019-02-19,7486.77,8.9208927418443,0.0019198919206662168
2019-02-20,7489.07,8.921199903248013,0.0003071614037128967
2019-02-21,7459.71,8.917271818447555,-0.003928084800458365
2019-02-22,7527.54,8.92632357419099,0.009051755743435308
2019-02-25,7554.46,8.929893396308508,0.0035698221175177736
2019-02-26,7549.3,8.92921012271296,-0.0006832735955484281
2019-02-27,7554.51,8.929900014893361,0.0006898921804019409
2019-02-28,7532.53,8.92698625373798,-0.0029137611553817777
2019-03-01,7595.35,8.935291496917396,0.008305243179416166
2019-03-04,7577.57,8.932947846764577,-0.002343650152818455
2019-03-05,7576.36,8.932788152216355,-0.00015969454822162277
2019-03-06,7505.92,8.923447321498013,-0.00934083071834202
2019-03-07,7421.46,8.912131082304287,-0.011316239193726929
2019-03-08,7408.14,8.910334674635562,-0.0017964076687242425
2019-03-11,7558.06,8.930369822486021,0.020035147850459012
2019-03-12,7591.03,8.934722566057438,0.004352743571416795
2019-03-13,7643.41,8.941599117661228,0.006876551603790304
2019-03-14,7630.91,8.939962383221918,-0.001636734439310672
2019-03-15,7688.53,8.947484886879591,0.007522503657673596
2019-03-18,7714.48,8.950854361359141,0.0033694744795500498
2019-03-19,7723.95,8.952081170197571,0.0012268088384299602
2019-03-20,7728.97,8.952730885614024,0.0006497154164524233
2019-03-21,7838.96,8.966861451484034,0.014130565870010159
2019-03-22,7642.67,8.94150229754769,-0.02535915393634447
2019-03-25,7637.54,8.940830840782011,-0.0006714567656782577
2019-03-26,7691.52,8.947873702265454,0.007042861483443019
2019-03-27,7643.38,8.941595192703797,-0.006278509561656875
2019-03-28,7669.17,8.944963674685686,0.0033684819818891043
2019-03-29,7729.32,8.952776168759838,0.0078124940741517435
2019-04-01,7828.91,8.965578571120801,0.012802402360962972
2019-04-02,7848.69,8.968101917869715,0.0025233467489140793
2019-04-03,7895.55,8.974054588607817,0.005952670738102128
2019-04-04,7891.78,8.973576990423492,-0.00047759818432524526
2019-04-05,7938.69,8.97950355322372,0.005926562800228297
2019-04-08,7953.88,8.981415138905025,0.0019115856813041177
2019-04-09,7909.28,8.975792032598534,-0.005623106306490655
2019-04-10,7964.24,8.982716800340265,0.00692476774173123
2019-04-11,7947.36,8.980595077027411,-0.0021217233128538737
2019-04-12,7984.16,8.98521485787066,0.0046197808432495435
2019-04-15,7976.01,8.984193565402173,-0.0010212924684882552
2019-04-16,8000.23,8.9872255702487,0.0030320048465277694
2019-04-17,7996.08,8.986706700572743,-0.0005188696759574896
2019-04-18,7998.06,8.986954291254094,0.00024759068135082885
2019-04-19,7998.063,8.986954666344984,3.750908899036176e-07
2019-04-22,8015.27,8.989103751313445,0.0021490849684617785
2019-04-23,8120.82,9.002186413278734,0.013082661965288622
2019-04-24,8102.01,8.999867458025019,-0.0023189552537150604
2019-04-25,8106.29,9.000395582516727,0.0005281244917085814
2019-04-26,8133.96,9.003803168825376,0.0034075863086489022
2019-04-29,8149.39,9.005698356807994,0.0018951879826172302
2019-04-30,8095.39,8.999050042838803,-0.006648313969190411
2019-05-01,8049.64,8.993382648915723,-0.0056673939230798
2019-05-02,8036.77,8.991782540159827,-0.0016001087558965565
2019-05-03,8164.0,9.007489523929735,0.01570698376990798
2019-05-06,8123.29,9.002490523509339,-0.004999000420395916
2019-05-07,7963.76,8.982656529119755,-0.01983399438958422
2019-05-08,7943.32,8.980086602866828,-0.00256992625292618
2019-05-09,7910.59,8.975957647107755,-0.0041289557590733494
2019-05-10,7916.94,8.976760046514448,0.0008023994066927997
2019-05-13,7647.02,8.94207130844554,-0.034688738068908265
2019-05-14,7734.49,8.953444826767486,0.011373518321946108
2019-05-15,7822.15,8.964714731812744,0.01126990504525871
2019-05-16,7898.05,8.974371172543194,0.009656440730449134
2019-05-17,7816.28,8.963964017031826,-0.01040715551136806
2019-05-20,7702.38,8.949284650992112,-0.014679366039713315
2019-05-21,7785.72,8.960046565540708,0.010761914548595541
2019-05-22,7750.84,8.95555650357071,-0.004490061969997683
2019-05-23,7628.28,8.939617672916057,-0.015938830654652847
2019-05-24,7637.01,8.940761444302218,0.0011437713861610632
2019-05-28,7607.35,8.936870164192575,-0.003891280109643347
2019-05-29,7547.31,8.928946487365485,-0.007923676827090276
2019-05-30,7567.72,8.931647112161441,0.00270062479595623
2019-05-31,7453.15,8.916392040802874,-0.015255071358566852
2019-06-03,7333.02,8.90014271548678,-0.016249325316094243
2019-06-04,7527.12,8.926267777514067,0.026125062027286816
2019-06-05,7575.48,8.932671994706642,0.00640421719257489
2019-06-06,7615.55,8.937947488591092,0.00527549388445081
2019-06-07,7742.1,8.954428247613205,0.016480759022112323
2019-06-10,7823.17,8.964845122242783,0.010416874629578743
2019-06-11,7822.57,8.964768424048861,-7.669819392219779e-05
2019-06-12,7792.72,8.960945243517592,-0.003823180531268733
2019-06-13,7837.13,8.96662797489538,0.005682731377786965
2019-06-14,7796.66,8.961450715843482,-0.00517725905189792
2019-06-17,7845.02,8.967634214558402,0.006183498714920077
2019-06-18,7953.88,8.981415138905025,0.013780924346622925
2019-06-19,7987.32,8.9856105632206,0.004195424315575735
2019-06-20,8051.34,8.993593816187072,0.007983252966472065
2019-06-21,8031.71,8.991152735701998,-0.0024410804850738543
2019-06-24,8005.7,8.987909066954352,-0.0032436687476469217
2019-06-25,7884.72,8.972681988303723,-0.015227078650628556
2019-06-26,7909.97,8.975879268086999,0.003197279783275775
2019-06-27,7967.76,8.983158678328875,0.007279410241876505
2019-06-28,8006.24,8.987976516620064,0.0048178382911885365
2019-07-01,8091.16,8.998527386671023,0.01055087005095956
2019-07-02,8109.09,9.000740933662101,0.002213546991077564
2019-07-03,8170.23,9.00825233923258,0.007511405570479468
2019-07-05,8161.79,9.007218786646762,-0.001033552585818498
2019-07-08,8098.38,8.999419320657863,-0.007799465988899357
2019-07-09,8141.73,9.004757967127665,0.0053386464698022
2019-07-10,8202.53,9.012197922250087,0.007439955122421793
2019-07-11,8196.04,9.01140638977636,-0.0007915324737268747
2019-07-12,8244.14,9.017257923913705,0.0058515341373457375
2019-07-15,8258.19,9.018960714173605,0.0017027902599000555
2019-07-16,8222.8,9.014666062651518,-0.0042946515220876336
2019-07-17,8185.21,9.010084146165173,-0.004581916486344539
2019-07-18,8207.24,9.012771970530999,0.0026878243658252643
2019-07-19,8146.49,9.005342438621234,-0.007429531909764364
2019-07-22,8204.14,9.012394183893084,0.007051745271850152
2019-07-23,8251.4,9.018138161901522,0.005743978008437622
2019-07-24,8321.5,9.026597806026782,0.008459644125260013
2019-07-25,8238.54,9.016578422738476,-0.010019383288305761
2019-07-26,8330.21,9.027643944927153,0.011065522188676624
2019-07-29,8293.33,9.023206856255666,-0.004437088671487288
2019-07-30,8273.61,9.020826210304929,-0.002380645950736948
2019-07-31,8175.42,9.008887370592534,-0.011938839712394511
2019-08-01,8111.12,9.000991238684119,-0.007896131908415427
2019-08-02,8004.07,8.987705441292567,-0.013285797391551668
2019-08-05,7726.04,8.952351720536148,-0.03535372075641874
2019-08-06,7833.27,8.966135326325073,0.013783605788924902
2019-08-07,7862.83,8.96990187151107,0.003766545185996506
2019-08-08,8039.16,8.992079879102906,0.022178007591836746
2019-08-09,7959.14,8.982076232800662,-0.010003646302244817
2019-08-12,7863.41,8.969975633580104,-0.01210059922055784
2019-08-13,8016.36,8.989239732495856,0.01926409891575176
2019-08-14,7773.94,8.95853239334791,-0.03070733914794488
2019-08-15,7766.62,8.95759034228394,-0.00094205106397105
2019-08-16,7895.99,8.974110314648483,0.01651997236454328
2019-08-19,8002.81,8.987548008988133,0.013437694339650363
2019-08-20,7948.56,8.98074605916651,-0.00680194982162341
2019-08-21,8020.21,8.989719885056404,0.008973825889894371
2019-08-22,7991.39,8.98611999108906,-0.003599893967344059
2019-08-23,7751.77,8.955676483367805,-0.03044350772125526
2019-08-26,7853.74,8.968745130439249,0.013068647071444062
2019-08-27,7826.95,8.965328185640828,-0.0034169447984204737
2019-08-28,7856.88,8.969144860054225,0.0038166744133967256
2019-08-29,7973.39,8.983865026394614,0.014720166340389085
2019-08-30,7962.88,8.982546022446545,-0.001319003948069053
2019-09-03,7874.16,8.971341791337874,-0.011204231108671081
2019-09-04,7976.88,8.984302636548637,0.012960845210763239
2019-09-05,8116.83,9.001694962843443,0.01739232629480547
2019-09-06,8103.07,8.999998281199174,-0.0016966816442689492
2019-09-09,8087.44,8.998067519925376,-0.0019307612737975433
2019-09-10,8084.16,8.997661870509736,-0.00040564941564014134
2019-09-11,8169.68,9.008185019400317,0.010523148890580813
2019-09-12,8194.47,9.01121481550505,0.0030297961047338617
2019-09-13,8176.71,9.009045148203485,-0.0021696673015654255
2019-09-16,8153.54,9.006207467757944,-0.002837680445541224
2019-09-17,8186.02,9.010183100245063,0.003975632487119185
2019-09-18,8177.39,9.009128307778196,-0.0010547924668671271
2019-09-19,8182.88,9.009799445871401,0.0006711380932049593
2019-09-20,8117.67,9.001798446166088,-0.008000999705313205
2019-09-23,8112.46,9.001156430337632,-0.0006420158284559108
2019-09-24,7993.63,8.986400253486563,-0.014756176851069114
2019-09-25,8077.38,8.996822841506592,0.010422588020029266
2019-09-26,8030.66,8.99102199534407,-0.0058008461625220775
2019-09-27,7939.63,8.97962195365917,-0.011400041684900941
2019-09-30,7999.33,8.987113067154747,0.007491113495577295
2019-10-01,7908.67,8.975714905031397,-0.01139816212334921
2019-10-02,7785.23,8.959983627826546,-0.01573127720485168
2019-10-03,7872.25,8.971099196357892,0.011115568531346653
2019-10-04,7982.46,8.985001913614903,0.013902717257010977
2019-10-07,7956.28,8.981716832919188,-0.0032850806957149814
2019-10-08,7823.76,8.964920536397544,-0.01679629652164394
2019-10-09,7903.73,8.975090078925213,0.01016954252766844
2019-10-10,7950.77,8.981024058304113,0.005933979378900389
2019-10-11,8057.04,8.994301522391904,0.013277464087790847
2019-10-14,8048.65,8.993259654485724,-0.001041867906179661
2019-10-15,8148.71,9.005614911498368,0.012355257012643506
2019-10-16,8124.18,9.002600079027939,-0.0030148324704288854
2019-10-17,8156.85,9.006613344017854,0.004013264989914944
2019-10-18,8089.54,8.998327148114544,-0.00828619590330959
2019-10-21,8162.99,9.007365802410792,0.009038654296247728
2019-10-22,8104.3,9.000150063999511,-0.007215738411280981
2019-10-23,8119.79,9.00205957075233,0.001909506752818757
2019-10-24,8185.8,9.010156224796884,0.00809665404455373
2019-10-25,8243.12,9.017134192013888,0.006977967217004277
2019-10-28,8325.99,9.027137226697269,0.010003034683380818
2019-10-29,8276.85,9.021217740213027,-0.005919486484241787
2019-10-30,8303.98,9.024490196924928,0.0032724567119011283
2019-10-31,8292.36,9.023089887953338,-0.0014003089715899364
2019-11-01,8386.4,9.034366625138363,0.011276737185024643
2019-11-04,8433.2,9.039931575645838,0.005564950507475075
2019-11-05,8434.68,9.040107057093868,0.00017548144803036791
2019-11-06,8410.63,9.03725166098177,-0.002855396112098063
2019-11-07,8434.52,9.040088087611023,0.002836426629253097
2019-11-08,8475.31,9.044912509750777,0.004824422139753537
2019-11-11,8464.28,9.04361023483635,-0.001302274914426249
2019-11-12,8486.09,9.046183631409543,0.0025733965731919994
2019-11-13,8482.1,9.045713339637286,-0.00047029177225610397
2019-11-14,8479.02,9.045350156069944,-0.000363183567342773
2019-11-15,8540.83,9.052613471755553,0.0072633156856092285
2019-11-18,8549.94,9.053679544362323,0.0010660726067701631
2019-11-19,8570.66,9.056100021461962,0.0024204770996387737
2019-11-20,8526.73,9.050961214115013,-0.005138807346948937
2019-11-21,8506.21,9.048551763964031,-0.0024094501509814847
2019-11-22,8519.88,9.050157535217132,0.00160577125310013
2019-11-25,8632.49,9.063288270850503,0.013130735633371415
2019-11-26,8647.93,9.065075264929208,0.0017869940787047511
2019-11-27,8705.18,9.071673529759902,0.006598264830694589
2019-11-29,8665.47,9.067101441878936,-0.00457208788096608
2019-12-02,8567.99,9.055788444993384,-0.011312996885552096
2019-12-03,8520.64,9.050246734373085,-0.0055417106202995114
2019-12-04,8566.67,9.055634371320185,0.005387636947100205
2019-12-05,8570.7,9.05610468853622,0.0004703172160347435
2019-12-06,8656.53,9.066069228417007,0.009964539880787271
2019-12-09,8621.83,9.062052638109682,-0.004016590307324819
2019-12-10,8616.18,9.061397109982906,-0.0006555281267761615
2019-12-11,8654.05,9.065782698443202,0.0043855884602965745
2019-12-12,8717.32,9.073067130215037,0.007284431771834576
2019-12-13,8734.88,9.0750794846375,0.0020123544224635026
2019-12-16,8814.23,9.08412273991057,0.009043255273070372
2019-12-17,8823.36,9.085158028837855,0.0010352889272837729
2019-12-18,8827.73,9.08565318240506,0.0004951535672059748
2019-12-19,8887.22,9.092369568692561,0.0067163862875005975
2019-12-20,8924.96,9.096607124845079,0.004237556152517641
2019-12-23,8945.65,9.098922659596772,0.0023155347516929936
2019-12-24,8952.88,9.099730547215838,0.0008078876190662498
2019-12-26,9022.39,9.10746454469976,0.007733997483921229
2019-12-27,9006.62,9.105715141485506,-0.00174940321425332
2019-12-30,8945.99,9.098960666174149,-0.006754475311357311
2019-12-31,8972.6,9.10193076812544,0.0029701019512913263
2020-01-02,9092.19,9.115171082246386,0.01324031412094584
2020-01-03,9020.77,9.107284975266872,-0.007886106979514196
2020-01-06,9071.46,9.112888500386397,0.005603525119525443
2020-01-07,9068.58,9.11257097076417,-0.0003175296222277524
2020-01-08,9129.24,9.119237728065055,0.0066667573008860614
2020-01-09,9203.43,9.127331519641713,0.008093791576657239
2020-01-10,9178.86,9.124658292896653,-0.0026732267450597647
2020-01-13,9273.93,9.13496251693931,0.01030422404265785
2020-01-14,9251.33,9.132522603954357,-0.0024399129849541623
2020-01-15,9258.7,9.133318929015902,0.0007963250615450335
2020-01-16,9357.13,9.143893898521284,0.010574969505382725
2020-01-17,9388.94,9.147287679781211,0.0033937812599269535
2020-01-21,9370.81,9.145354817600808,-0.0019328621804035606
2020-01-22,9383.77,9.14673688022902,0.0013820626282115
2020-01-23,9402.48,9.148728763248371,0.0019918830193521586
2020-01-24,9314.91,9.139371621153265,-0.009357142095106852
2020-01-27,9139.31,9.12034016925715,-0.019031451896115215
2020-01-28,9269.68,9.134504138007223,0.014163968750073863
2020-01-29,9275.16,9.135095138000699,0.0005909999934754495
2020-01-30,9298.93,9.137654618758715,0.0025594807580162637
2020-01-31,9150.94,9.12161188523341,-0.016042733525305053
2020-02-03,9273.4,9.134905365856092,0.013293480622682097
2020-02-04,9467.97,9.155669802061047,0.020764436204954606
2020-02-05,9508.68,9.15996034464382,0.004290542582772616
2020-02-06,9572.15,9.166613119611705,0.006652774967886188
2020-02-07,9520.51,9.161203697779085,-0.005409421832620609
2020-02-10,9628.39,9.172471304937588,0.011267607158503168
2020-02-11,9638.94,9.173566423052488,0.001095118114900373
2020-02-12,9725.96,9.182553878267633,0.00898745521514499
2020-02-13,9711.97,9.1811144243324,-0.0014394539352338143
2020-02-14,9731.18,9.18309044223595,0.0019760179035497316
2020-02-18,9732.74,9.183250738826084,0.0001602965901348341
2020-02-19,9817.18,9.191889191064817,0.008638452238733052
2020-02-20,9750.96,9.185121020683335,-0.0067681703814823635
2020-02-21,9576.59,9.167076857704089,-0.018044162979245826
2020-02-24,9221.28,9.129269135548242,-0.037807722155847046
2020-02-25,8965.61,9.101151426111516,-0.0281177094367262
2020-02-26,8980.77,9.102840903722708,0.0016894776111922027
2020-02-27,8566.48,9.05561219209453,-0.04722871162817732
2020-02-28,8567.37,9.0557160800124,0.00010388791787008245
2020-03-02,8952.16,9.099650122933022,0.04393404292062186
2020-03-03,8684.09,9.069247894832086,-0.030402228100935957
2020-03-04,9018.09,9.106987838971149,0.03773994413906223
2020-03-05,8738.6,9.075505272752542,-0.03148256621860668
2020-03-06,8575.62,9.056678572627387,-0.01882670012515497
2020-03-09,7950.68,8.981012738581699,-0.07566583404568838
2020-03-10,8344.25,9.029327957880856,0.048315219299157164
2020-03-11,7952.05,8.981185036043,-0.04814292183785618
2020-03-12,7201.8,8.882086273759354,-0.09909876228364567
2020-03-13,7874.88,8.971433225482494,0.08934695172314022
2020-03-16,6904.59,8.83994168681764,-0.13149153866485364
2020-03-17,7334.78,8.90038269694391,0.06044101012626868
2020-03-18,6989.84,8.852212945123247,-0.0481697518206623
2020-03-19,7150.58,8.874948751279213,0.022735806155965932
2020-03-20,6879.52,8.836304161051668,-0.03864459022754474
2020-03-23,6860.67,8.833560383589242,-0.0027437774624257116
2020-03-24,7417.86,8.911645884859846,0.07808550127060343
2020-03-25,7384.3,8.907111403743077,-0.004534481116769129
2020-03-26,7797.54,8.961563578318112,0.05445217457503482
2020-03-27,7502.38,8.922975582518163,-0.03858799579994887
2020-03-30,7774.15,8.958559406312204,0.03558382379404179
2020-03-31,7700.1,8.948988594770432,-0.009570811541772528
2020-04-01,7360.58,8.903894012965848,-0.04509458180458381
2020-04-02,7487.31,8.920964866475694,0.017070853509846273
2020-04-03,7373.08,8.905590808330894,-0.015374058144800529
2020-04-06,7913.24,8.976292584986231,0.07070177665533706
2020-04-07,7887.26,8.973004078494297,-0.003288506491934129
2020-04-08,8090.9,8.998495252319769,0.025491173825471947
2020-04-09,8153.58,9.006212373590488,0.007717121270719218
2020-04-13,8192.42,9.010964615496302,0.004752241905814358
2020-04-14,8515.74,9.049671494781679,0.03870687928537642
2020-04-15,8393.18,9.03517475029632,-0.014496744485358093
2020-04-16,8532.36,9.051621272793923,0.0164465224976027
2020-04-17,8650.14,9.065330784766047,0.013709511972123778
2020-04-20,8560.73,9.054940745873456,-0.010390038892591491
2020-04-21,8263.23,9.019570831240582,-0.035369914632873645
2020-04-22,8495.38,9.047277765300986,0.027706934060404365
2020-04-23,8494.75,9.047203604597062,-7.416070392451957e-05
2020-04-24,8634.52,9.063523401311347,0.016319796714284962
2020-04-27,8730.16,9.074538976271656,0.011015574960309138
2020-04-28,8607.73,9.060415915738634,-0.014123060533021814
2020-04-29,8914.71,9.09545800032339,0.035042084584755884
2020-04-30,8889.55,9.092631708554116,-0.0028262917692742917
2020-05-01,8604.95,9.060092898053512,-0.03253881050060414
2020-05-04,8710.71,9.072308582023766,0.012215683970254076
2020-05-05,8809.12,9.083542827448616,0.011234245424850187
2020-05-06,8854.39,9.088668660209967,0.005125832761351035
2020-05-07,8979.66,9.102717298664098,0.01404863845413118
2020-05-08,9121.32,9.118369809437116,0.01565251077301788
2020-05-11,9192.34,9.126125807530341,0.007755998093225358
2020-05-12,9002.55,9.10526314952038,-0.020862658009960455
2020-05-13,8863.17,9.089659767418715,-0.015603382101666341
2020-05-14,8943.72,9.098706889001441,0.009047121582726803
2020-05-15,9014.56,9.106596326903308,0.007889437901866359
2020-05-18,9234.83,9.130737484234345,0.024141157331037277
2020-05-19,9185.1,9.125337884906235,-0.005399599328109517
2020-05-20,9375.78,9.145885047377684,0.020547162471448388
2020-05-21,9284.88,9.136142549632208,-0.009742497745476086
2020-05-22,9324.59,9.140410275716985,0.004267726084776768
2020-05-26,9340.22,9.142085085549338,0.0016748098323535743
2020-05-27,9412.36,9.149778998159551,0.007693912610212905
2020-05-28,9368.99,9.145160578600848,-0.004618419558703124
2020-05-29,9489.87,9.157980192880009,0.012819614279161229
2020-06-01,9552.05,9.164511070124545,0.006530877244536271
2020-06-02,9608.37,9.170389872593699,0.005878802469153399
2020-06-03,9682.91,9.178117754928245,0.00772788233454591
2020-06-04,9615.81,9.171163897844341,-0.006953857083903614
2020-06-05,9814.08,9.191573368236758,0.02040947039241736
2020-06-08,9924.74,9.202785908738706,0.011212540501947643
2020-06-09,9953.75,9.205704643571655,0.0029187348329493545
2020-06-10,10020.35,9.212373304168533,0.006668660596877984
2020-06-11,9492.73,9.158281521467416,-0.05409178270111781
2020-06-12,9588.81,9.16835207258674,0.010070551119325089
2020-06-15,9726.02,9.182560047305438,0.014207974718697614
2020-06-16,9895.87,9.199872777365181,0.017312730059742876
2020-06-17,9910.53,9.201353107225946,0.0014803298607652948
2020-06-18,9943.05,9.20462909363081,0.0032759864048639287
2020-06-19,9946.12,9.20493780435372,0.000308710722910277
2020-06-22,10056.47,9.215971487443596,0.011033683089875623
2020-06-23,10131.37,9.223391829954247,0.007420342510650713
2020-06-24,9909.17,9.201215870032433,-0.02217595992181387
2020-06-25,10017.0,9.212038928611765,0.010823058579331857
2020-06-26,9757.22,9.185762802768068,-0.02627612584369743
2020-06-29,9874.15,9.197675510115209,0.011912707347141449
2020-06-30,10058.77,9.216200169776995,0.018524659661785847
2020-07-01,10154.63,9.225685038097135,0.009484868320139839
2020-07-02,10207.63,9.230890758846162,0.00520572074902681
2020-07-06,10433.65,9.252791438837239,0.021900679991077254
2020-07-07,10343.89,9.244151286211082,-0.008640152626156805
2020-07-08,10492.5,9.258415995207747,0.014264708996664766
2020-07-09,10547.75,9.263667846016721,0.005251850808974723
2020-07-10,10617.44,9.270253211123661,0.0065853651069396335
2020-07-13,10390.84,9.248679927793571,-0.02157328333009012
2020-07-14,10488.58,9.258042325211196,0.009362397417625345
2020-07-15,10550.49,9.263927583323284,0.005885258112087399
2020-07-16,10473.83,9.256635044041301,-0.007292539281982258
2020-07-17,10503.19,9.259434299528657,0.0027992554873552677
2020-07-20,10767.09,9.28424953865512,0.024815239126462885
2020-07-21,10680.36,9.276161819811257,-0.00808771884386239
2020-07-22,10706.13,9.27857175360331,0.0024099337920535646
2020-07-23,10461.42,9.25544948366313,-0.023122269940181184
2020-07-24,10363.18,9.24601441852097,-0.00943506514215997
2020-07-27,10536.27,9.262578869518457,0.016564450997487157
2020-07-28,10402.09,9.24976202647786,-0.012816843040596382
2020-07-29,10542.94,9.263211720580959,0.013449694103098153
2020-07-30,10587.81,9.267458618342763,0.004246897761804647
2020-07-31,10745.27,9.282220936727406,0.01476231838464237
2020-08-03,10902.8,9.296774915962974,0.014553979235568448
2020-08-04,10941.17,9.300288017241098,0.0035131012781235427
2020-08-05,10998.4,9.305505086655515,0.005217069414417352
2020-08-06,11108.07,9.315427150171327,0.009922063515812596
2020-08-07,11010.98,9.306648235746488,-0.008778914424839357
2020-08-10,10968.36,9.302770043460606,-0.0038781922858817097
2020-08-11,10782.82,9.285709405800148,-0.01706063766045851
2020-08-12,11012.24,9.306762660431106,0.021053254630958307
2020-08-13,11042.5,9.309506743470681,0.0027440830395750737
2020-08-14,11019.3,9.307403559818226,-0.0021031836524549874
2020-08-17,11129.73,9.317375185215234,0.009971625397007244
2020-08-18,11210.84,9.324636446354312,0.007261261139078101
2020-08-19,11146.46,9.318877237688792,-0.005759208665519822
2020-08-20,11264.95,9.329451414330086,0.010574176641293676
2020-08-21,11311.8,9.333601707640593,0.004150293310507536
2020-08-24,11379.72,9.339588102808204,0.005986395167610681
2020-08-25,11466.47,9.347182403383506,0.007594300575302526
2020-08-26,11665.06,9.364353328034245,0.01717092465073833
2020-08-27,11625.34,9.360942477339691,-0.003410850694553602
2020-08-28,11695.63,9.366970546742248,0.006028069402557179
2020-08-31,11775.46,9.373772983938979,0.006802437196730793
2020-09-01,11939.67,9.387621748373697,0.013848764434717609
2020-09-02,12056.44,9.39735423599072,0.009732487617023722
2020-09-03,11458.1,9.346452182457057,-0.050902053533663505
2020-09-04,11313.13,9.333719277065253,-0.01273290539180394
2020-09-08,10847.69,9.29170743307569,-0.04201184398956315
2020-09-09,11141.56,9.318437539583805,0.026730106508114915
2020-09-10,10919.59,9.298313702806489,-0.020123836777315773
2020-09-11,10853.55,9.292247494394068,-0.0060662084124203375
2020-09-14,11056.65,9.31078733588566,0.018539841491591602
2020-09-15,11190.32,9.322804397858658,0.012017061972997567
2020-09-16,11050.47,9.310228239978008,-0.01257615788065003
2020-09-17,10910.28,9.297460743025745,-0.012767496952262647
2020-09-18,10793.28,9.286678997229505,-0.010781745796240472
2020-09-21,10778.94,9.285349509387066,-0.0013294878424385814
2020-09-22,10963.77,9.302351479457291,0.017001970070225525
2020-09-23,10633.15,9.271731758576882,-0.030619720880409318
2020-09-24,10672.43,9.275419059697512,0.003687301120629982
2020-09-25,10913.73,9.297776908572656,0.022357848875143915
2020-09-28,11117.7,9.316293711878988,0.018516803306331653
2020-09-29,11085.42,9.313386010371882,-0.002907701507105287
2020-09-30,11167.68,9.320779171296511,0.007393160924628717
2020-10-01,11326.61,9.334910103602391,0.01413093230588025
2020-10-02,11075.11,9.312455527143921,-0.022454576458470044
2020-10-05,11332.58,9.335437042132686,0.022981514988764218
2020-10-06,11154.7,9.31961621273538,-0.015820829397306113
2020-10-07,11364.7,9.338267339105862,0.018651126370482274
2020-10-08,11421.08,9.34321604966665,0.004948710560787717
2020-10-09,11580.05,9.357039068906957,0.013823019240307488
2020-10-12,11876.36,9.382305148660993,0.025266079754036497
2020-10-13,11864.0,9.381263883817768,-0.0010412648432254201
2020-10-14,11768.83,9.373209790045662,-0.008054093772106086
2020-10-15,11713.97,9.368537425608373,-0.004672364437288579
2020-10-16,11671.66,9.364918960237567,-0.003618465370806234
2020-10-19,11478.98,9.348272815751931,-0.016646144485635617
2020-10-20,11516.49,9.351535200323216,0.0032623845712844712
2020-10-21,11484.69,9.348770123030574,-0.002765077292641749
2020-10-22,11506.01,9.35062478653463,0.001854663504055054
2020-10-23,11548.28,9.354291787111674,0.003667000577044277
2020-10-26,11358.94,9.337760378062352,-0.016531409049321155
2020-10-27,11431.35,9.344114860050611,0.006354481988259053
2020-10-28,11004.87,9.306093181078433,-0.03802167897217856
2020-10-29,11185.59,9.322381621750742,0.016288440672308724
2020-10-30,10911.59,9.297580806063566,-0.024800815687175515
2020-11-02,10957.61,9.301789471028796,0.004208664965229758
2020-11-03,11160.57,9.320142309899822,0.018352838871026123
2020-11-04,11590.78,9.357965233465325,0.03782292356550343
2020-11-05,11890.93,9.383531203615105,0.02556597014977946
2020-11-06,11895.23,9.383892758405525,0.0003615547904196603
2020-11-09,11713.78,9.368521205527486,-0.015371552878038486
2020-11-10,11553.86,9.354774859252046,-0.013746346275439691
2020-11-11,11786.43,9.37470414869636,0.01992928944431327
2020-11-12,11709.59,9.368163443169236,-0.006540705527124047
2020-11-13,11829.29,9.378333938265175,0.010170495095939813
2020-11-16,11924.13,9.386319357120282,0.00798541885510673
2020-11-17,11899.34,9.384238215376662,-0.002081141743619952
2020-11-18,11801.6,9.375990394482166,-0.008247820894496272
2020-11-19,11904.71,9.384689399111455,0.008699004629288964
2020-11-20,11854.97,9.380502467918488,-0.004186931192966981
2020-11-23,11881.17,9.382710072915806,0.002207604997318313
2020-11-24,12037.33,9.395767933472909,0.013057860557102785
2020-11-25,12094.4,9.400497814537912,0.004729881065003383
2020-11-27,12205.85,9.40967062399075,0.009172809452838493
2020-11-30,12198.74,9.409087946699213,-0.0005826772915380474
2020-12-01,12355.11,9.421825021661101,0.012737074961888695
2020-12-02,12349.37,9.421360328609211,-0.0004646930518905634
2020-12-03,12377.18,9.423609733538417,0.0022494049292056673
2020-12-04,12464.23,9.43061822108533,0.007008487546913855
2020-12-07,12519.95,9.43507865103589,0.004460429950560396
2020-12-08,12582.77,9.440083696795014,0.0050050457591233055
2020-12-09,12338.95,9.420516204698087,-0.019567492096927097
2020-12-10,12405.81,9.425920190245705,0.0054039855476180065
2020-12-11,12377.87,9.423665479739713,-0.0022547105059924633
2020-12-14,12440.04,9.428675581722084,0.0050101019823713955
2020-12-15,12595.06,9.441059952570521,0.012384370848437243
2020-12-16,12658.19,9.446059715492783,0.004999762922262008
2020-12-17,12764.75,9.454442744681606,0.008383029188822277
2020-12-18,12755.64,9.45372880571853,-0.0007139389630754778
2020-12-21,12742.52,9.452699711763682,-0.0010290939548482925
2020-12-22,12807.92,9.457819008560854,0.005119296797172268
2020-12-23,12771.11,9.454940867723595,-0.0028781408372591244
2020-12-24,12804.73,9.457569912897851,0.002629045174256106
2020-12-28,12899.42,9.464937628098667,0.007367715200816249
2020-12-29,12850.22,9.461116210799378,-0.003821417299288754
2020-12-30,12870.0,9.462654300590172,0.0015380897907935065
2020-12-31,12888.28,9.464073650257063,0.0014193496668912786
2021-01-04,12698.45,9.449235217754218,-0.014838432502845222
2021-01-05,12818.96,9.458680603939063,0.009445386184845361
2021-01-06,12740.79,9.452563936622802,-0.0061166673162613705
2021-01-07,13067.48,9.47788198007127,0.02531804344846833
2021-01-08,13201.98,9.488122097325586,0.010240117254316061
2021-01-11,13036.43,9.475503024991838,-0.012619072333748704
2021-01-12,13072.43,9.478260711295606,0.0027576863037683808
2021-01-13,13128.95,9.482574994563693,0.004314283268087138
2021-01-14,13112.64,9.481331929482637,-0.0012430650810557609
2021-01-15,12998.5,9.472589245170973,-0.008742684311664917
2021-01-19,13197.18,9.487758449387327,0.01516920421635426
2021-01-20,13457.25,9.507273273260886,0.01951482387355874
2021-01-21,13530.91,9.512731976848427,0.0054587035875410805
2021-01-22,13543.06,9.51362951797857,0.0008975411301435088
2021-01-25,13635.99,9.520467899904636,0.006838381926066006
2021-01-26,13626.06,9.519739414670463,-0.0007284852341733483
2021-01-27,13270.6,9.493306341074254,-0.026433073596209056
2021-01-28,13337.16,9.498309403251342,0.00500306217708868
2021-01-29,13070.69,9.47812759787972,-0.02018180537162273
2021-02-01,13403.39,9.503262939018303,0.025135341138582845
2021-02-02,13612.78,9.51876433635933,0.015501397341028067
2021-02-03,13610.54,9.518599771566715,-0.00016456479261606205
2021-02-04,13777.74,9.530809525311712,0.012209753744997442
2021-02-05,13856.3,9.53649528183804,0.005685756526327523
2021-02-08,13987.64,9.545929361506643,0.00943407966860299
2021-02-09,14007.7,9.547362457402832,0.0014330958961892293
2021-02-10,13972.53,9.54484853821616,-0.002513919186672098
2021-02-11,14025.77,9.548651630844624,0.003803092628464455
2021-02-12,14095.47,9.553608748150133,0.004957117305508518
2021-02-16,14047.5,9.550199722986353,-0.003409025163779944
2021-02-17,13965.5,9.54434528153354,-0.005854441452813219
2021-02-18,13865.36,9.537148922372017,-0.007196359161522281
2021-02-19,13874.47,9.537805739686867,0.0006568173148497891
2021-02-22,13533.05,9.512890120741963,-0.02491561894490424
2021-02-23,13465.2,9.50786385845882,-0.005026262283141847
2021-02-24,13597.97,9.517675795877176,0.009811937418355399
2021-02-25,13119.43,9.481849616432362,-0.0358261794448147
2021-02-26,13192.35,9.487392395118537,0.005542778686175254
2021-03-01,13588.83,9.517003410723767,0.02961101560523005
2021-03-02,13358.79,9.499929874126755,-0.01707353659701205
2021-03-03,12997.75,9.472531544541058,-0.027398329585697212
2021-03-04,12723.47,9.451203598433441,-0.02132794610761657
2021-03-05,12920.15,9.46654338717632,0.015339788742878113
2021-03-08,12609.16,9.442178812941595,-0.024364574234724046
2021-03-09,13073.82,9.478367036294511,0.03618822335291583
2021-03-10,13068.83,9.477985284631187,-0.00038175166332443666
2021-03-11,13398.67,9.502910727281682,0.024925442650495455
2021-03-12,13319.86,9.497011433528634,-0.005899293753047985
2021-03-15,13459.71,9.50745605764715,0.010444624118516543
2021-03-16,13471.57,9.50833681792046,0.0008807602733096331
2021-03-17,13525.2,9.512309891036033,0.00397307311557249
2021-03-18,13116.17,9.481601099149222,-0.03070879188681097
2021-03-19,13215.24,9.489125988053955,0.007524888904733018
2021-03-22,13377.54,9.501332460276299,0.012206472222343834
2021-03-23,13227.7,9.490068394679101,-0.011264065597197614
2021-03-24,12961.89,9.469768792606953,-0.020299602072148204
2021-03-25,12977.68,9.470986237765086,0.0012174451581330459
2021-03-26,13138.72,9.483318874812724,0.012332637047638428
2021-03-29,13059.65,9.47728260308387,-0.006036271728854459
2021-03-30,13045.39,9.47619009363601,-0.0010925094478597686
2021-03-31,13246.87,9.49151657709342,0.015326483457409168
2021-04-01,13480.11,9.508970544670392,0.01745396757697293
2021-04-05,13705.59,9.525559057792021,0.016588513121629234
2021-04-06,13698.38,9.525032856649167,-0.0005262011428541769
2021-04-07,13688.84,9.524336181310389,-0.0006966753387782632
2021-04-08,13829.31,9.53454553187405,0.010209350563661346
2021-04-09,13900.19,9.53965778809011,0.0051122562160603735
2021-04-12,13850.0,9.536040511615484,-0.0036172764746265074
2021-04-13,13996.1,9.546533998360596,0.01049348674511208
2021-04-14,13857.84,9.536606416443087,-0.009927581917509087
2021-04-15,14038.76,9.549577354591122,0.01297093814803496
2021-04-16,14052.34,9.55054420893701,0.0009668543458882795
2021-04-19,13914.77,9.540706144897767,-0.009838064039243477
2021-04-20,13786.27,9.531428448340131,-0.00927769655763555
2021-04-21,13950.22,9.543250557734476,0.011822109394344693
2021-04-22,13818.41,9.533757040051597,-0.00949351768287876
2021-04-23,14016.81,9.548012602602222,0.0142555625506251
2021-04-26,14138.78,9.556676655671648,0.008664053069425748
2021-04-27,14090.22,9.553236218681405,-0.003440436990242546
2021-04-28,14051.03,9.550450981683415,-0.0027852369979903813
2021-04-29,14082.55,9.552691721268513,0.0022407395850976286
2021-04-30,13962.68,9.544143334968487,-0.008548386300025967
2021-05-03,13895.12,9.539292978339384,-0.0048503566291024924
2021-05-04,13633.5,9.520285278226934,-0.01900770011245001
2021-05-05,13582.42,9.516531588476434,-0.0037536897504999445
2021-05-06,13632.84,9.52023686688899,0.0037052784125553018
2021-05-07,13752.24,9.528956998917382,0.008720132028392058
2021-05-10,13401.86,9.503148782276496,-0.025808216640886172
2021-05-11,13389.43,9.502220868697725,-0.000927913578770756
2021-05-12,13031.68,9.475138595038722,-0.027082273659003064
2021-05-13,13124.99,9.482273325554772,0.00713473051605007
2021-05-14,13429.98,9.505244800312898,0.02297147475812622
2021-05-17,13379.05,9.501445329666726,-0.0037994706461716987
2021-05-18,13303.64,9.49579296097568,-0.005652368691047016
2021-05-19,13299.74,9.495499765146583,-0.00029319582909614894
2021-05-20,13535.74,9.513088873623703,0.017589108477119808
2021-05-21,13470.99,9.508293763362905,-0.004795110260797486
2021-05-24,13661.17,9.522312780994232,0.014019017631326847
2021-05-25,13657.17,9.522019937429903,-0.00029284356432945913
2021-05-26,13738.0,9.527920994773828,0.005901057343924876
2021-05-27,13736.28,9.527795786760933,-0.00012520801289461758
2021-05-28,13748.74,9.528702462532213,0.0009066757712794526
2021-06-01,13736.48,9.527810346637699,-0.0008921158945138785
2021-06-02,13756.33,9.529254360796253,0.0014440141585545518
2021-06-03,13614.51,9.51889141474299,-0.010362946053263045
2021-06-04,13814.49,9.533473320280867,0.014581905537877304
2021-06-07,13881.72,9.53832814569179,0.004854825410921748
2021-06-08,13924.91,9.541434601578906,0.003106455887117221
2021-06-09,13911.75,9.540489085774897,-0.0009455158040090339
2021-06-10,14020.33,9.54826369811471,0.007774612339812137
2021-06-11,14069.42,9.551758926799632,0.00349522868492258
2021-06-14,14174.14,9.559174456561438,0.007415529761805928
2021-06-15,14072.86,9.552003398819464,-0.0071710577419743515
2021-06-16,14039.68,9.549642885297269,-0.002360513522194907
2021-06-17,14161.35,9.558271701686289,0.008628816389020244
2021-06-18,14030.38,9.548980257547965,-0.009291444138323612
2021-06-21,14141.48,9.55686760158291,0.007887344034944732
2021-06-22,14253.27,9.564741633055949,0.007874031473038556
2021-06-23,14271.73,9.566035936479405,0.0012943034234567108
2021-06-24,14369.71,9.572877797936934,0.006841861457528964
2021-06-25,14360.39,9.572229001007795,-0.0006487969291395501
2021-06-28,14500.51,9.581939100203924,0.009710099196128752
2021-06-29,14528.33,9.583855815340808,0.001916715136884406
2021-06-30,14503.95,9.58217630510387,-0.001679510236938242
2021-07-01,14522.38,9.583446186792438,0.0012698816885681197
2021-07-02,14639.33,9.59146702144073,0.008020834648291952
2021-07-06,14663.64,9.59312623930002,0.0016592178592897966
2021-07-07,14665.06,9.593223072777201,9.683347718159041e-05
2021-07-08,14559.78,9.586018211746412,-0.007204861030789544
2021-07-09,14701.92,9.59573337648269,0.00971516473627787
2021-07-12,14733.24,9.597861444535985,0.002128068053295351
2021-07-13,14677.65,9.594081207610188,-0.003780236925797098
2021-07-14,14644.95,9.591850845121488,-0.0022303624886994555
2021-07-15,14543.13,9.584873996146214,-0.006976848975273953
2021-07-16,14427.24,9.576873365282555,-0.008000630863659097
2021-07-19,14274.98,9.566263633472442,-0.010609731810113487
2021-07-20,14498.88,9.581826684046087,0.015563050573645043
2021-07-21,14631.95,9.590962772897011,0.00913608885092465
2021-07-22,14684.6,9.594554604582816,0.0035918316858047916
2021-07-23,14836.99,9.604878665959868,0.010324061377051663
2021-07-26,14840.71,9.605129359242667,0.00025069328279947456
2021-07-27,14660.58,9.592917538095957,-0.012211821146710378
2021-07-28,14762.58,9.59985087962726,0.006933341531302872
2021-07-29,14778.26,9.60091246091422,0.0010615812869598784
2021-07-30,14672.68,9.593742540205255,-0.0071699207089643835
2021-08-02,14681.07,9.594314187795664,0.0005716475904087304
2021-08-03,14761.29,9.599763492709432,0.005449304913767605
2021-08-04,14780.53,9.601066053128548,0.0013025604191163609
2021-08-05,14895.12,9.608788921509694,0.0077228683811458865
2021-08-06,14835.76,9.604795761611554,-0.003993159898140419
2021-08-09,14860.18,9.606440431253569,0.0016446696420153728
2021-08-10,14788.09,9.601577406053691,-0.004863025199878024
2021-08-11,14765.14,9.600024276015901,-0.001553130037789785
2021-08-12,14816.26,9.603480505328099,0.0034562293121975785
2021-08-13,14822.9,9.603928561218419,0.00044805589032037574
2021-08-16,14793.76,9.601960749223197,-0.00196781199522178
2021-08-17,14656.18,9.592617368497882,-0.009343380725315598
2021-08-18,14525.91,9.583689230360054,-0.008928138137827446
2021-08-19,14541.79,9.58478185217601,0.0010926218159550416
2021-08-20,14714.66,9.59659955472615,0.011817702550141362
2021-08-23,14942.65,9.611974819128868,0.015375264402717193
2021-08-24,15019.8,9.617124609650245,0.00514979052137754
2021-08-25,15041.86,9.618592260070066,0.0014676504198209983
2021-08-26,14945.81,9.612186271978011,-0.006405988092055281
2021-08-27,15129.5,9.624401759309704,0.012215487331692643
2021-08-30,15265.89,9.633376206777628,0.008974447467924307
2021-08-31,15259.24,9.632940500190616,-0.0004357065870124188
2021-09-01,15309.38,9.636220991424151,0.0032804912335357983
2021-09-02,15331.18,9.637643942158626,0.001422950734474071
2021-09-03,15363.52,9.63975114711366,0.0021072049550348027
2021-09-07,15374.33,9.64045451448943,0.0007033673757703696
2021-09-08,15286.64,9.634734523302665,-0.005719991186765583
2021-09-09,15248.25,9.632220021352442,-0.0025145019502232913
2021-09-10,15115.49,9.62347532481579,-0.008744696536652441
2021-09-13,15105.58,9.622819490965089,-0.0006558338507005601
2021-09-14,15037.76,9.618319650241526,-0.004499840723562798
2021-09-15,15161.53,9.62651657758678,0.008196927345254679
2021-09-16,15181.92,9.62786052516486,0.0013439475780785415
2021-09-17,15043.97,9.618732525437746,-0.009127999727112979
2021-09-20,14713.9,9.596547904220644,-0.022184621217101963
2021-09-21,14746.4,9.598754264181963,0.0022063599613186824
2021-09-22,14896.85,9.60890506018746,0.010150796005497398
2021-09-23,15052.24,9.619282096311165,0.010377036123704997
2021-09-24,15047.7,9.61898043457799,-0.00030166173317525136
2021-09-27,14969.97,9.61380147340365,-0.0051789611743409125
2021-09-28,14546.68,9.58511806786876,-0.02868340553488835
2021-09-29,14512.44,9.582761491630675,-0.002356576238085495
2021-09-30,14448.58,9.578351418815583,-0.004410072815092647
2021-10-01,14566.7,9.586493380742473,0.008141961926890318
2021-10-04,14255.48,9.56489667317552,-0.0215967075669532
2021-10-05,14433.83,9.577330035815875,0.012433362640354773
2021-10-06,14501.91,9.582035643871734,0.0047056080558594005
2021-10-07,14654.02,9.592469979534046,0.010434335662312222
2021-10-08,14579.54,9.587374454996349,-0.005095524537697571
2021-10-11,14486.2,9.580951751093762,-0.006422703902586591
2021-10-12,14465.92,9.579550817185169,-0.0014009339085934158
2021-10-13,14571.64,9.58683245290975,0.007281635724581292
2021-10-14,14823.43,9.60396431606565,0.01713186315589965
2021-10-15,14897.34,9.608937952506402,0.004973636440752216
2021-10-18,15021.81,9.617258424049872,0.008320471543470376
2021-10-19,15129.09,9.624374659567117,0.007116235517244718
2021-10-20,15121.68,9.623884754672252,-0.0004899048948647788
2021-10-21,15215.7,9.63008306850248,0.006198313830227065
2021-10-22,15090.2,9.621800805484535,-0.008282263017944658
2021-10-25,15226.71,9.630806401542145,0.009005596057610532
2021-10-26,15235.71,9.631397293550192,0.0005908920080468505
2021-10-27,15235.84,9.631405826099405,8.532549212958429e-06
2021-10-28,15448.12,9.645242592074037,0.01383676597463257
2021-10-29,15498.39,9.648491426544634,0.003248834470596762
2021-11-01,15595.92,9.654764620568942,0.0062731940243079265
2021-11-02,15649.6,9.658200636536229,0.0034360159672868207
2021-11-03,15811.58,9.668497861959066,0.010297225422837286
2021-11-04,15940.31,9.676606400084834,0.00810853812576795
2021-11-05,15971.59,9.67856679793127,0.0019603978464353133
2021-11-08,15982.36,9.679240893021726,0.0006740950904564613
2021-11-09,15886.54,9.67322748880974,-0.006013404211985929
2021-11-10,15622.71,9.656480903863637,-0.016746584946103482
2021-11-11,15704.28,9.661688565649614,0.005207661785977535
2021-11-12,15860.96,9.671616022991294,0.009927457341680324
2021-11-15,15853.85,9.671167652017663,-0.00044837097363092937
2021-11-16,15973.86,9.678708915197035,0.007541263179371427
2021-11-17,15921.57,9.675430072626382,-0.00327884257065314
2021-11-18,15993.71,9.679950798928028,0.004520726301645794
2021-11-19,16057.44,9.683927572553271,0.003976773625243624
2021-11-22,15854.76,9.67122504967718,-0.012702522876091749
2021-11-23,15775.14,9.666190562171934,-0.0050344875052452664
2021-11-24,15845.23,9.67062378763974,0.004433225467805002
2021-11-26,15491.66,9.648057093582551,-0.02256669405718803
2021-11-29,15782.83,9.666677919258097,0.018620825675546016
2021-11-30,15537.69,9.651023964223684,-0.015653955034412803
2021-12-01,15254.05,9.632600320547578,-0.018423643676106494
2021-12-02,15381.32,9.640909065124541,0.008308744576963178
2021-12-03,15085.47,9.621487307886056,-0.019421757238484716
2021-12-06,15225.15,9.630703944746314,0.00921663686025731
2021-12-07,15686.92,9.6605825230791,0.029878578332786176
2021-12-08,15786.99,9.666941462098956,0.00635893901985618
2021-12-09,15517.37,9.649715320614565,-0.017226141484391277
2021-12-10,15630.6,9.656985810394664,0.007270489780099254
2021-12-13,15413.28,9.64298475446455,-0.014001055930114248
2021-12-14,15237.64,9.63152396160622,-0.011460792858329683
2021-12-15,15565.58,9.652817345271723,0.02129338366550293
2021-12-16,15180.43,9.627762377294145,-0.025054967977578002
2021-12-17,15169.68,9.627053977855095,-0.0007083994390502113
2021-12-20,14980.94,9.61453400543627,-0.012519972418825631
2021-12-21,15341.09,9.638290128459467,0.023756123023197517
2021-12-22,15521.89,9.650006564673344,0.011716436213877301
2021-12-23,15653.37,9.658441508250204,0.008434943576860476
2021-12-27,15871.26,9.672265205453899,0.013823697203694252
2021-12-28,15781.72,9.666607587192507,-0.0056576182613916615
2021-12-29,15766.22,9.665624955600892,-0.0009826315916150463
2021-12-30,15741.56,9.664059627606647,-0.0015653279942444698
2021-12-31,15644.97,9.657904738555603,-0.006154889051044776
2022-01-03,15832.8,9.669839016576772,0.011934278021168865
2022-01-04,15622.72,9.656481543957243,-0.013357472619528465
2022-01-05,15100.17,9.622461281017788,-0.03402026293945504
2022-01-06,15080.86,9.621181669113565,-0.0012796119042235432
2022-01-07,14935.9,9.61152298996615,-0.009658679147413807
2022-01-10,14942.83,9.611986865112401,0.00046387514625045867
2022-01-11,15153.45,9.625983507784898,0.013996642672497117
2022-01-12,15188.39,9.62828659918899,0.0023030914040909067
2022-01-13,14806.81,9.602842489057632,-0.025444110131356723
2022-01-14,14893.75,9.608696940847052,0.005854451789419457
2022-01-18,14506.9,9.582379677291183,-0.026317263555869275
2022-01-19,14340.26,9.570826245091059,-0.011553432200123837
2022-01-20,14154.02,9.55775396166285,-0.013072283428208209
2022-01-21,13768.92,9.530169157274251,-0.027584804388599338
2022-01-24,13855.13,9.536410840147322,0.0062416828730711416
2022-01-25,13539.29,9.513351107868344,-0.02305973227897873
2022-01-26,13542.12,9.513560107326667,0.00020899945832297817
2022-01-27,13352.78,9.499479881849894,-0.014080225476773123
2022-01-28,13770.57,9.53028898520149,0.030809103351597145
2022-01-31,14239.88,9.563801757964168,0.033512772762676946
2022-02-01,14346.0,9.571226436686379,0.007424678722211198
2022-02-02,14417.55,9.576201493491183,0.0049750568048043675
2022-02-03,13878.82,9.538119216037645,-0.03808227745353854
2022-02-04,14098.01,9.55378893165404,0.015669715616395408
2022-02-07,14015.67,9.547931268378449,-0.0058576632755915625
2022-02-08,14194.45,9.560606322119087,0.012675053740638376
2022-02-09,14490.37,9.58123956984034,0.02063324772125341
2022-02-10,14185.64,9.559985464307642,-0.02125410553269802
2022-02-11,13791.15,9.531782361073878,-0.028203103233764182
2022-02-14,13790.92,9.531765683572878,-1.6677500999762174e-05
2022-02-15,14139.76,9.556745966180635,0.024980282607756976
2022-02-16,14124.09,9.555637129160516,-0.0011088370201193243
2022-02-17,13716.72,9.526370805643399,-0.029266323517116888
2022-02-18,13548.07,9.513999380738605,-0.012371424904793926
2022-02-22,13381.52,9.501629929621586,-0.012369451117018926
2022-02-23,13037.49,9.475584332290516,-0.026045597331069814
2022-02-24,13473.59,9.508486752083314,0.03290241979279784
2022-02-25,13694.62,9.524758333959165,0.016271581875850316
2022-02-28,13751.4,9.528895916093417,0.004137582134251971
2022-03-01,13532.46,9.51284652281973,-0.016049393273686263
2022-03-02,13752.02,9.528941001395543,0.016094478575812587
2022-03-03,13537.94,9.51325139308946,-0.015689608306082903
2022-03-04,13313.44,9.496529330287627,-0.01672206280183275
2022-03-07,12830.96,9.459616279440233,-0.03691305084739405
2022-03-08,12795.55,9.456852733211264,-0.00276354622896946
2022-03-09,13255.55,9.492171611638216,0.03531887842695269
2022-03-10,13129.96,9.482651920833709,-0.009519690804507874
2022-03-11,12843.81,9.46061726220058,-0.022034658633128146
2022-03-14,12581.22,9.439960504884514,-0.020656757316066532
2022-03-15,12948.62,9.468744497742804,0.028783992858290475
2022-03-16,13436.55,9.5057338846964,0.03698938695359644
2022-03-17,13614.78,9.518911246328758,0.013177361632356721
2022-03-18,13893.84,9.539200855424319,0.020289609095561545
2022-03-21,13838.46,9.535206951304207,-0.00399390412011158
2022-03-22,14108.82,9.554555412717615,0.019348461413407847
2022-03-23,13922.6,9.541268698056093,-0.01328671466152187
2022-03-24,14191.84,9.56042243052865,0.019153732472556584
2022-03-25,14169.3,9.558832931323355,-0.001589499205294942
2022-03-28,14354.9,9.571846626317038,0.01301369499368299
2022-03-29,14619.64,9.59012110919759,0.018274482880551446
2022-03-30,14442.27,9.57791460230791,-0.012206506889679503
2022-03-31,14220.52,9.562441270902415,-0.015473331405495117
2022-04-01,14261.5,9.56531887777709,0.002877606874674754
2022-04-04,14532.55,9.584146240133839,0.018827362356748978
2022-04-05,14204.17,9.561290862450946,-0.022855377682892808
2022-04-06,13888.82,9.538839478935918,-0.022451383515027956
2022-04-07,13897.3,9.53944985564654,0.0006103767106218072
2022-04-08,13711.0,9.525953709356655,-0.013496146289885047
2022-04-11,13411.96,9.503902125177854,-0.02205158417880071
2022-04-12,13371.57,9.500886090277511,-0.0030160349003427456
2022-04-13,13643.59,9.521025093248275,0.020139002970763542
2022-04-14,13351.08,9.499352559432662,-0.021672533815612738
2022-04-18,13332.36,9.497949441763334,-0.0014031176693283243
2022-04-19,13619.66,9.519269616102635,0.021320174339301445
2022-04-20,13453.07,9.506962611772385,-0.012307004330249782
2022-04-21,13174.65,9.4860498075918,-0.020912804180586164
2022-04-22,12839.29,9.460265279764918,-0.025784527826880677
2022-04-25,13004.85,9.47307764379086,0.012812364025942102
2022-04-26,12490.74,9.432742848762484,-0.040334795028377
2022-04-27,12488.93,9.432597930915037,-0.00014491784744663505
2022-04-28,12871.53,9.462773174643253,0.030175243728216117
2022-04-29,12334.64,9.420166843292323,-0.04260633135092995
2022-05-02,12536.02,9.436361379439816,0.01619453614749311
2022-05-03,12563.76,9.438571758279336,0.002210378839519578
2022-05-04,12964.86,9.46999789961134,0.03142614133200361
2022-05-05,12317.69,9.418791719507189,-0.05120618010415079
2022-05-06,12144.66,9.40464484598471,-0.014146873522479453
2022-05-09,11623.25,9.360762681489222,-0.04388216449548743
2022-05-10,11737.67,9.370558606904712,0.009795925415490458
2022-05-11,11364.24,9.33822686207525,-0.03233174482946133
2022-05-12,11370.96,9.338818015898019,0.0005911538227678648
2022-05-13,11805.0,9.376278449519614,0.0374604336215949
2022-05-16,11662.79,9.364158710870024,-0.012119738649589706
2022-05-17,11984.52,9.391371096003882,0.02721238513385771
2022-05-18,11418.15,9.342959473589778,-0.048411622414104016
2022-05-19,11388.5,9.340359353299917,-0.0026001202898608966
2022-05-20,11354.62,9.33737998854595,-0.0029793647539673174
2022-05-23,11535.27,9.35316457735602,0.015784588810070943
2022-05-24,11264.45,9.329407027883923,-0.02375754947209785
2022-05-25,11434.74,9.344411368988068,0.015004341104145169
2022-05-26,11740.65,9.370812458118598,0.02640108913053041
2022-05-27,12131.13,9.40353015506005,0.03271769694145199
2022-05-31,12081.39,9.399421531094362,-0.0041086239656884516
2022-06-01,11994.46,9.392200155502604,-0.007221375591758061
2022-06-02,12316.9,9.418727582048414,0.026527426545809973
2022-06-03,12012.73,9.393722199817416,-0.025005382230997242
2022-06-06,12061.37,9.397763062502635,0.004040862685219082
2022-06-07,12175.23,9.407158838942786,0.009395776440150883
2022-06-08,12086.27,9.399825376569375,-0.007333462373411592
2022-06-09,11754.23,9.371968454787853,-0.027856921781522104
2022-06-10,11340.02,9.336093340948619,-0.03587511383923392
2022-06-13,10809.23,9.288155677753977,-0.047937663194641544
2022-06-14,10828.35,9.289922973817262,0.0017672960632850732
2022-06-15,11099.15,9.314623807791714,0.02470083397445144
2022-06-16,10646.1,9.27294890688791,-0.04167490090380355
2022-06-17,10798.35,9.28714862366282,0.014199716774909277
2022-06-21,11069.3,9.311930789737659,0.024782166074839296
2022-06-22,11053.08,9.310464401138738,-0.001466388598920787
2022-06-23,11232.19,9.326539042076936,0.016074640938198215
2022-06-24,11607.62,9.35941705798408,0.03287801590714423
2022-06-27,11524.55,9.352234821549406,-0.007182236434674749
2022-06-28,11181.54,9.32201948319794,-0.03021533835146606
2022-06-29,11177.89,9.32169299902259,-0.0003264841753498615
2022-06-30,11028.74,9.308259871814833,-0.013433127207756357
2022-07-01,11127.85,9.317206254001286,0.00894638218645305
2022-07-05,11322.24,9.334524212040193,0.017317958038907122
2022-07-06,11361.85,9.338016531128853,0.0034923190886591016
2022-07-07,11621.35,9.360599202659365,0.022582671530512854
2022-07-08,11635.31,9.361799719128769,0.0012005164694031123
2022-07-11,11372.6,9.33896223254685,-0.022837486581918753
2022-07-12,11264.73,9.329431884536497,-0.009530348010352796
2022-07-13,11247.58,9.327908273381741,-0.001523611154755855
2022-07-14,11251.19,9.328229179816269,0.0003209064345277568
2022-07-15,11452.42,9.345956340362127,0.01772716054585821
2022-07-18,11360.05,9.337858093673907,-0.008098246688220456
2022-07-19,11713.15,9.368467421271491,0.030609327597584723
2022-07-20,11897.65,9.38409618060648,0.015628759334989084
2022-07-21,12059.61,9.397617131449824,0.013520950843343371
2022-07-22,11834.11,9.37874131844441,-0.018875813005413633
2022-07-25,11782.67,9.374385086871182,-0.004356231573227731
2022-07-26,11562.57,9.355528435856408,-0.018856651014774073
2022-07-27,12032.42,9.395359952495282,0.03983151663887341
2022-07-28,12162.59,9.406120126261332,0.010760173766049874
2022-07-29,12390.69,9.424700663145194,0.018580536883861853
2022-08-01,12368.98,9.422947004428112,-0.001753658717081663
2022-08-02,12348.76,9.421310932156919,-0.001636072271193001
2022-08-03,12668.16,9.446847037828217,0.02553610567129816
2022-08-04,12720.58,9.450976433338857,0.004129395510640066
2022-08-05,12657.55,9.4460091540634,-0.004967279275456704
2022-08-08,12644.46,9.444974453565862,-0.0010347004975379548
2022-08-09,12493.93,9.432998205348529,-0.011976248217333563
2022-08-10,12854.8,9.46147256143038,0.028474356081851226
2022-08-11,12779.91,9.455629685653207,-0.005842875777172907
2022-08-12,13047.19,9.47632806389444,0.02069837824123333
2022-08-15,13128.05,9.482506441415934,0.006178377521493417
2022-08-16,13102.55,9.480562146734677,-0.0019442946812571194
2022-08-17,12938.12,9.467933271564783,-0.012628875169893305
2022-08-18,12965.34,9.470034922079353,0.002101650514569897
2022-08-19,12705.22,9.44976821162166,-0.020266710457693904
2022-08-22,12381.57,9.423964355645431,-0.025803855976228363
2022-08-23,12381.3,9.423942548803169,-2.1806842262606096e-05
2022-08-24,12431.53,9.427991266229972,0.00404871742680335
2022-08-25,12639.27,9.444563912868514,0.016572646638541855
2022-08-26,12141.71,9.404401911366278,-0.040162001502235256
2022-08-29,12017.67,9.394133345705091,-0.010268565661187168
2022-08-30,11883.14,9.382875867757274,-0.011257477947816952
2022-08-31,11816.2,9.37722675026973,-0.005649117487545041
2022-09-01,11785.13,9.374593846280964,-0.002632903988764923
2022-09-02,11630.86,9.361417189468384,-0.013176656812580845
2022-09-06,11544.91,9.353999926175707,-0.007417263292676779
2022-09-07,11791.9,9.375168134067515,0.021168207891808066
2022-09-08,11862.13,9.381106251704662,0.005938117637146689
2022-09-09,12112.31,9.401977569801481,0.020871318096819635
2022-09-12,12266.41,9.414619911356962,0.012642341555480385
2022-09-13,11633.57,9.361650163155018,-0.052969748201944
2022-09-14,11719.68,9.369024759003983,0.007374595848965271
2022-09-15,11552.36,9.354645024081941,-0.014379734922041365
2022-09-16,11448.4,9.345605261226856,-0.009039762855085343
2022-09-19,11535.02,9.35314290445984,0.007537643232984337
2022-09-20,11425.05,9.343563592120445,-0.009579312339395685
2022-09-21,11220.19,9.325470112979653,-0.018093479140791402
2022-09-22,11066.81,9.311705817959826,-0.013764295019827344
2022-09-23,10867.93,9.293571529598003,-0.01813428836182318
2022-09-26,10802.92,9.2875717469392,-0.005999782658802744
2022-09-27,10829.5,9.29002917087755,0.0024574239383508
2022-09-28,11051.64,9.310334112222884,0.02030494134533356
2022-09-29,10737.51,9.28149849760756,-0.0288356146153248
2022-09-30,10575.62,9.266306631037484,-0.015191866570075874
2022-10-03,10815.43,9.288729097189925,0.0224224661524417
2022-10-04,11176.41,9.321560586019082,0.03283148882915654
2022-10-05,11148.64,9.31907279635477,-0.0024877896643111796
2022-10-06,11073.31,9.312292987332597,-0.006779809022173566
2022-10-07,10652.4,9.273540497862275,-0.038752489470322615
2022-10-10,10542.1,9.26313204323622,-0.010408454626054109
2022-10-11,10426.19,9.252076188833593,-0.011055854402627574
2022-10-12,10417.1,9.251203965631182,-0.0008722232024105381
2022-10-13,10649.15,9.273235355745834,0.022031390114651828
2022-10-14,10321.39,9.241973719888161,-0.03126163585767294
2022-10-17,10675.8,9.275734776740846,0.03376105685268449
2022-10-18,10772.4,9.284742586550642,0.009007809809796541
2022-10-19,10680.51,9.276175864183045,-0.008566722367596924
2022-10-20,10614.84,9.270008301013865,-0.006167563169180212
2022-10-21,10859.72,9.29281581046678,0.022807509452915653
2022-10-24,10952.61,9.301333063006712,0.008517252539931519
2022-10-25,11199.12,9.323590482767719,0.022257419761006147
2022-10-26,10970.99,9.303009795323137,-0.02058068744458197
2022-10-27,10792.67,9.286622478984983,-0.016387316338153823
2022-10-28,11102.45,9.314921083665912,0.02829860468092882
2022-10-31,10988.15,9.304572698377902,-0.010348385288009965
2022-11-01,10890.85,9.29567826614088,-0.008894432237021022
2022-11-02,10524.8,9.261489655994739,-0.03418861014614194
2022-11-03,10342.94,9.24405944033613,-0.01743021565860836
2022-11-04,10475.25,9.256770610853991,0.012711170517860637
2022-11-07,10564.52,9.265256495984444,0.008485885130452786
2022-11-08,10616.2,9.270136415322149,0.004879919337705374
2022-11-09,10353.17,9.245048031992548,-0.02508838332960117
2022-11-10,11114.15,9.315974350239703,0.0709263182471549
2022-11-11,11323.33,9.334620478109084,0.018646127869381246
2022-11-14,11196.22,9.323331500317243,-0.011288977791840793
2022-11-15,11358.41,9.337713717690425,0.014382217373182016
2022-11-16,11183.66,9.322209063439239,-0.015504654251186523
2022-11-17,11144.96,9.318742656760142,-0.003466406679097034
2022-11-18,11146.06,9.318841351212068,9.869445192656201e-05
2022-11-21,11024.51,9.307876254882919,-0.01096509632914966
2022-11-22,11174.41,9.321381621667408,0.013505366784489325
2022-11-23,11285.32,9.331258045074684,0.00987642340727568
2022-11-25,11226.36,9.326019863400578,-0.005238181674105391
2022-11-28,11049.5,9.31014045705336,-0.01587940634721896
2022-11-29,10983.78,9.304174918113937,-0.005965538939422643
2022-11-30,11468.0,9.34731582700326,0.04314090888932398
2022-12-01,11482.45,9.34857506173804,0.0012592347347801791
2022-12-02,11461.5,9.34674887175573,-0.0018261899823102112
2022-12-05,11239.94,9.327228785355143,-0.019520086400588
2022-12-06,11014.89,9.307003272804373,-0.020225512550769764
2022-12-07,10958.55,9.301875252479613,-0.0051280203247596745
2022-12-08,11082.0,9.313077449427295,0.011202196947682097
2022-12-09,11004.62,9.306070463605195,-0.00700698582210002
2022-12-12,11143.74,9.318633184247055,0.012562720641859926
2022-12-13,11256.81,9.328728557825581,0.010095373578526079
2022-12-14,11170.89,9.321066566597294,-0.00766199122828759
2022-12-15,10810.53,9.288275938108539,-0.03279062848875469
2022-12-16,10705.41,9.278504500150241,-0.009771437958297824
2022-12-19,10546.03,9.263504764766816,-0.014999735383424806
2022-12-20,10547.11,9.263607167728248,0.00010240296143138039
2022-12-21,10709.37,9.278874338182211,0.01526717045396353
2022-12-22,10476.12,9.25685366031572,-0.02202067786649131
2022-12-23,10497.86,9.258926705849822,0.002073045534102036
2022-12-27,10353.23,9.245053827302211,-0.013872878547610767
2022-12-28,10213.29,9.231445092357573,-0.013608734944638101
2022-12-29,10478.09,9.25704168935674,0.02559659699916672
2022-12-30,10466.48,9.255933048674295,-0.0011086406824443173
2023-01-03,10386.98,9.24830837774218,-0.007624670932115052
2023-01-04,10458.76,9.255195183746556,0.006886806004375856
2023-01-05,10305.24,9.24040778271857,-0.014787401027986036
2023-01-06,10569.29,9.265707905368838,0.025300122650268264
2023-01-09,10635.65,9.271966844713525,0.006258939344686354
2023-01-10,10742.63,9.281975217042067,0.010008372328542237
2023-01-11,10931.67,9.299419359984212,0.01744414294214458
2023-01-12,11001.1,9.30575054678084,0.00633118679662914
2023-01-13,11079.16,9.312821145153011,0.007070598372170167
2023-01-17,11095.11,9.314259749693392,0.0014386045403806946
2023-01-18,10957.01,9.301734713063551,-0.012525036629840614
2023-01-19,10852.27,9.292129553675728,-0.009605159387822582
2023-01-20,11140.43,9.318336112377262,0.02620655870153321
2023-01-23,11364.41,9.33824182116873,0.019905708791467802
2023-01-24,11334.27,9.335586158573932,-0.0026556625947975476
2023-01-25,11313.36,9.333739607218096,-0.0018465513558361124
2023-01-26,11512.41,9.351180862943428,0.017441255725332283
2023-01-27,11621.71,9.360630179647767,0.009449316704339239
2023-01-30,11393.81,9.340825504458088,-0.01980467518967899
2023-01-31,11584.55,9.35742759278016,0.016602088322072106
2023-02-01,11816.32,9.377236905767324,0.019809312987163707
2023-02-02,12200.82,9.409258441577402,0.032021535810077495
2023-02-03,12006.95,9.39324092778452,-0.016017513792881743
2023-02-06,11887.45,9.383238500745957,-0.0100024270385628
2023-02-07,12113.79,9.402099752076122,0.01886125133016492
2023-02-08,11910.52,9.385177322185495,-0.0169224298906272
2023-02-09,11789.58,9.374971369487218,-0.010205952698276732
2023-02-10,11718.12,9.368891640707702,-0.006079728779516458
2023-02-13,11891.79,9.383603525031694,0.014711884323991953
2023-02-14,11960.15,9.389335569231996,0.0057320442003021554
2023-02-15,12070.59,9.398527194421355,0.009191625189359343
2023-02-16,11855.83,9.380575008701623,-0.017952185719732228
2023-02-17,11787.27,9.374775414556225,-0.005799594145397435
2023-02-21,11492.3,9.34943252487505,-0.02534288968117515
2023-02-22,11507.07,9.350716908058628,0.0012843831835773756
2023-02-23,11590.4,9.35793244824904,0.007215540190411929
2023-02-24,11394.94,9.340924676198611,-0.01700777205042847
2023-02-27,11466.98,9.347226879901438,0.0063022037028268585
2023-02-28,11455.54,9.346228734762963,-0.0009981451384746265
2023-03-01,11379.48,9.339567012435959,-0.006661722327004682
2023-03-02,11462.98,9.346877991369528,0.0073109789335692454
2023-03-03,11689.01,9.36640436311258,0.019526371743051385
2023-03-06,11675.74,9.365268463826107,-0.0011358992864725082
2023-03-07,11530.33,9.352736233842258,-0.012532229983849064
2023-03-08,11576.0,9.35668926831132,0.003953034469061478
2023-03-09,11338.35,9.335946064049704,-0.020743204261615134
2023-03-10,11138.89,9.318197867583214,-0.017748196466490285
2023-03-13,11188.84,9.322672131946787,0.0044742643635729
2023-03-14,11428.15,9.343834888920806,0.021162756974019814
2023-03-15,11434.05,9.344351024737216,0.0005161358164098573
2023-03-16,11717.28,9.368819954284566,0.024468929547349916
2023-03-17,11630.51,9.361387096657856,-0.007432857626710643
2023-03-20,11675.54,9.365251334144135,0.0038642374862796203
2023-03-21,11860.11,9.380935947382229,0.015684613238093448
2023-03-22,11669.96,9.36477329768261,-0.016162649699618115
2023-03-23,11787.4,9.37478644334263,0.010013145660019873
2023-03-24,11823.96,9.377883260232329,0.0030968168896983173
2023-03-27,11768.84,9.373210639747438,-0.0046726204848912545
2023-03-28,11716.08,9.368717536193346,-0.004493103554091604
2023-03-29,11926.24,9.386496293579173,0.017778757385826793
2023-03-30,12013.47,9.393783799238069,0.00728750565889591
2023-03-31,12221.91,9.410985521657498,0.01720172241942919
2023-04-03,12189.45,9.408326102507468,-0.0026594191500297626
2023-04-04,12126.33,9.403134400511746,-0.005191701995721942
2023-04-05,11996.86,9.392400227862776,-0.01073417264897003
2023-04-06,12087.96,9.399965194880258,0.00756496701748155
2023-04-10,12084.36,9.399667333522588,-0.00029786135766940447
2023-04-11,12031.88,9.395315072735631,-0.004352260786957274
2023-04-12,11929.34,9.38675619084576,-0.008558881889870307
2023-04-13,12166.27,9.406422647631267,0.01966645678550627
2023-04-14,12123.47,9.402898522276605,-0.0035241253546622886
2023-04-17,12157.72,9.405719637939836,0.0028211156632309553
2023-04-18,12153.41,9.405365067827697,-0.0003545701121385747
2023-04-19,12157.23,9.405679333518064,0.00031426569036696606
2023-04-20,12059.56,9.39761298537017,-0.008066348147893976
2023-04-21,12072.46,9.398682104426822,0.0010691190566518571
2023-04-24,12037.2,9.39575713367744,-0.0029249707493814725
2023-04-25,11799.16,9.375783621479203,-0.01997351219823784
2023-04-26,11854.35,9.380450167810334,0.004666546331131727
2023-04-27,12142.24,9.40444556159617,0.02399539378583526
2023-04-28,12226.58,9.411367549345654,0.00692198774948416
2023-05-01,12212.6,9.41022348464914,-0.0011440646965130696
2023-05-02,12080.51,9.399348689140675,-0.010874795508465596
2023-05-03,12025.33,9.394770537424858,-0.004578151715817214
2023-05-04,11966.4,9.389858001437403,-0.004912535987454447
2023-05-05,12235.41,9.412089485736233,0.02223148429883004
2023-05-08,12256.92,9.413845954437267,0.001756468701033853
2023-05-09,12179.55,9.407513594768567,-0.0063323596687006045
2023-05-10,12306.44,9.417877981577545,0.010364386808978665
2023-05-11,12328.51,9.41966974538502,0.001791763807474922
2023-05-12,12284.74,9.416113120710154,-0.003556624674866171
2023-05-15,12365.21,9.422642163232245,0.0065290425220911885
2023-05-16,12343.05,9.420848430614765,-0.0017937326174806145
2023-05-17,12500.57,9.433529522250744,0.012681091635979413
2023-05-18,12688.84,9.448478145970737,0.014948623719993392
2023-05-19,12657.9,9.446036805161842,-0.0024413408088950206
2023-05-22,12720.78,9.45099215576879,0.004955350606946851
2023-05-23,12560.25,9.438292344282697,-0.012699811486092116
2023-05-24,12484.16,9.432215919713538,-0.006076424569158689
2023-05-25,12698.09,9.44920686743563,0.016990947722090866
2023-05-26,12975.69,9.470832885810879,0.021626018375249245
2023-05-30,13017.43,9.474044507645988,0.0032116218351099235
2023-05-31,12935.29,9.467714514160074,-0.006329993485914898
2023-06-01,13100.98,9.480442315551482,0.012727801391408278
2023-06-02,13240.77,9.491055984899639,0.010613669348156662
2023-06-05,13229.43,9.490199172280636,-0.0008568126190020564
2023-06-06,13276.42,9.493744808374407,0.0035456360937704545
2023-06-07,13104.89,9.480740721979434,-0.013004086394973413
2023-06-08,13238.52,9.490886040765531,0.01014531878609759
2023-06-09,13259.14,9.49244240492465,0.0015563641591196387
2023-06-12,13461.92,9.507620237899607,0.015177832974956118
2023-06-13,13573.32,9.51586138023754,0.008241142337933383
2023-06-14,13626.48,9.519770237485512,0.003908857247971298
2023-06-15,13782.82,9.531178168043029,0.011407930557517432
2023-06-16,13689.57,9.52438950800103,-0.006788660041998185
2023-06-20,13667.29,9.522760665734339,-0.001628842266692132
2023-06-21,13502.2,9.510607914112462,-0.012152751621876234
2023-06-22,13630.61,9.520073277907773,0.009465363795310822
2023-06-23,13492.52,9.509890736796683,-0.010182541111090515
2023-06-26,13335.78,9.498205927593897,-0.011684809202785473
2023-06-27,13555.67,9.514560188966486,0.016354261372589107
2023-06-28,13591.75,9.517218270010158,0.0026580810436716007
2023-06-29,13591.33,9.517187368434616,-3.0901575541975035e-05
2023-06-30,13787.92,9.53154812547313,0.014360757038513583
2023-07-03,13816.77,9.533638350757593,0.002090225284463898
2023-07-05,13791.65,9.531818615551309,-0.001819735206284534
2023-07-06,13679.04,9.523620013275533,-0.008198602275776068
2023-07-07,13660.72,9.52227984037409,-0.0013401729014432817
2023-07-10,13685.48,9.524090695759195,0.0018108553851057252
2023-07-11,13760.7,9.529571982286416,0.00548128652722113
2023-07-12,13918.96,9.541007218453604,0.011435236167187668
2023-07-13,14138.57,9.556661802794698,0.015654584341094235
2023-07-14,14113.7,9.554901235843873,-0.0017605669508249377
2023-07-17,14244.95,9.564157736922338,0.009256501078464652
2023-07-18,14353.64,9.571758847558465,0.0076011106361271175
2023-07-19,14358.02,9.572063950087124,0.0003051025286584519
2023-07-20,14063.31,9.551324557287959,-0.02073939279916459
2023-07-21,14032.81,9.549153438145472,-0.0021711191424866882
2023-07-24,14058.87,9.551008792291299,0.0018553541458263823
2023-07-25,14144.56,9.557085376853832,0.006076584562533682
2023-07-26,14127.28,9.555862958917697,-0.0012224179361357557
2023-07-27,14050.11,9.55038550391274,-0.005477455004957221
2023-07-28,14316.66,9.569179173086441,0.018793669173701844
2023-07-31,14346.02,9.571227830802234,0.0020486577157932118
2023-08-01,14283.91,9.566889007938398,-0.004338822863836356
2023-08-02,13973.45,9.544914379528601,-0.021974628409797248
2023-08-03,13959.72,9.543931318808623,-0.0009830607199781127
2023-08-04,13892.07,9.539073452722562,-0.00485786608606098
2023-08-07,13977.12,9.545176985981428,0.006103533258865923
2023-08-08,13867.19,9.53728089725371,-0.007896088727717299
2023-08-09,13705.08,9.525521846005512,-0.011759051248198205
2023-08-10,13721.03,9.526684971348345,0.0011631253428330268
2023-08-11,13644.85,9.521117440044272,-0.005567531304073725
2023-08-14,13788.33,9.531577861205873,0.01046042116160173
2023-08-15,13631.05,9.520105557673572,-0.011472303532300998
2023-08-16,13474.63,9.508563937144183,-0.011541620529389007
2023-08-17,13316.93,9.496791437049191,-0.011772500094991756
2023-08-18,13290.78,9.494825840729977,-0.0019655963192146686
2023-08-21,13497.59,9.510266429971676,0.015440589241698888
2023-08-22,13505.87,9.510879684736768,0.0006132547650921083
2023-08-23,13721.03,9.526684971348345,0.01580528661157743
2023-08-24,13463.97,9.507772507704166,-0.01891246364417931
2023-08-25,13590.65,9.517137335287645,0.009364827583478785
2023-08-28,13705.13,9.5255254942811,0.008388158993454908
2023-08-29,13943.76,9.542787375347775,0.017261881066675144
2023-08-30,14019.31,9.548190943970901,0.005403568623126631
2023-08-31,14034.97,9.549307351280339,0.001116407309437406
2023-09-01,14031.81,9.549082174041386,-0.0002251772389527673
2023-09-05,14020.95,9.54830791863532,-0.0007742554060659046
2023-09-06,13872.47,9.537661579645906,-0.010646338989413806
2023-09-07,13748.83,9.52870900856519,-0.008952571080715899
2023-09-08,13761.53,9.529632297166444,0.000923288601253347
2023-09-11,13917.91,9.540931778937559,0.011299481771114728
2023-09-12,13773.63,9.530511173539695,-0.01042060539786327
2023-09-13,13813.59,9.53340816917371,0.0028969956340141323
2023-09-14,13926.05,9.54151646590248,0.008108296728771336
2023-09-15,13708.33,9.52575895623844,-0.015757509664041436
2023-09-18,13710.24,9.525898277873601,0.00013932163516194862
2023-09-19,13678.19,9.52355787248129,-0.0023404053923119505
2023-09-20,13469.13,9.508155679345244,-0.015402193136045739
2023-09-21,13223.98,9.489787127098023,-0.018368552247221004
2023-09-22,13211.81,9.488866405541396,-0.0009207215566267024
2023-09-25,13271.32,9.493360594873542,0.004494189332145737
2023-09-26,13063.61,9.47758578117346,-0.015774813700081936
2023-09-27,13092.85,9.479821558658651,0.002235777485191548
2023-09-28,13201.28,9.488069073570175,0.008247514911523979
2023-09-29,13219.32,9.4894346748664,0.001365601296225094
2023-10-02,13307.77,9.496103354151627,0.006668679285226631
2023-10-03,13059.47,9.477268820077397,-0.01883453407423019
2023-10-04,13236.01,9.490696424556479,0.013427604479081978
2023-10-05,13219.83,9.489473254018911,-0.0012231705375675972
2023-10-06,13431.34,9.505346061159436,0.01587280714052497
2023-10-09,13484.24,9.509276875068291,0.003930813908855413
2023-10-10,13562.84,9.515088979093013,0.005812104024721876
2023-10-11,13659.68,9.522203706788893,0.007114727695880063
2023-10-12,13574.22,9.515927684587794,-0.006276022201099352
2023-10-13,13407.23,9.503549392671836,-0.012378291915958073
2023-10-16,13567.98,9.515467883973994,0.011918491302157719
2023-10-17,13533.75,9.512941844625107,-0.0025260393488863997
2023-10-18,13314.3,9.496593924579168,-0.016347920045939546
2023-10-19,13186.18,9.486924590421875,-0.009669334157292653
2023-10-20,12983.81,9.47145847569241,-0.01546611472946502
2023-10-23,13018.33,9.474113643327094,0.002655167634683764
2023-10-24,13139.87,9.483406398534562,0.009292755207468417
2023-10-25,12821.22,9.458856889753426,-0.02454950878113671
2023-10-26,12595.61,9.44110361953135,-0.017753270222074846
2023-10-27,12643.01,9.444859772263099,0.00375615273174823
2023-10-30,12789.48,9.456378236983284,0.011518464720184696
2023-10-31,12851.24,9.461195583722203,0.004817346738919426
2023-11-01,13061.47,9.47742195392357,0.01622637020136608
2023-11-02,13294.19,9.495082376661273,0.01766042273770374
2023-11-03,13478.28,9.50883477988601,0.013752403224737364
2023-11-06,13518.78,9.51183510883899,0.0030003289529805244
2023-11-07,13639.86,9.52075166741516,0.008916558576169464
2023-11-08,13650.41,9.521524836792052,0.000773169376891758
2023-11-09,13521.45,9.512032592366953,-0.009492244425098662
2023-11-10,13798.11,9.532286905244156,0.020254312877202807
2023-11-13,13767.74,9.530083453343511,-0.0022034519006446374
2023-11-14,14094.38,9.553531415351232,0.02344796200772059
2023-11-15,14103.84,9.55420237971387,0.0006709643626372497
2023-11-16,14113.67,9.554899110247332,0.0006967305334626417
2023-11-17,14125.48,9.55573553773814,0.0008364274908085889
2023-11-20,14284.53,9.56693241247852,0.01119687474037967
2023-11-21,14199.98,9.560995835137655,-0.005936577340865057
2023-11-22,14265.86,9.565624549247142,0.004628714109486509
2023-11-24,14250.85,9.564571833040665,-0.0010527162064768447
2023-11-27,14241.02,9.5638818116142,-0.000690021426464682
2023-11-28,14281.76,9.566738477598724,0.002856665984523943
2023-11-29,14258.49,9.565107797758396,-0.0016306798403284972
2023-11-30,14226.22,9.562842019816088,-0.002265777942307423
2023-12-01,14305.03,9.568366502650834,0.005524482834745825
2023-12-04,14185.49,9.559974890178237,-0.008391612472596677
2023-12-05,14229.91,9.5631013663977,0.003126476219462049
2023-12-06,14146.71,9.557237367203092,-0.005863999194607672
2023-12-07,14339.99,9.570807416803298,0.013570049600206247
2023-12-08,14403.97,9.575259142011806,0.004451725208507895
2023-12-11,14432.49,9.577237194054197,0.0019780520423910986
2023-12-12,14533.4,9.584204727814459,0.006967533760262157
2023-12-13,14733.96,9.59791031242979,0.013705584615330224
2023-12-14,14761.56,9.599781783626467,0.001871471196677632
2023-12-15,14813.92,9.603322558261636,0.0035407746351694414
2023-12-18,14905.19,9.609464753431126,0.0061421951694899946
2023-12-19,15003.22,9.616020123713422,0.006555370282296025
2023-12-20,14777.94,9.600890807251028,-0.015129316462394016
2023-12-21,14963.87,9.613393907913593,0.012503100662565103
2023-12-22,14992.97,9.615336703559132,0.0019427956455384532
2023-12-26,15074.57,9.620764497142133,0.0054277935830011614
2023-12-27,15099.18,9.622395716692704,0.0016312195505712168
2023-12-28,15095.14,9.622128116692167,-0.0002676000005372714
2023-12-29,15011.35,9.616561860623118,-0.005566256069048592
2024-01-02,14765.94,9.60007845622199,-0.01648340440112861
2024-01-03,14592.21,9.588243103657925,-0.01183535256406465
2024-01-04,14510.3,9.58261402106078,-0.005629082597145896
2024-01-05,14524.07,9.583562552131536,0.000948531070756431
2024-01-08,14843.77,9.605335527584565,0.02177297545302892
2024-01-09,14857.71,9.606274201416547,0.0009386738319818733
2024-01-10,14969.65,9.613780097046835,0.007505895630288251
2024-01-11,14970.19,9.613816169383899,3.607233706404145e-05
2024-01-12,14972.76,9.613987829157322,0.00017165977342337158
2024-01-16,14944.35,9.61208858096524,-0.0018992481920818705
2024-01-17,14855.62,9.606133523814712,-0.00595505715052802
2024-01-18,15055.65,9.619508615008728,0.013375091194015809
2024-01-19,15310.97,9.636324843927563,0.016816228918834497
2024-01-22,15360.29,9.639540886731767,0.003216042804204733
2024-01-23,15425.94,9.643805786949235,0.004264900217467726
2024-01-24,15481.92,9.64742817046026,0.0036223835110256175
2024-01-25,15510.5,9.649272492917255,0.0018443224569946182
2024-01-26,15455.36,9.645711147727475,-0.0035613451897802406
2024-01-29,15628.04,9.65682201568026,0.011110867952785597
2024-01-30,15509.9,9.649233808696543,-0.007588206983717427
2024-01-31,15164.01,9.626680136092617,-0.0225536726039266
2024-02-01,15361.64,9.639628771835397,0.012948635742780823
2024-02-02,15628.95,9.656880242656067,0.017251470820669468
2024-02-05,15597.68,9.6548774642293,-0.0020027784267675486
2024-02-06,15609.0,9.655602949958412,0.0007254857291130179
2024-02-07,15756.64,9.66501714271241,0.009414192753997241
2024-02-08,15793.71,9.667367038485889,0.002349895773479105
2024-02-09,15990.66,9.679760080773551,0.012393042287662581
2024-02-12,15942.55,9.676746914455482,-0.0030131663180696933
2024-02-13,15655.6,9.658583959439355,-0.018162955016126858
2024-02-14,15859.15,9.671501899805595,0.012917940366239833
2024-02-15,15906.17,9.674462363250738,0.0029604634451434464
2024-02-16,15775.65,9.666222890997936,-0.00823947225280186
2024-02-20,15630.78,9.656997326201068,-0.009225564796867758
2024-02-21,15580.87,9.653799158687265,-0.003198167513803085
2024-02-22,16041.62,9.682941873826834,0.02914271513956912
2024-02-23,15996.82,9.68014523146852,-0.0027966423583141164
2024-02-26,15976.25,9.678858523445925,-0.0012867080225955618
2024-02-27,16035.3,9.682547821026144,0.0036892975802196304
2024-02-28,15947.74,9.677072405383651,-0.005475415642493431
2024-02-29,16091.92,9.686072561642954,0.009000156259302727
2024-03-01,16274.94,9.69738178043403,0.011309218791076603
2024-03-04,16207.51,9.693229994047263,-0.0041517863867674976
2024-03-05,15939.59,9.676561230557946,-0.01666876348931723
2024-03-06,16031.54,9.68231331085818,0.005752080300235107
2024-03-07,16273.38,9.697285922951911,0.014972612093730575
2024-03-08,16085.11,9.68564927831931,-0.011636644632600834
2024-03-11,16019.27,9.681547651544145,-0.004101626775165457
2024-03-12,16265.64,9.69681018642721,0.015262534883065726
2024-03-13,16177.77,9.691393356639157,-0.00541682978805369
2024-03-14,16128.53,9.688345032434322,-0.00304832420483514
2024-03-15,15973.17,9.678665718693315,-0.009679313741006723
2024-03-18,16103.45,9.686788813730935,0.008123095037619876
2024-03-19,16166.79,9.690714417094345,0.0039256033634096354
2024-03-20,16369.41,9.703169628176267,0.012455211081922712
2024-03-21,16401.84,9.705148802640839,0.0019791744645711873
2024-03-22,16428.82,9.706792388610392,0.001643585969553385
2024-03-25,16384.47,9.704089213951221,-0.002703174659171026
2024-03-26,16315.7,9.699883113408884,-0.0042061005423370545
2024-03-27,16399.52,9.705007345091282,0.005124231682398062
2024-03-28,16379.46,9.703783389830669,-0.001223955260613252
2024-04-01,16396.83,9.704843302445925,0.0010599126152559535
2024-04-02,16240.45,9.695260322691377,-0.009582979754547694
2024-04-03,16277.46,9.697536607728178,0.00227628503680144
2024-04-04,16049.08,9.683406806042983,-0.014129801685195176
2024-04-05,16248.52,9.695757106687052,0.012350300644069279
2024-04-08,16253.96,9.696091850377428,0.00033474369037556073
2024-04-09,16306.64,9.699327665808685,0.003235815431256839
2024-04-10,16170.36,9.69093521577416,-0.008392450034524046
2024-04-11,16442.2,9.707606479608419,0.0166712638342581
2024-04-12,16175.09,9.691227683495816,-0.016378796112602956
2024-04-15,15885.02,9.673131805752242,-0.018095877743574462
2024-04-16,15865.25,9.67188646185091,-0.0012453439013313528
2024-04-17,15683.37,9.660356194281047,-0.01153026756986364
2024-04-18,15601.5,9.655122342461297,-0.005233851819749447
2024-04-19,15282.01,9.63443159857191,-0.02069074388938752
2024-04-22,15451.31,9.645449068375466,0.011017469803556779
2024-04-23,15696.64,9.661201955693551,0.015752887318084774
2024-04-24,15712.75,9.662227763670892,0.0010258079773404205
2024-04-25,15611.76,9.655779755392182,-0.006448008278709949
2024-04-26,15927.9,9.67582756747219,0.020047812080008498
2024-04-29,15983.08,9.679285941674278,0.003458374202088166
2024-04-30,15657.82,9.658725751680747,-0.020560189993531708
2024-05-01,15605.48,9.655377413603816,-0.0033483380769308013
2024-05-02,15840.96,9.67035426959255,0.014976855988734883
2024-05-03,16156.33,9.69006720232268,0.01971293273012975
2024-05-06,16349.25,9.701937303713635,0.011870101390954346
2024-05-07,16332.56,9.700915940364977,-0.0010213633486575446
2024-05-08,16302.76,9.699089697614342,-0.001826242750635032
2024-05-09,16346.26,9.701754403981631,0.0026647063672893267
2024-05-10,16340.87,9.701424610570657,-0.0003297934109749434
2024-05-13,16388.24,9.70431928342162,0.0028946728509637865
2024-05-14,16511.18,9.711793006195435,0.0074737227738150835
2024-05-15,16742.39,9.725699105656604,0.013906099461168608
2024-05-16,16698.32,9.723063394542052,-0.002635711114551853
2024-05-17,16685.97,9.722323525545985,-0.0007398689960673721
2024-05-20,16794.87,9.728828761617509,0.006505236071523868
2024-05-21,16832.62,9.73107394945982,0.0022451878423108695
2024-05-22,16801.54,9.729225827856885,-0.0018481216029346825
2024-05-23,16736.03,9.725319159406064,-0.003906668450820661
2024-05-24,16920.79,9.736298322377584,0.010979162971519685
2024-05-28,17019.88,9.74213735157372,0.005839029196136991
2024-05-29,16920.58,9.736285911532516,-0.00585144004120508
2024-05-30,16737.08,9.725381896331337,-0.010904015201179007
2024-05-31,16735.02,9.725258808744803,-0.00012308758653389873
2024-06-03,16828.67,9.730839258512555,0.0055804497677520715
2024-06-04,16857.05,9.73252424590274,0.0016849873901847445
2024-06-05,17187.9,9.751960926865394,0.01943668096265405
2024-06-06,17173.12,9.751100649672718,-0.0008602771926753405
2024-06-07,17133.13,9.748769295000445,-0.0023313546722736334
2024-06-10,17192.53,9.752230266139394,0.003460971138949276
2024-06-11,17343.55,9.760975958330825,0.00874569219143062
2024-06-12,17608.44,9.776133611535613,0.015157653204788346
2024-06-13,17667.56,9.779485468625467,0.003351857089853638
2024-06-14,17688.88,9.780691472543511,0.0012060039180443738
2024-06-17,17857.02,9.790151987205457,0.009460514661945751
2024-06-18,17862.23,9.790443706658523,0.00029171945306671887
2024-06-20,17721.59,9.782538949253293,-0.00790475740523
2024-06-21,17689.36,9.780718607867373,-0.0018203413859207984
2024-06-24,17496.82,9.76977442911385,-0.010944178753522493
2024-06-25,17717.65,9.782316596854303,0.01254216774045247
2024-06-26,17805.16,9.787243581911323,0.004926985057020161
2024-06-27,17858.68,9.790244943524455,0.0030013616131316923
2024-06-28,17732.6,9.783160032423092,-0.0070849111013622235
2024-07-01,17879.3,9.791398898072986,0.008238865649893512
2024-07-02,18028.76,9.799723539567191,0.00832464149420531
2024-07-03,18188.3,9.808533809200776,0.008810269633585222
2024-07-05,18352.76,9.817535250891805,0.009001441691028234
2024-07-08,18403.74,9.82030918381195,0.0027739329201459384
2024-07-09,18429.29,9.82169652577638,0.0013873419644294671
2024-07-10,18647.45,9.833464686501149,0.011768160724768606
2024-07-11,18283.41,9.813749370280805,-0.019715316220343837
2024-07-12,18398.45,9.820021700918327,0.006272330637521861
2024-07-15,18472.57,9.824042208072324,0.004020507153997599
2024-07-16,18509.34,9.826030748529893,0.0019885404575692434
2024-07-17,17996.92,9.797955911126014,-0.028074837403879727
2024-07-18,17871.22,9.790946876668118,-0.007009034457896135
2024-07-19,17726.94,9.782840795340599,-0.008106081327518666
2024-07-22,18007.57,9.798547504025155,0.015706708684556148
2024-07-23,17997.35,9.797979803817825,-0.0005677002073305459
2024-07-24,17342.41,9.760910225682778,-0.0370695781350463
2024-07-25,17181.72,9.751601306941367,-0.009308918741410821
2024-07-26,17357.88,9.761801860941441,0.01020055400007358
2024-07-29,17370.2,9.762511373273643,0.0007095123322020669
2024-07-30,17147.42,9.749603003959473,-0.012908369314169832
2024-07-31,17599.4,9.775620089536044,0.02601708557657112
2024-08-01,17194.15,9.752324488669815,-0.02329560086622884
2024-08-02,16776.16,9.727714109970705,-0.024610378699110314
2024-08-05,16200.08,9.692771459479887,-0.034942650490817684
2024-08-06,16366.85,9.703013226681092,0.01024176720120451
2024-08-07,16195.81,9.692507845791562,-0.010505380889529903
2024-08-08,16660.02,9.720767116200305,0.028259270408742765
2024-08-09,16745.3,9.725872900863578,0.005105784663273383
2024-08-12,16780.61,9.727979332161404,0.002106431297825395
2024-08-13,17187.61,9.751944054388447,0.023964722227043822
2024-08-14,17192.6,9.752234337666824,0.0002902832783764353
2024-08-15,17594.5,9.775341632187944,0.023107294521119925
2024-08-16,17631.72,9.777454831608763,0.002113199420819001
2024-08-19,17876.77,9.791257383638976,0.013802552030213633
2024-08-20,17816.94,9.787904969108002,-0.003352414530974457
2024-08-21,17918.99,9.793616323333403,0.005711354225400811
2024-08-22,17619.35,9.776753008911879,-0.016863314421524223
2024-08-23,17877.79,9.791314439298466,0.014561430386587304
2024-08-26,17725.76,9.782774227773084,-0.008540211525382091
2024-08-27,17754.82,9.784412307336499,0.0016380795634152179
2024-08-28,17556.03,9.773152759624162,-0.011259547712336726
2024-08-29,17516.43,9.770894576603753,-0.0022581830204089215
2024-08-30,17713.62,9.782089114180529,0.011194537576775687
2024-09-03,17136.3,9.748954299537086,-0.03313481464344292
2024-09-04,17084.3,9.745915192097508,-0.003039107439578359
2024-09-05,17127.66,9.748449979535362,0.002534787437854291
2024-09-06,16690.83,9.722614745796838,-0.025835233738524366
2024-09-09,16884.6,9.73415724287368,0.011542497076842295
2024-09-10,17025.88,9.742489818374997,0.008332575501317052
2024-09-11,17395.53,9.763968555647324,0.021478737272326853
2024-09-12,17569.68,9.773929968152453,0.009961412505129275
2024-09-13,17683.98,9.78041442397965,0.006484455827196811
2024-09-16,17592.13,9.775206921929895,-0.005207502049755064
2024-09-17,17628.06,9.777247229632055,0.0020403077021597937
2024-09-18,17573.3,9.774135983693126,-0.0031112459389284197
2024-09-19,18013.98,9.798903402095487,0.02476741840236052
2024-09-20,17948.32,9.795251796221534,-0.003651605873953301
2024-09-23,17974.27,9.796696569803503,0.0014447735819693719
2024-09-24,18074.52,9.802258490657751,0.005561920854248115
2024-09-25,18082.21,9.802683860989413,0.0004253703316621227
2024-09-26,18190.29,9.80864321421081,0.005959353221397734
2024-09-27,18119.59,9.80474895240941,-0.0038942618014008445
2024-09-30,18189.17,9.808581641004372,0.003832688594961553
2024-10-01,17910.36,9.793134595355257,-0.015447045649114699
2024-10-02,17925.12,9.793958360006082,0.0008237646508248986
2024-10-03,17918.48,9.79358786150281,-0.00037049850327264267
2024-10-04,18137.85,9.805756194042784,0.012168332539975069
2024-10-07,17923.9,9.793890296778665,-0.01186589726411924
2024-10-08,18182.92,9.808237970895698,0.014347674117033193
2024-10-09,18291.62,9.81419831045326,0.005960339557562477
2024-10-10,18282.05,9.813674983140556,-0.0005233273127043248
2024-10-11,18342.94,9.817000038306439,0.003325055165882773
2024-10-14,18502.69,9.82567140590148,0.00867136759504028
2024-10-15,18315.59,9.815507888726268,-0.010163517175211467
2024-10-16,18367.08,9.818315210756879,0.002807322030610848
2024-10-17,18373.61,9.818670674961211,0.0003554642043326339
2024-10-18,18489.55,9.82496098660529,0.006290311644079338
2024-10-21,18540.0,9.827685839119846,0.0027248525145555647
2024-10-22,18573.13,9.829471191570589,0.0017853524507422946
2024-10-23,18276.65,9.81337956782003,-0.01609162375055817
2024-10-24,18415.49,9.820947437268032,0.007567869448001474
2024-10-25,18518.61,9.826531451387797,0.005584014119765612
2024-10-28,18567.19,9.82915132356457,0.0026198721767727307
2024-10-29,18712.75,9.836960388692079,0.007809065127508674
2024-10-30,18607.93,9.831343112928499,-0.005617275763579954
2024-10-31,18095.15,9.803399225546242,-0.02794388738225706
2024-11-01,18239.92,9.811367877653792,0.007968652107550156
2024-11-04,18179.98,9.808076267620853,-0.003291610032938763
2024-11-05,18439.17,9.822232485251579,0.01415621763072572
2024-11-06,18983.47,9.851323879478933,0.029091394227354073
2024-11-07,19269.46,9.866276738182345,0.014952858703411565
2024-11-08,19286.78,9.867175166097775,0.0008984279154304886
2024-11-11,19298.76,9.867796124124277,0.0006209580265021941
2024-11-12,19281.4,9.866896179636143,-0.0008999444881343521
2024-11-13,19230.73,9.864264799380766,-0.0026313802553765697
2024-11-14,19107.65,9.85784405740678,-0.006420741973986566
2024-11-15,18680.12,9.83521513574507,-0.02262892166170971
2024-11-18,18791.81,9.841176415602238,0.005961279857167767
2024-11-19,18987.47,9.851534566915946,0.01035815131370832
2024-11-20,18966.14,9.850410563046715,-0.0011240038692310605
2024-11-21,18972.42,9.850741624639847,0.00033106159313156525
2024-11-22,19003.65,9.852386344961882,0.0016447203220355533
2024-11-25,19054.84,9.855076416526448,0.002690071564565244
2024-11-26,19175.58,9.861392873496387,0.00631645696993921
2024-11-27,19060.48,9.85537236052173,-0.0060205129746560004
2024-11-29,19218.17,9.863611464671749,0.00823910415001805
2024-12-02,19403.95,9.873231932573496,0.009620467901747531
2024-12-03,19480.91,9.87719029068449,0.003958358110994098
2024-12-04,19735.12,9.890155068645981,0.01296477796149098
2024-12-05,19700.72,9.888410462281561,-0.0017446063644204202
2024-12-06,19859.77,9.896451356464631,0.00804089418307008
2024-12-09,19736.69,9.890234619089744,-0.006216737374886705
2024-12-10,19687.24,9.887725989131578,-0.002508629958166253
2024-12-11,20034.89,9.905230532663358,0.017504543531780214
2024-12-12,19902.84,9.89861771409781,-0.006612818565548295
2024-12-13,19926.72,9.899816823646665,0.0011991095488550485
2024-12-16,20173.89,9.91214447303721,0.012327649390545758
2024-12-17,20109.06,9.90892573876024,-0.003218734276970281
2024-12-18,19392.69,9.872651469919196,-0.03627426884104423
2024-12-19,19372.77,9.871623750823213,-0.001027719095983315
2024-12-20,19572.6,9.881885907978367,0.010262157155153773
2024-12-23,19764.89,9.891662410321928,0.009776502343560978
2024-12-24,20031.13,9.90504284244551,0.013380432123582864
2024-12-26,20020.36,9.904505034725519,-0.0005378077199917897
2024-12-27,19722.03,9.889491564035017,-0.015013470690501407
2024-12-30,19486.78,9.877491565922739,-0.011999998112278476
2024-12-31,19310.79,9.868419286030557,-0.009072279892182067
2025-01-02,19280.79,9.866864542428814,-0.0015547436017424587
2025-01-03,19621.68,9.884390356364895,0.017525813936080326
2025-01-06,19864.98,9.89671366145232,0.012323305087425851
2025-01-07,19489.68,9.877640373690575,-0.01907328776174566
2025-01-08,19478.88,9.877086080677103,-0.0005542930134723179
2025-01-10,19161.63,9.860665120975236,-0.016420959701866522
2025-01-13,19088.1,9.85682038321752,-0.003844737757715322
2025-01-14,19044.39,9.854527848995708,-0.0022925342218123035
2025-01-15,19511.23,9.878745476222447,0.02421762722673826
2025-01-16,19338.29,9.869842347311232,-0.008903128911214253
2025-01-17,19630.2,9.884824475705614,0.014982128394381178
2025-01-21,19756.78,9.891252002557588,0.006427526851974008
2025-01-22,20009.34,9.903954443525565,0.01270244096797768
2025-01-23,20053.68,9.906167957040232,0.0022135135146665874
2025-01-24,19954.3,9.901199937939968,-0.004968019100264343
2025-01-27,19341.83,9.870025387074806,-0.03117455086516152
2025-01-28,19733.59,9.890077538876158,0.02005215180135167
2025-01-29,19632.32,9.88493246673635,-0.005145072139807638
2025-01-30,19681.75,9.887447089417078,0.002514622680727996
2025-01-31,19627.44,9.884683866132315,-0.0027632232847629723
2025-02-03,19391.96,9.872613826160643,-0.012070039971671775
2025-02-04,19654.02,9.886037176526413,0.013423350365769693
2025-02-05,19692.33,9.88798449881202,0.0019473222856074557
2025-02-06,19791.99,9.893032589377492,0.005048090565471952
2025-02-07,19523.4,9.879369025127321,-0.013663564250171234
2025-02-10,19714.27,9.889098017982262,0.009728992854940444
2025-02-11,19643.86,9.885520100275665,-0.003577917706596878
2025-02-12,19649.95,9.885830072764907,0.0003099724892425826
2025-02-13,19945.64,9.900765852067357,0.014935779302449603
2025-02-14,20026.77,9.904825157543545,0.0040593054761881575
2025-02-18,20041.26,9.905548427473795,0.0007232699302495149
2025-02-19,20056.25,9.906296104858168,0.0007476773843730911
2025-02-20,19962.36,9.90160377934902,-0.0046923255091471106
2025-02-21,19524.01,9.879400269197031,-0.022203510151989292
2025-02-24,19286.92,9.86718242492957,-0.012217844267460976
2025-02-25,19026.39,9.853582241821847,-0.01360018310772304
2025-02-26,19075.26,9.856147486466055,0.0025652446442077093
2025-02-27,18544.42,9.827924214158255,-0.028223272307799974
2025-02-28,18847.28,9.844123885382103,0.016199671223848355
2025-03-03,18350.19,9.817395207652545,-0.026728677729558115
2025-03-04,18285.16,9.813845080887008,-0.0035501267655373425
2025-03-05,18552.73,9.828372227018487,0.01452714613147954
2025-03-06,18069.26,9.801967430893823,-0.026404796124664287
2025-03-07,18196.22,9.80896915918616,0.007001728292337361
2025-03-10,17468.32,9.768144233649931,-0.04082492553622963
2025-03-11,17436.1,9.766298048602218,-0.0018461850477127228
2025-03-12,17648.45,9.778403239808272,0.01210519120605369
2025-03-13,17303.01,9.758635753790944,-0.019767486017327585
2025-03-14,17754.09,9.784371190895579,0.02573543710463433
2025-03-17,17808.66,9.787440134823157,0.0030689439275786157
2025-03-18,17504.12,9.770191560774077,-0.017248574049080645
2025-03-19,17750.79,9.784185300955407,0.013993740181330594
2025-03-20,17691.63,9.78084692536234,-0.0033383755930671555
2025-03-21,17784.05,9.78605726715605,0.005210341793709716
2025-03-24,18188.59,9.808549753389519,0.022492486233469222
2025-03-25,18271.86,9.813117450429885,0.004567697040366525
2025-03-26,17899.01,9.792500683036774,-0.020616767393111246
2025-03-27,17804.03,9.787180115148928,-0.005320567887846295
2025-03-28,17322.99,9.759789800011557,-0.02739031513737089
2025-03-31,17299.29,9.75842073918126,-0.0013690608302976415
2025-04-01,17449.89,9.767088623885776,0.008667884704516737
2025-04-02,17601.05,9.77571383833762,0.008625214451843277
2025-04-03,16550.61,9.714178238132012,-0.06153560020560711
2025-04-04,15587.79,9.65424319446639,-0.059935043665621635
2025-04-07,15603.26,9.655235145764504,0.0009919512981131362
2025-04-08,15267.91,9.63350851916606,-0.021726626598443488
2025-04-09,17124.97,9.748292911304073,0.11478439213801295
2025-04-10,16387.31,9.704262533801844,-0.04403037750222971
2025-04-11,16724.46,9.724627597479676,0.02036506367783275
2025-04-14,16831.48,9.7310062215241,0.00637862404442302
2025-04-15,16823.17,9.730512381881205,-0.0004938396428944003
2025-04-16,16307.16,9.699359554150433,-0.03115282773077155
2025-04-17,16286.45,9.698088752739537,-0.0012708014108966381
2025-04-21,15870.9,9.672242522687506,-0.02584623005203035
2025-04-22,16300.42,9.69894615333406,0.026703630646553123
2025-04-23,16708.05,9.723645918190993,0.02469976485693337
2025-04-24,17166.04,9.75068829246303,0.02704237427203715
2025-04-25,17382.94,9.76324454446742,0.0125562520043907
2025-04-28,17366.13,9.762277036484544,-0.00096750798287637
2025-04-29,17461.32,9.767743427910524,0.005466391425979822
2025-04-30,17446.34,9.766885163511274,-0.0008582643992500749
2025-05-01,17710.74,9.781926514206594,0.015041350695319977
2025-05-02,17977.73,9.7968890486648,0.014962534458206278
2025-05-05,17844.24,9.789436046056831,-0.007453002607968884
2025-05-06,17689.66,9.780735567070879,-0.008700478985952387
2025-05-07,17738.16,9.783473530078375,0.002737963007495736
2025-05-08,17928.14,9.794126824464106,0.010653294385731371
2025-05-09,17928.92,9.79417033054074,4.350607663461403e-05
2025-05-12,18708.34,9.836724692723822,0.04255436218308084
2025-05-13,19010.08,9.852724643785034,0.01599995106121277
2025-05-14,19146.81,9.859891401098398,0.007166757313363803
2025-05-15,19112.32,9.85808843227276,-0.0018029688256380183
2025-05-16,19211.1,9.863243515965996,0.005155083693235696
2025-05-19,19215.46,9.863470442342892,0.00022692637689658568
2025-05-20,19142.71,9.859677243281029,-0.0037931990618638167
2025-05-21,18872.64,9.84546853318735,-0.014208710093678079
2025-05-22,18925.73,9.848277650877439,0.002809117690087959
2025-05-23,18737.21,9.838266665306428,-0.010010985571010877
2025-05-27,19199.16,9.862621807058813,0.024355141752385734
2025-05-28,19100.94,9.857492827483405,-0.005128979575408366
2025-05-29,19175.87,9.861407996783774,0.003915169300368504
2025-05-30,19113.77,9.858164296688958,-0.0032437000948153383
2025-06-02,19242.61,9.864882369905061,0.006718073216102738
2025-06-03,19398.96,9.872974735367023,0.008092365461962459
2025-06-04,19460.49,9.876141535279103,0.0031667999120799095
2025-06-05,19298.45,9.867780060787057,-0.008361474492046383
2025-06-06,19529.95,9.879704463703597,0.011924402916539734
2025-06-09,19591.24,9.882837806536195,0.0031333428325979185
2025-06-10,19714.99,9.8891345390836,0.006296732547404815
2025-06-11,19615.88,9.884094721262088,-0.0050398178215118605
2025-06-12,19662.48,9.886467530201362,0.0023728089392740515
2025-06-13,19406.83,9.873380344947856,-0.013087185253505496
2025-06-16,19701.21,9.888435334159665,0.01505498921180859
2025-06-17,19521.09,9.879250698572013,-0.009184635587651258
2025-06-18,19546.27,9.880539754371368,0.0012890557993543439
2025-06-20,19447.41,9.875469178226025,-0.005070576145342898
2025-06-23,19630.97,9.884863700211664,0.00939452198563906
2025-06-24,19912.53,9.899104460808505,0.01424076059684154
2025-06-25,19973.55,9.902164177261216,0.003059716452710859
2025-06-26,20167.91,9.911848006342924,0.009683829081707174
2025-06-27,20273.46,9.917067920488483,0.005219914145559557
2025-06-30,20369.73,9.921805254346555,0.00473733385807229
2025-07-01,20202.89,9.91358094246279,-0.008224311883765267
2025-07-02,20393.13,9.922953358408458,0.009372415945668067
2025-07-03,20601.1,9.9330997514103,0.010146393001841503
2025-07-07,20412.52,9.923903717070035,-0.009196034340265058
2025-07-08,20418.46,9.924194672616137,0.0002909555461023672
2025-07-09,20611.34,9.93359668875304,0.009402016136903057
2025-07-10,20630.66,9.934533597797861,0.0009369090448210216
2025-07-11,20585.53,9.932343680775643,-0.0021899170222177133
2025-07-14,20640.33,9.93500220783978,0.0026585270641366066
2025-07-15,20677.8,9.936815939984571,0.0018137321447913024
2025-07-16,20730.49,9.939360842391185,0.002544902406613758
2025-07-17,20885.65,9.946817599262388,0.007456756871203396
2025-07-18,20895.66,9.94729676088712,0.00047916162473171653
2025-07-21,20974.17,9.951046959634699,0.003750198747578537
2025-07-22,20892.68,9.947154137370367,-0.003892822264331741
2025-07-23,21020.02,9.953230595905275,0.006076458534908014
2025-07-24,21057.96,9.955033914899277,0.001803318994001657
2025-07-25,21108.32,9.957422554539505,0.002388639640228618
2025-07-28,21178.58,9.960745572526331,0.0033230179868262155
2025-07-29,21098.29,9.956947273525996,-0.003798299000335348
2025-07-30,21129.67,9.958433492882845,0.0014862193568490056
2025-07-31,21122.45,9.958091734880158,-0.0003417580026869871
2025-08-01,20650.13,9.935476893768879,-0.022614841111279205
2025-08-04,21053.58,9.954825895908957,0.019349002140078397
2025-08-05,20916.55,9.948295990621123,-0.006529905287834481
2025-08-06,21169.42,9.960312966493325,0.01201697587220174
2025-08-07,21242.7,9.963768585921052,0.003455619427727541
2025-08-08,21450.02,9.97348085675666,0.00971227083560855
2025-08-11,21385.4,9.970463725185635,-0.0030171315710258995
2025-08-12,21681.9,9.984233090089948,0.013769364904312908
2025-08-13,21713.14,9.985672886223181,0.0014397961332335285
2025-08-14,21710.67,9.98555912375035,-0.0001137624728304587
2025-08-15,21622.98,9.981511917032432,-0.0040472067179191384
2025-08-18,21629.77,9.981825885511004,0.0003139684785722352
2025-08-19,21314.95,9.967163983430666,-0.014661902080337796
2025-08-20,21172.86,9.960475451839299,-0.006688531591366953
2025-08-21,21100.31,9.95704301129936,-0.0034324405399388525
2025-08-22,21496.53,9.975646805741286,0.01860379444192617
2025-08-25,21449.29,9.973446823575237,-0.002199982166048997
2025-08-26,21544.27,9.977865166904548,0.004418343329311014
2025-08-27,21590.14,9.979992007971386,0.0021268410668380255
2025-08-28,21705.16,9.985305299279894,0.0053132913085072175
2025-08-29,21455.55,9.973738632147157,-0.011566667132736796
2025-09-02,21279.63,9.965505556086375,-0.008233076060781386
2025-09-03,21497.73,9.975702627146298,0.01019707105992218
2025-09-04,21707.69,9.985421854631724,0.00971922748542653
2025-09-05,21700.39,9.98508551171728,-0.00033634291444428754
2025-09-08,21798.7,9.989605613971538,0.004520102254257807
2025-09-09,21879.49,9.993304947306306,0.003699333334768795
2025-09-10,21886.06,9.993605183453202,0.00030023614689511646
2025-09-11,22043.07,10.000753545762601,0.007148362309399303
2025-09-12,22141.1,10.005190888858598,0.004437343095997193
2025-09-15,22348.75,10.01452567006603,0.00933478120743203
2025-09-16,22333.96,10.013863669012819,-0.0006620010532110143
2025-09-17,22261.33,10.010606371472342,-0.003257297540477211
2025-09-18,22470.73,10.019968852413118,0.009362480940776408
2025-09-19,22631.48,10.027097136400723,0.007128283987604789
2025-09-22,22788.98,10.034032364765991,0.006935228365268387
2025-09-23,22573.47,10.02453060190204,-0.009501762863951768
2025-09-24,22497.86,10.021175472558053,-0.0033551293439870733
2025-09-25,22384.7,10.016132968753677,-0.005042503804375542
2025-09-26,22484.07,10.02056233744215,0.004429368688473545
2025-09-29,22591.15,10.025313515647493,0.004751178205342654
2025-09-30,22660.01,10.028356975888167,0.003043460240673923
2025-10-01,22755.16,10.032547211847687,0.004190235959519839
2025-10-02,22844.05,10.036445968540894,0.0038987566932071616
2025-10-03,22780.51,10.033660624810265,-0.0027853437306291084
2025-10-06,22941.67,10.040710186638728,0.007049561828463169
2025-10-07,22788.36,10.034005158263811,-0.006705028374916822
2025-10-08,23043.38,10.04513380543912,0.01112864717530826
2025-10-09,23024.63,10.044319791504707,-0.0008140139344128272
2025-10-10,22204.43,10.008047097502557,-0.036272694002150274
2025-10-13,22694.61,10.029882730341061,0.021835632838504537
2025-10-14,22521.7,10.022234567859224,-0.007648162481837417
2025-10-15,22670.08,10.028801272388158,0.006566704528934153
2025-10-16,22562.54,10.02404628792685,-0.004754984461307288
2025-10-17,22679.97,10.02923743508949,0.0051911471626393535
2025-10-20,22990.54,10.042838105954626,0.013600670865136166
2025-10-21,22953.67,10.041233115558024,-0.001604990396602446
2025-10-22,22740.4,10.031898357299339,-0.009334758258685127
2025-10-23,22941.8,10.040715853167438,0.008817495868099101
2025-10-24,23204.87,10.052117449418688,0.011401596251250368
2025-10-27,23637.46,10.070588020738946,0.018470571320257534
2025-10-28,23827.49,10.078595235128553,0.008007214389607498
2025-10-29,23958.47,10.084077193763099,0.005481958634545592
2025-10-30,23581.14,10.068202518978708,-0.015874674784390308
2025-10-31,23724.96,10.074282937491459,0.006080418512750541
2025-11-03,23834.72,10.078898620139675,0.004615682648216435
2025-11-04,23348.64,10.058294017289441,-0.020604602850234244
2025-11-05,23499.8,10.064747189457737,0.006453172168296106
2025-11-06,23053.99,10.045594135396659,-0.01915305406107848
2025-11-07,23004.54,10.043446866736534,-0.0021472686601242685
2025-11-10,23527.17,10.065911202494952,0.022464335758417775
2025-11-11,23468.3,10.063405853328625,-0.0025053491663271643
2025-11-12,23406.46,10.060767331622,-0.002638521706625596
2025-11-13,22870.36,10.037597028038542,-0.023170303583457397
2025-11-14,22900.59,10.03891795340258,0.0013209253640376062
2025-11-17,22708.07,10.030475646899923,-0.008442306502656649
2025-11-18,22432.85,10.018281681413141,-0.012193965486781977
2025-11-19,22564.23,10.024121188036068,0.005839506622926649
2025-11-20,22078.05,10.002339181273621,-0.02178200676244657
2025-11-21,22273.08,10.011134053337788,0.008794872064166626
2025-11-24,22872.01,10.037669171217862,0.026535117880074566
2025-11-25,23025.59,10.0443614851166,0.006692313898737368
2025-11-26,23214.69,10.052540546929585,0.008179061812985111
2025-11-28,23365.69,10.059023986048794,0.006483439119209677
2025-12-01,23275.92,10.055174628753985,-0.003849357294809508
2025-12-02,23413.67,10.061075318808578,0.005900690054593483
2025-12-03,23454.09,10.062800172312189,0.0017248535036102908
2025-12-04,23505.14,10.064974399620029,0.0021742273078402263
2025-12-05,23578.13,10.068074866451258,0.0031004668312295536
2025-12-08,23545.9,10.066706986623263,-0.0013678798279954663
2025-12-09,23576.49,10.06800530804953,0.0012983214262671794
2025-12-10,23654.16,10.071294276971832,0.0032889689223019047
2025-12-11,23593.86,10.068741787672222,-0.002552489299610272
2025-12-12,23195.17,10.051699346324755,-0.01704244134746702
2025-12-15,23057.41,10.045742471816991,-0.005956874507763388
2025-12-16,23111.46,10.048083877387135,0.0023414055701440617
2025-12-17,22693.32,10.029825887034908,-0.018257990352227083
2025-12-18,23006.36,10.043525978425327,0.013700091390418834
2025-12-19,23307.62,10.056535624714925,0.013009646289598109
2025-12-22,23428.83,10.061722594275485,0.005186969560559973
2025-12-23,23561.84,10.067383733187983,0.005661138912497421
2025-12-24,23613.31,10.069565815085879,0.0021820818978959267
2025-12-26,23593.1,10.068709575383062,-0.0008562397028164526
2025-12-29,23474.35,10.063663614662232,-0.005045960720829967
2025-12-30,23419.08,10.061306353715734,-0.00235726094649813
2025-12-31,23241.99,10.053715835527155,-0.007590518188578699
