date,ust_10_yr
1962-01-02,0.0406
1962-01-03,0.0403
1962-01-04,0.039900000000000005
1962-01-05,0.04019999999999999
1962-01-08,0.0403
1962-01-09,0.0405
1962-01-10,0.0407
1962-01-11,0.0408
1962-01-12,0.0408
1962-01-15,0.040999999999999995
1962-01-16,0.041299999999999996
1962-01-17,0.0412
1962-01-18,0.041100000000000005
1962-01-19,0.041100000000000005
1962-01-22,0.0409
1962-01-23,0.041100000000000005
1962-01-24,0.040999999999999995
1962-01-25,0.041100000000000005
1962-01-26,0.041100000000000005
1962-01-29,0.0412
1962-01-30,0.041100000000000005
1962-01-31,0.040999999999999995
1962-02-01,0.0409
1962-02-02,0.0408
1962-02-05,0.0407
1962-02-06,0.0406
1962-02-07,0.0407
1962-02-08,0.0407
1962-02-09,0.0405
1962-02-13,0.0403
1962-02-14,0.0403
1962-02-15,0.04019999999999999
1962-02-16,0.04019999999999999
1962-02-19,0.0401
1962-02-20,0.0405
1962-02-21,0.0403
1962-02-23,0.04019999999999999
1962-02-26,0.04
1962-02-27,0.0401
1962-02-28,0.04
1962-03-01,0.0398
1962-03-02,0.0398
1962-03-05,0.04
1962-03-06,0.0401
1962-03-07,0.04
1962-03-08,0.0398
1962-03-09,0.039599999999999996
1962-03-12,0.0394
1962-03-13,0.0392
1962-03-14,0.0393
1962-03-15,0.039599999999999996
1962-03-16,0.039599999999999996
1962-03-19,0.0393
1962-03-20,0.0391
1962-03-21,0.038599999999999995
1962-03-22,0.0383
1962-03-23,0.0387
1962-03-26,0.038900000000000004
1962-03-27,0.039
1962-03-28,0.039
1962-03-29,0.039
1962-03-30,0.038599999999999995
1962-04-02,0.038599999999999995
1962-04-03,0.0383
1962-04-04,0.0378
1962-04-05,0.0384
1962-04-06,0.0381
1962-04-09,0.0383
1962-04-10,0.0383
1962-04-11,0.0387
1962-04-12,0.038599999999999995
1962-04-13,0.0385
1962-04-16,0.0383
1962-04-17,0.0382
1962-04-18,0.0381
1962-04-19,0.0382
1962-04-23,0.038599999999999995
1962-04-24,0.0387
1962-04-25,0.0388
1962-04-26,0.038900000000000004
1962-04-27,0.038599999999999995
1962-04-30,0.038599999999999995
1962-05-01,0.0385
1962-05-02,0.038599999999999995
1962-05-03,0.038599999999999995
1962-05-04,0.0387
1962-05-07,0.038599999999999995
1962-05-08,0.0385
1962-05-09,0.0382
1962-05-10,0.0383
1962-05-11,0.0382
1962-05-14,0.0385
1962-05-15,0.0387
1962-05-16,0.038599999999999995
1962-05-17,0.0387
1962-05-18,0.0393
1962-05-21,0.0394
1962-05-22,0.0393
1962-05-23,0.0391
1962-05-24,0.039
1962-05-25,0.0388
1962-05-28,0.0387
1962-05-29,0.038900000000000004
1962-05-31,0.039
1962-06-01,0.038900000000000004
1962-06-04,0.0388
1962-06-05,0.038900000000000004
1962-06-06,0.038900000000000004
1962-06-07,0.0387
1962-06-08,0.038599999999999995
1962-06-11,0.0387
1962-06-12,0.038599999999999995
1962-06-13,0.0387
1962-06-14,0.039
1962-06-15,0.038900000000000004
1962-06-18,0.0391
1962-06-19,0.0393
1962-06-20,0.0392
1962-06-21,0.039
1962-06-22,0.039
1962-06-25,0.0395
1962-06-26,0.0397
1962-06-27,0.039599999999999996
1962-06-28,0.0398
1962-06-29,0.04
1962-07-02,0.04
1962-07-03,0.04
1962-07-05,0.04
1962-07-06,0.04019999999999999
1962-07-09,0.0405
1962-07-10,0.04019999999999999
1962-07-11,0.039900000000000005
1962-07-12,0.04
1962-07-13,0.04
1962-07-16,0.0401
1962-07-17,0.0403
1962-07-18,0.04019999999999999
1962-07-19,0.04019999999999999
1962-07-20,0.0401
1962-07-23,0.04
1962-07-24,0.0401
1962-07-25,0.04019999999999999
1962-07-26,0.0401
1962-07-27,0.04019999999999999
1962-07-30,0.0403
1962-07-31,0.0404
1962-08-01,0.0403
1962-08-02,0.04
1962-08-03,0.0401
1962-08-06,0.0401
1962-08-07,0.04019999999999999
1962-08-08,0.0401
1962-08-09,0.039900000000000005
1962-08-10,0.039900000000000005
1962-08-13,0.039900000000000005
1962-08-14,0.0398
1962-08-15,0.0398
1962-08-16,0.039599999999999996
1962-08-17,0.039599999999999996
1962-08-20,0.0394
1962-08-21,0.0394
1962-08-22,0.0395
1962-08-23,0.0395
1962-08-24,0.0395
1962-08-27,0.0395
1962-08-28,0.039599999999999996
1962-08-29,0.039599999999999996
1962-08-30,0.0395
1962-08-31,0.039599999999999996
1962-09-04,0.039599999999999996
1962-09-05,0.0397
1962-09-06,0.039900000000000005
1962-09-07,0.0401
1962-09-10,0.04
1962-09-11,0.04
1962-09-12,0.04
1962-09-13,0.039900000000000005
1962-09-14,0.039900000000000005
1962-09-17,0.039900000000000005
1962-09-18,0.0398
1962-09-19,0.039900000000000005
1962-09-20,0.0398
1962-09-21,0.0398
1962-09-24,0.0397
1962-09-25,0.039599999999999996
1962-09-26,0.0395
1962-09-27,0.0395
1962-09-28,0.0394
1962-10-01,0.0393
1962-10-02,0.0392
1962-10-03,0.039
1962-10-04,0.039
1962-10-05,0.0392
1962-10-08,0.0393
1962-10-09,0.0395
1962-10-10,0.0393
1962-10-11,0.0394
1962-10-15,0.0394
1962-10-16,0.0394
1962-10-17,0.0394
1962-10-18,0.0392
1962-10-19,0.0388
1962-10-22,0.0391
1962-10-23,0.0394
1962-10-24,0.0394
1962-10-25,0.0394
1962-10-26,0.0393
1962-10-29,0.0392
1962-10-30,0.0392
1962-10-31,0.0392
1962-11-01,0.0392
1962-11-02,0.0391
1962-11-05,0.0391
1962-11-07,0.0391
1962-11-08,0.039
1962-11-09,0.038900000000000004
1962-11-13,0.039
1962-11-14,0.0391
1962-11-15,0.0391
1962-11-16,0.0393
1962-11-19,0.0393
1962-11-20,0.0393
1962-11-21,0.0392
1962-11-23,0.0392
1962-11-26,0.0393
1962-11-27,0.0392
1962-11-28,0.0392
1962-11-29,0.0392
1962-11-30,0.0392
1962-12-03,0.0393
1962-12-04,0.0394
1962-12-05,0.0393
1962-12-06,0.0392
1962-12-07,0.0391
1962-12-10,0.039
1962-12-11,0.038900000000000004
1962-12-12,0.0388
1962-12-13,0.0388
1962-12-14,0.0387
1962-12-17,0.0385
1962-12-18,0.0383
1962-12-19,0.0384
1962-12-20,0.0383
1962-12-21,0.0381
1962-12-24,0.0379
1962-12-26,0.0379
1962-12-27,0.0381
1962-12-28,0.0384
1962-12-31,0.0385
1963-01-02,0.0382
1963-01-03,0.0381
1963-01-04,0.0384
1963-01-07,0.0383
1963-01-08,0.0381
1963-01-09,0.0382
1963-01-10,0.0381
1963-01-11,0.038
1963-01-14,0.0381
1963-01-15,0.038
1963-01-16,0.038
1963-01-17,0.0382
1963-01-18,0.0384
1963-01-21,0.0385
1963-01-22,0.038599999999999995
1963-01-23,0.038599999999999995
1963-01-24,0.038599999999999995
1963-01-25,0.0385
1963-01-28,0.038599999999999995
1963-01-29,0.038599999999999995
1963-01-30,0.038599999999999995
1963-01-31,0.0387
1963-02-01,0.0388
1963-02-04,0.038900000000000004
1963-02-05,0.039
1963-02-06,0.0391
1963-02-07,0.0391
1963-02-08,0.0391
1963-02-11,0.0392
1963-02-13,0.0392
1963-02-14,0.0391
1963-02-15,0.0391
1963-02-18,0.0391
1963-02-19,0.0393
1963-02-20,0.0394
1963-02-21,0.0395
1963-02-25,0.0395
1963-02-26,0.0395
1963-02-27,0.0395
1963-02-28,0.0394
1963-03-01,0.0393
1963-03-04,0.0392
1963-03-05,0.0392
1963-03-06,0.0391
1963-03-07,0.0392
1963-03-08,0.0392
1963-03-11,0.0392
1963-03-12,0.0392
1963-03-13,0.0392
1963-03-14,0.0392
1963-03-15,0.0392
1963-03-18,0.0392
1963-03-19,0.0392
1963-03-20,0.0392
1963-03-21,0.0392
1963-03-22,0.0393
1963-03-25,0.0394
1963-03-26,0.039599999999999996
1963-03-27,0.039599999999999996
1963-03-28,0.039599999999999996
1963-03-29,0.0395
1963-04-01,0.0395
1963-04-02,0.039599999999999996
1963-04-03,0.039599999999999996
1963-04-04,0.0395
1963-04-05,0.0395
1963-04-08,0.0397
1963-04-09,0.0398
1963-04-10,0.04
1963-04-11,0.04
1963-04-15,0.0401
1963-04-16,0.04
1963-04-17,0.04
1963-04-18,0.039900000000000005
1963-04-19,0.0397
1963-04-22,0.0397
1963-04-23,0.0397
1963-04-24,0.039599999999999996
1963-04-25,0.0395
1963-04-26,0.0395
1963-04-29,0.0395
1963-04-30,0.0395
1963-05-01,0.0394
1963-05-02,0.0394
1963-05-03,0.0393
1963-05-06,0.0392
1963-05-07,0.0391
1963-05-08,0.0392
1963-05-09,0.0393
1963-05-10,0.0393
1963-05-13,0.0392
1963-05-14,0.0391
1963-05-15,0.0391
1963-05-16,0.039
1963-05-17,0.0392
1963-05-20,0.0393
1963-05-21,0.0392
1963-05-22,0.0392
1963-05-23,0.0393
1963-05-24,0.0395
1963-05-27,0.0395
1963-05-28,0.039599999999999996
1963-05-29,0.039599999999999996
1963-05-31,0.039599999999999996
1963-06-03,0.0398
1963-06-04,0.0398
1963-06-05,0.0398
1963-06-06,0.039900000000000005
1963-06-07,0.039900000000000005
1963-06-10,0.039900000000000005
1963-06-11,0.0398
1963-06-12,0.039900000000000005
1963-06-13,0.039900000000000005
1963-06-14,0.039900000000000005
1963-06-17,0.04
1963-06-18,0.04
1963-06-19,0.04
1963-06-20,0.04
1963-06-21,0.04
1963-06-24,0.04
1963-06-25,0.04
1963-06-26,0.04
1963-06-27,0.04
1963-06-28,0.04
1963-07-01,0.0401
1963-07-02,0.0403
1963-07-03,0.0403
1963-07-05,0.0404
1963-07-08,0.0405
1963-07-09,0.0404
1963-07-10,0.0403
1963-07-11,0.0404
1963-07-12,0.0403
1963-07-15,0.04019999999999999
1963-07-16,0.04019999999999999
1963-07-17,0.0403
1963-07-18,0.04019999999999999
1963-07-19,0.04019999999999999
1963-07-22,0.04019999999999999
1963-07-23,0.04019999999999999
1963-07-24,0.0401
1963-07-25,0.0401
1963-07-26,0.039900000000000005
1963-07-29,0.039900000000000005
1963-07-30,0.04
1963-07-31,0.04
1963-08-01,0.039900000000000005
1963-08-02,0.039900000000000005
1963-08-05,0.039900000000000005
1963-08-06,0.04
1963-08-07,0.0401
1963-08-08,0.04
1963-08-09,0.04
1963-08-12,0.0401
1963-08-13,0.04019999999999999
1963-08-14,0.04019999999999999
1963-08-15,0.0401
1963-08-16,0.04
1963-08-19,0.039900000000000005
1963-08-20,0.039900000000000005
1963-08-21,0.04
1963-08-22,0.04
1963-08-23,0.04
1963-08-26,0.04
1963-08-27,0.04
1963-08-28,0.04
1963-08-29,0.0401
1963-08-30,0.04019999999999999
1963-09-03,0.0403
1963-09-04,0.0404
1963-09-05,0.0408
1963-09-06,0.0409
1963-09-09,0.0409
1963-09-10,0.0409
1963-09-11,0.0409
1963-09-12,0.0409
1963-09-13,0.0409
1963-09-16,0.0409
1963-09-17,0.0409
1963-09-18,0.0408
1963-09-19,0.0408
1963-09-20,0.0407
1963-09-23,0.0407
1963-09-24,0.0408
1963-09-25,0.0408
1963-09-26,0.0408
1963-09-27,0.0407
1963-09-30,0.0407
1963-10-01,0.0407
1963-10-02,0.0407
1963-10-03,0.0407
1963-10-04,0.0408
1963-10-07,0.0408
1963-10-08,0.0409
1963-10-09,0.040999999999999995
1963-10-10,0.040999999999999995
1963-10-11,0.040999999999999995
1963-10-14,0.040999999999999995
1963-10-15,0.041100000000000005
1963-10-16,0.041100000000000005
1963-10-17,0.0412
1963-10-18,0.0412
1963-10-21,0.0412
1963-10-22,0.041100000000000005
1963-10-23,0.0412
1963-10-24,0.041100000000000005
1963-10-25,0.0412
1963-10-28,0.0412
1963-10-29,0.041299999999999996
1963-10-30,0.0414
1963-10-31,0.0415
1963-11-01,0.0415
1963-11-04,0.0415
1963-11-06,0.0417
1963-11-07,0.0417
1963-11-08,0.0416
1963-11-12,0.0416
1963-11-13,0.0415
1963-11-14,0.0412
1963-11-15,0.041100000000000005
1963-11-18,0.041100000000000005
1963-11-19,0.040999999999999995
1963-11-20,0.0409
1963-11-21,0.040999999999999995
1963-11-22,0.0409
1963-11-26,0.0408
1963-11-27,0.0408
1963-11-29,0.0408
1963-12-02,0.0409
1963-12-03,0.040999999999999995
1963-12-04,0.040999999999999995
1963-12-05,0.041100000000000005
1963-12-06,0.041100000000000005
1963-12-09,0.040999999999999995
1963-12-10,0.040999999999999995
1963-12-11,0.0412
1963-12-12,0.0412
1963-12-13,0.041299999999999996
1963-12-16,0.0415
1963-12-17,0.0415
1963-12-18,0.0415
1963-12-19,0.0414
1963-12-20,0.0415
1963-12-23,0.0415
1963-12-24,0.0415
1963-12-26,0.0415
1963-12-27,0.0415
1963-12-30,0.0414
1963-12-31,0.0414
1964-01-02,0.0414
1964-01-03,0.0415
1964-01-06,0.0416
1964-01-07,0.0415
1964-01-08,0.0418
1964-01-09,0.0418
1964-01-10,0.0418
1964-01-13,0.0418
1964-01-14,0.0418
1964-01-15,0.0418
1964-01-16,0.0417
1964-01-17,0.0417
1964-01-20,0.0416
1964-01-21,0.0416
1964-01-22,0.0416
1964-01-23,0.0416
1964-01-24,0.0418
1964-01-27,0.0418
1964-01-28,0.0417
1964-01-29,0.0417
1964-01-30,0.0416
1964-01-31,0.0415
1964-02-03,0.0415
1964-02-04,0.0415
1964-02-05,0.0415
1964-02-06,0.0414
1964-02-07,0.0414
1964-02-10,0.0414
1964-02-11,0.0414
1964-02-13,0.041299999999999996
1964-02-14,0.041299999999999996
1964-02-17,0.041299999999999996
1964-02-18,0.0414
1964-02-19,0.0414
1964-02-20,0.0414
1964-02-24,0.0415
1964-02-25,0.0415
1964-02-26,0.0415
1964-02-27,0.0417
1964-02-28,0.0418
1964-03-02,0.0417
1964-03-03,0.0418
1964-03-04,0.04190000000000001
1964-03-05,0.04190000000000001
1964-03-06,0.04190000000000001
1964-03-09,0.042
1964-03-10,0.042
1964-03-11,0.0421
1964-03-12,0.0421
1964-03-13,0.042199999999999994
1964-03-16,0.0421
1964-03-17,0.042199999999999994
1964-03-18,0.042300000000000004
1964-03-19,0.0424
1964-03-20,0.0425
1964-03-23,0.0425
1964-03-24,0.0426
1964-03-25,0.0426
1964-03-26,0.0425
1964-03-30,0.0425
1964-03-31,0.042300000000000004
1964-04-01,0.042300000000000004
1964-04-02,0.0424
1964-04-03,0.0425
1964-04-06,0.0425
1964-04-07,0.0425
1964-04-08,0.042199999999999994
1964-04-09,0.042199999999999994
1964-04-10,0.042199999999999994
1964-04-13,0.042300000000000004
1964-04-14,0.0424
1964-04-15,0.042300000000000004
1964-04-16,0.042300000000000004
1964-04-17,0.0424
1964-04-20,0.0424
1964-04-21,0.042300000000000004
1964-04-22,0.042300000000000004
1964-04-23,0.042300000000000004
1964-04-24,0.042300000000000004
1964-04-27,0.042300000000000004
1964-04-28,0.042300000000000004
1964-04-29,0.042199999999999994
1964-04-30,0.042199999999999994
1964-05-01,0.042199999999999994
1964-05-04,0.042199999999999994
1964-05-05,0.042199999999999994
1964-05-06,0.042199999999999994
1964-05-07,0.042199999999999994
1964-05-08,0.042
1964-05-11,0.04190000000000001
1964-05-12,0.04190000000000001
1964-05-13,0.04190000000000001
1964-05-14,0.04190000000000001
1964-05-15,0.04190000000000001
1964-05-18,0.04190000000000001
1964-05-19,0.04190000000000001
1964-05-20,0.042
1964-05-21,0.042
1964-05-22,0.042
1964-05-25,0.04190000000000001
1964-05-26,0.04190000000000001
1964-05-27,0.042
1964-05-28,0.04190000000000001
1964-06-01,0.04190000000000001
1964-06-02,0.04190000000000001
1964-06-03,0.04190000000000001
1964-06-04,0.04190000000000001
1964-06-05,0.0418
1964-06-08,0.0418
1964-06-09,0.0417
1964-06-10,0.0417
1964-06-11,0.0418
1964-06-12,0.0418
1964-06-15,0.0418
1964-06-16,0.0418
1964-06-17,0.0418
1964-06-18,0.0417
1964-06-19,0.0416
1964-06-22,0.0415
1964-06-23,0.0415
1964-06-24,0.0415
1964-06-25,0.0415
1964-06-26,0.0415
1964-06-29,0.0415
1964-06-30,0.0415
1964-07-01,0.0415
1964-07-02,0.0415
1964-07-06,0.0416
1964-07-07,0.0415
1964-07-08,0.0415
1964-07-09,0.0418
1964-07-10,0.04190000000000001
1964-07-13,0.04190000000000001
1964-07-14,0.04190000000000001
1964-07-15,0.04190000000000001
1964-07-16,0.04190000000000001
1964-07-17,0.042
1964-07-20,0.0421
1964-07-21,0.042
1964-07-22,0.0421
1964-07-23,0.042
1964-07-24,0.042
1964-07-27,0.042
1964-07-28,0.042
1964-07-29,0.042
1964-07-30,0.04190000000000001
1964-07-31,0.04190000000000001
1964-08-03,0.04190000000000001
1964-08-04,0.04190000000000001
1964-08-05,0.04190000000000001
1964-08-06,0.0418
1964-08-07,0.04190000000000001
1964-08-10,0.04190000000000001
1964-08-11,0.042
1964-08-12,0.042
1964-08-13,0.04190000000000001
1964-08-14,0.04190000000000001
1964-08-17,0.04190000000000001
1964-08-18,0.04190000000000001
1964-08-19,0.04190000000000001
1964-08-20,0.04190000000000001
1964-08-21,0.04190000000000001
1964-08-24,0.04190000000000001
1964-08-25,0.042
1964-08-26,0.042
1964-08-27,0.042
1964-08-28,0.0421
1964-08-31,0.0421
1964-09-01,0.0421
1964-09-02,0.042199999999999994
1964-09-03,0.042199999999999994
1964-09-04,0.042199999999999994
1964-09-08,0.042199999999999994
1964-09-09,0.042199999999999994
1964-09-10,0.042199999999999994
1964-09-11,0.042199999999999994
1964-09-14,0.042199999999999994
1964-09-15,0.042199999999999994
1964-09-16,0.0421
1964-09-17,0.042
1964-09-18,0.042
1964-09-21,0.04190000000000001
1964-09-22,0.04190000000000001
1964-09-23,0.04190000000000001
1964-09-24,0.04190000000000001
1964-09-25,0.04190000000000001
1964-09-28,0.0417
1964-09-29,0.0418
1964-09-30,0.0418
1964-10-01,0.0418
1964-10-02,0.0418
1964-10-05,0.042
1964-10-06,0.04190000000000001
1964-10-07,0.04190000000000001
1964-10-08,0.04190000000000001
1964-10-09,0.04190000000000001
1964-10-13,0.04190000000000001
1964-10-14,0.04190000000000001
1964-10-15,0.042
1964-10-16,0.0421
1964-10-19,0.0421
1964-10-20,0.042
1964-10-21,0.04190000000000001
1964-10-22,0.04190000000000001
1964-10-23,0.04190000000000001
1964-10-26,0.04190000000000001
1964-10-27,0.0418
1964-10-28,0.0417
1964-10-29,0.0416
1964-10-30,0.0416
1964-11-02,0.0415
1964-11-04,0.0415
1964-11-05,0.0415
1964-11-06,0.0415
1964-11-09,0.0415
1964-11-10,0.0414
1964-11-12,0.0412
1964-11-13,0.041299999999999996
1964-11-16,0.041299999999999996
1964-11-17,0.0414
1964-11-18,0.0414
1964-11-19,0.041299999999999996
1964-11-20,0.041299999999999996
1964-11-23,0.0418
1964-11-24,0.0418
1964-11-25,0.04190000000000001
1964-11-27,0.04190000000000001
1964-11-30,0.042
1964-12-01,0.042
1964-12-02,0.04190000000000001
1964-12-03,0.0418
1964-12-04,0.0418
1964-12-07,0.0417
1964-12-08,0.0416
1964-12-09,0.0416
1964-12-10,0.0415
1964-12-11,0.0415
1964-12-14,0.0416
1964-12-15,0.0417
1964-12-16,0.0418
1964-12-17,0.0418
1964-12-18,0.04190000000000001
1964-12-21,0.0418
1964-12-22,0.0418
1964-12-23,0.04190000000000001
1964-12-24,0.04190000000000001
1964-12-28,0.04190000000000001
1964-12-29,0.04190000000000001
1964-12-30,0.042
1964-12-31,0.0421
1965-01-04,0.042
1965-01-05,0.042
1965-01-06,0.042
1965-01-07,0.042
1965-01-08,0.042
1965-01-11,0.042
1965-01-12,0.04190000000000001
1965-01-13,0.04190000000000001
1965-01-14,0.04190000000000001
1965-01-15,0.04190000000000001
1965-01-18,0.04190000000000001
1965-01-19,0.0418
1965-01-20,0.0418
1965-01-21,0.0417
1965-01-22,0.0417
1965-01-25,0.0418
1965-01-26,0.04190000000000001
1965-01-27,0.04190000000000001
1965-01-28,0.04190000000000001
1965-01-29,0.04190000000000001
1965-02-01,0.042
1965-02-02,0.042
1965-02-03,0.042
1965-02-04,0.0421
1965-02-05,0.042199999999999994
1965-02-08,0.0421
1965-02-09,0.0421
1965-02-10,0.0421
1965-02-11,0.0421
1965-02-15,0.042199999999999994
1965-02-16,0.0421
1965-02-17,0.0421
1965-02-18,0.0421
1965-02-19,0.042199999999999994
1965-02-23,0.0421
1965-02-24,0.042199999999999994
1965-02-25,0.0421
1965-02-26,0.042199999999999994
1965-03-01,0.042199999999999994
1965-03-02,0.0424
1965-03-03,0.042300000000000004
1965-03-04,0.042199999999999994
1965-03-05,0.042300000000000004
1965-03-08,0.042300000000000004
1965-03-09,0.042300000000000004
1965-03-10,0.042300000000000004
1965-03-11,0.042199999999999994
1965-03-12,0.042199999999999994
1965-03-15,0.0421
1965-03-16,0.0421
1965-03-17,0.042
1965-03-18,0.042
1965-03-19,0.042
1965-03-22,0.04190000000000001
1965-03-23,0.04190000000000001
1965-03-24,0.0418
1965-03-25,0.04190000000000001
1965-03-26,0.042
1965-03-29,0.042
1965-03-30,0.042
1965-03-31,0.042
1965-04-01,0.042
1965-04-02,0.042
1965-04-05,0.042
1965-04-06,0.042
1965-04-07,0.042
1965-04-08,0.04190000000000001
1965-04-09,0.042
1965-04-12,0.042
1965-04-13,0.042
1965-04-14,0.04190000000000001
1965-04-15,0.042
1965-04-19,0.0421
1965-04-20,0.0421
1965-04-21,0.0421
1965-04-22,0.0421
1965-04-23,0.0421
1965-04-26,0.0421
1965-04-27,0.0421
1965-04-28,0.0421
1965-04-29,0.0421
1965-04-30,0.0421
1965-05-03,0.0421
1965-05-04,0.042
1965-05-05,0.042
1965-05-06,0.042
1965-05-07,0.042
1965-05-10,0.042
1965-05-11,0.042
1965-05-12,0.042
1965-05-13,0.0421
1965-05-14,0.0421
1965-05-17,0.0421
1965-05-18,0.042199999999999994
1965-05-19,0.042199999999999994
1965-05-20,0.042199999999999994
1965-05-21,0.042199999999999994
1965-05-24,0.042199999999999994
1965-05-25,0.042199999999999994
1965-05-26,0.042199999999999994
1965-05-27,0.042199999999999994
1965-05-28,0.042300000000000004
1965-06-01,0.042300000000000004
1965-06-02,0.042300000000000004
1965-06-03,0.042300000000000004
1965-06-04,0.042300000000000004
1965-06-07,0.042300000000000004
1965-06-08,0.042300000000000004
1965-06-09,0.042300000000000004
1965-06-10,0.042300000000000004
1965-06-11,0.042300000000000004
1965-06-14,0.0421
1965-06-15,0.0421
1965-06-16,0.0421
1965-06-17,0.0421
1965-06-18,0.0421
1965-06-21,0.042
1965-06-22,0.042
1965-06-23,0.042
1965-06-24,0.04190000000000001
1965-06-25,0.04190000000000001
1965-06-28,0.04190000000000001
1965-06-29,0.042
1965-06-30,0.042
1965-07-01,0.042
1965-07-02,0.0421
1965-07-06,0.0421
1965-07-07,0.0421
1965-07-08,0.042
1965-07-09,0.0421
1965-07-12,0.0421
1965-07-13,0.0421
1965-07-14,0.0421
1965-07-15,0.042
1965-07-16,0.042
1965-07-19,0.042
1965-07-20,0.042
1965-07-21,0.042
1965-07-22,0.042
1965-07-23,0.042
1965-07-26,0.042
1965-07-27,0.042
1965-07-28,0.042
1965-07-29,0.0421
1965-07-30,0.042199999999999994
1965-08-02,0.042199999999999994
1965-08-03,0.042199999999999994
1965-08-04,0.042300000000000004
1965-08-05,0.042300000000000004
1965-08-06,0.0424
1965-08-09,0.0424
1965-08-10,0.0424
1965-08-11,0.0425
1965-08-12,0.0425
1965-08-13,0.0425
1965-08-16,0.0426
1965-08-17,0.042699999999999995
1965-08-18,0.0426
1965-08-19,0.0426
1965-08-20,0.0426
1965-08-23,0.0426
1965-08-24,0.042699999999999995
1965-08-25,0.0426
1965-08-26,0.042699999999999995
1965-08-27,0.042699999999999995
1965-08-30,0.042699999999999995
1965-08-31,0.042699999999999995
1965-09-01,0.042800000000000005
1965-09-02,0.042800000000000005
1965-09-03,0.042699999999999995
1965-09-07,0.042699999999999995
1965-09-08,0.042699999999999995
1965-09-09,0.042699999999999995
1965-09-10,0.042800000000000005
1965-09-13,0.042800000000000005
1965-09-14,0.042800000000000005
1965-09-15,0.042800000000000005
1965-09-16,0.042699999999999995
1965-09-17,0.042699999999999995
1965-09-20,0.042699999999999995
1965-09-21,0.042800000000000005
1965-09-22,0.0429
1965-09-23,0.043
1965-09-24,0.0431
1965-09-27,0.0431
1965-09-28,0.0433
1965-09-29,0.0436
1965-09-30,0.0435
1965-10-01,0.0436
1965-10-04,0.0435
1965-10-05,0.0433
1965-10-06,0.0432
1965-10-07,0.0431
1965-10-08,0.0432
1965-10-11,0.0431
1965-10-13,0.043
1965-10-14,0.0431
1965-10-15,0.0434
1965-10-18,0.0434
1965-10-19,0.0435
1965-10-20,0.0436
1965-10-21,0.0437
1965-10-22,0.0436
1965-10-25,0.0438
1965-10-26,0.0438
1965-10-27,0.043899999999999995
1965-10-28,0.044000000000000004
1965-10-29,0.0441
1965-11-01,0.0443
1965-11-03,0.0443
1965-11-04,0.0443
1965-11-05,0.0443
1965-11-08,0.044500000000000005
1965-11-09,0.0447
1965-11-10,0.0446
1965-11-12,0.0444
1965-11-15,0.044500000000000005
1965-11-16,0.0444
1965-11-17,0.044500000000000005
1965-11-18,0.044500000000000005
1965-11-19,0.0446
1965-11-22,0.044500000000000005
1965-11-23,0.044500000000000005
1965-11-24,0.044500000000000005
1965-11-26,0.044500000000000005
1965-11-29,0.0446
1965-11-30,0.044800000000000006
1965-12-01,0.0452
1965-12-02,0.0452
1965-12-03,0.0452
1965-12-06,0.0461
1965-12-07,0.045899999999999996
1965-12-08,0.046
1965-12-09,0.046
1965-12-10,0.046
1965-12-13,0.04650000000000001
1965-12-14,0.0467
1965-12-15,0.0467
1965-12-16,0.0466
1965-12-17,0.04650000000000001
1965-12-20,0.0461
1965-12-21,0.0464
1965-12-22,0.04650000000000001
1965-12-23,0.04650000000000001
1965-12-27,0.0462
1965-12-28,0.0461
1965-12-29,0.0462
1965-12-30,0.0463
1965-12-31,0.04650000000000001
1966-01-03,0.0463
1966-01-04,0.04650000000000001
1966-01-05,0.0463
1966-01-06,0.046
1966-01-07,0.046
1966-01-10,0.0461
1966-01-11,0.046
1966-01-12,0.045599999999999995
1966-01-13,0.0458
1966-01-14,0.045899999999999996
1966-01-17,0.0461
1966-01-18,0.0461
1966-01-19,0.0461
1966-01-20,0.046
1966-01-21,0.045899999999999996
1966-01-24,0.046
1966-01-25,0.0461
1966-01-26,0.0461
1966-01-27,0.0463
1966-01-28,0.04650000000000001
1966-01-31,0.046900000000000004
1966-02-01,0.046900000000000004
1966-02-02,0.047
1966-02-03,0.047
1966-02-04,0.0471
1966-02-07,0.0473
1966-02-08,0.0472
1966-02-09,0.047400000000000005
1966-02-10,0.0478
1966-02-11,0.048600000000000004
1966-02-14,0.0487
1966-02-15,0.048799999999999996
1966-02-16,0.0489
1966-02-17,0.048799999999999996
1966-02-18,0.049
1966-02-21,0.0492
1966-02-23,0.0492
1966-02-24,0.0493
1966-02-25,0.049699999999999994
1966-02-28,0.050199999999999995
1966-03-01,0.0501
1966-03-02,0.05
1966-03-03,0.05
1966-03-04,0.049800000000000004
1966-03-07,0.0496
1966-03-08,0.0493
1966-03-09,0.0493
1966-03-10,0.0495
1966-03-11,0.0496
1966-03-14,0.049400000000000006
1966-03-15,0.049100000000000005
1966-03-16,0.049
1966-03-17,0.048600000000000004
1966-03-18,0.0484
1966-03-21,0.0481
1966-03-22,0.0478
1966-03-23,0.0473
1966-03-24,0.047599999999999996
1966-03-25,0.0482
1966-03-28,0.0481
1966-03-29,0.048
1966-03-30,0.047
1966-03-31,0.0471
1966-04-01,0.047
1966-04-04,0.046900000000000004
1966-04-05,0.0466
1966-04-06,0.0471
1966-04-07,0.0473
1966-04-11,0.0473
1966-04-12,0.0473
1966-04-13,0.047400000000000005
1966-04-14,0.047599999999999996
1966-04-15,0.04769999999999999
1966-04-18,0.047599999999999996
1966-04-19,0.047599999999999996
1966-04-20,0.048
1966-04-21,0.04769999999999999
1966-04-22,0.04769999999999999
1966-04-25,0.0478
1966-04-26,0.0479
1966-04-27,0.0478
1966-04-28,0.0478
1966-04-29,0.0479
1966-05-02,0.048
1966-05-03,0.0481
1966-05-04,0.0481
1966-05-05,0.0481
1966-05-06,0.0479
1966-05-09,0.0475
1966-05-10,0.0475
1966-05-11,0.04769999999999999
1966-05-12,0.04769999999999999
1966-05-13,0.04769999999999999
1966-05-16,0.04769999999999999
1966-05-17,0.0475
1966-05-18,0.0475
1966-05-19,0.0475
1966-05-20,0.0475
1966-05-23,0.04769999999999999
1966-05-24,0.0479
1966-05-25,0.0478
1966-05-26,0.048
1966-05-27,0.0481
1966-05-31,0.048
1966-06-01,0.0479
1966-06-02,0.04769999999999999
1966-06-03,0.0478
1966-06-06,0.0479
1966-06-07,0.0481
1966-06-08,0.0483
1966-06-09,0.0483
1966-06-10,0.0483
1966-06-13,0.0483
1966-06-14,0.0483
1966-06-15,0.0479
1966-06-16,0.0481
1966-06-17,0.048
1966-06-20,0.047599999999999996
1966-06-21,0.0475
1966-06-22,0.047599999999999996
1966-06-23,0.04769999999999999
1966-06-24,0.048
1966-06-27,0.0483
1966-06-28,0.0489
1966-06-29,0.049
1966-06-30,0.049699999999999994
1966-07-01,0.0499
1966-07-05,0.0496
1966-07-06,0.0495
1966-07-07,0.0495
1966-07-08,0.049699999999999994
1966-07-11,0.050300000000000004
1966-07-12,0.050499999999999996
1966-07-13,0.0507
1966-07-14,0.051
1966-07-15,0.0509
1966-07-18,0.0504
1966-07-19,0.050300000000000004
1966-07-20,0.050199999999999995
1966-07-21,0.0504
1966-07-22,0.050199999999999995
1966-07-25,0.0499
1966-07-26,0.0499
1966-07-27,0.0499
1966-07-28,0.050300000000000004
1966-07-29,0.050499999999999996
1966-08-01,0.050499999999999996
1966-08-02,0.0504
1966-08-03,0.0506
1966-08-04,0.0507
1966-08-05,0.0507
1966-08-08,0.0508
1966-08-09,0.051
1966-08-10,0.051
1966-08-11,0.051100000000000007
1966-08-12,0.051100000000000007
1966-08-15,0.051500000000000004
1966-08-16,0.0518
1966-08-17,0.0524
1966-08-18,0.0529
1966-08-19,0.053099999999999994
1966-08-22,0.0529
1966-08-23,0.0533
1966-08-24,0.0536
1966-08-25,0.053899999999999997
1966-08-26,0.0548
1966-08-29,0.055099999999999996
1966-08-30,0.0548
1966-08-31,0.0536
1966-09-01,0.053
1966-09-02,0.052300000000000006
1966-09-06,0.0519
1966-09-07,0.052000000000000005
1966-09-08,0.0518
1966-09-09,0.051699999999999996
1966-09-12,0.0518
1966-09-13,0.0516
1966-09-14,0.0521
1966-09-15,0.0525
1966-09-16,0.0524
1966-09-19,0.053200000000000004
1966-09-20,0.0527
1966-09-21,0.0521
1966-09-22,0.051500000000000004
1966-09-23,0.051699999999999996
1966-09-26,0.051699999999999996
1966-09-27,0.0513
1966-09-28,0.0509
1966-09-29,0.0499
1966-09-30,0.050199999999999995
1966-10-03,0.0508
1966-10-04,0.0506
1966-10-05,0.050499999999999996
1966-10-06,0.050300000000000004
1966-10-07,0.050199999999999995
1966-10-10,0.050499999999999996
1966-10-11,0.050499999999999996
1966-10-13,0.0507
1966-10-14,0.0506
1966-10-17,0.0504
1966-10-18,0.0499
1966-10-19,0.05
1966-10-20,0.050199999999999995
1966-10-21,0.049400000000000006
1966-10-24,0.049400000000000006
1966-10-25,0.049400000000000006
1966-10-26,0.0496
1966-10-27,0.0499
1966-10-28,0.049699999999999994
1966-10-31,0.049699999999999994
1966-11-01,0.0499
1966-11-02,0.0504
1966-11-03,0.0506
1966-11-04,0.051100000000000007
1966-11-07,0.051100000000000007
1966-11-09,0.0512
1966-11-10,0.051699999999999996
1966-11-14,0.0519
1966-11-15,0.0521
1966-11-16,0.052199999999999996
1966-11-17,0.052300000000000006
1966-11-18,0.052199999999999996
1966-11-21,0.051699999999999996
1966-11-22,0.052000000000000005
1966-11-23,0.052199999999999996
1966-11-25,0.052300000000000006
1966-11-28,0.0519
1966-11-29,0.051500000000000004
1966-11-30,0.0512
1966-12-01,0.0509
1966-12-02,0.050300000000000004
1966-12-05,0.0506
1966-12-06,0.0507
1966-12-07,0.0507
1966-12-08,0.051
1966-12-09,0.050499999999999996
1966-12-12,0.0493
1966-12-13,0.048600000000000004
1966-12-14,0.0483
1966-12-15,0.047599999999999996
1966-12-16,0.0478
1966-12-19,0.0472
1966-12-20,0.046900000000000004
1966-12-21,0.0466
1966-12-22,0.046799999999999994
1966-12-23,0.0467
1966-12-27,0.0471
1966-12-28,0.0464
1966-12-29,0.0466
1966-12-30,0.0464
1967-01-03,0.046900000000000004
1967-01-04,0.04650000000000001
1967-01-05,0.0463
1967-01-06,0.0464
1967-01-09,0.0471
1967-01-10,0.046900000000000004
1967-01-11,0.0454
1967-01-12,0.0455
1967-01-13,0.0451
1967-01-16,0.0449
1967-01-17,0.0451
1967-01-18,0.0453
1967-01-19,0.0458
1967-01-20,0.046
1967-01-23,0.046
1967-01-24,0.04650000000000001
1967-01-25,0.0462
1967-01-26,0.045
1967-01-27,0.0447
1967-01-30,0.044800000000000006
1967-01-31,0.0452
1967-02-01,0.0452
1967-02-02,0.0451
1967-02-03,0.0452
1967-02-06,0.0453
1967-02-07,0.0454
1967-02-08,0.0454
1967-02-09,0.0453
1967-02-10,0.045899999999999996
1967-02-14,0.0464
1967-02-15,0.046900000000000004
1967-02-16,0.0467
1967-02-17,0.046799999999999994
1967-02-20,0.047
1967-02-21,0.0471
1967-02-23,0.047400000000000005
1967-02-24,0.0473
1967-02-27,0.0472
1967-02-28,0.0472
1967-03-01,0.0466
1967-03-02,0.0463
1967-03-03,0.0462
1967-03-06,0.0461
1967-03-07,0.046
1967-03-08,0.0461
1967-03-09,0.045700000000000005
1967-03-10,0.0458
1967-03-13,0.045599999999999995
1967-03-14,0.0453
1967-03-15,0.0449
1967-03-16,0.044500000000000005
1967-03-17,0.0447
1967-03-20,0.044500000000000005
1967-03-21,0.0451
1967-03-22,0.0452
1967-03-23,0.045
1967-03-27,0.0452
1967-03-28,0.0452
1967-03-29,0.0452
1967-03-30,0.045
1967-03-31,0.045
1967-04-03,0.045
1967-04-04,0.0449
1967-04-05,0.045
1967-04-06,0.0449
1967-04-07,0.044800000000000006
1967-04-10,0.045
1967-04-11,0.0451
1967-04-12,0.0451
1967-04-13,0.0454
1967-04-14,0.045599999999999995
1967-04-17,0.0461
1967-04-18,0.0463
1967-04-19,0.0463
1967-04-20,0.0463
1967-04-21,0.0466
1967-04-24,0.046799999999999994
1967-04-25,0.0471
1967-04-26,0.0473
1967-04-27,0.0473
1967-04-28,0.0478
1967-05-01,0.04769999999999999
1967-05-02,0.0475
1967-05-03,0.0475
1967-05-04,0.047599999999999996
1967-05-05,0.04769999999999999
1967-05-08,0.0483
1967-05-09,0.0487
1967-05-10,0.0487
1967-05-11,0.0484
1967-05-12,0.0482
1967-05-15,0.048600000000000004
1967-05-16,0.0487
1967-05-17,0.048799999999999996
1967-05-18,0.048799999999999996
1967-05-19,0.0489
1967-05-22,0.049400000000000006
1967-05-23,0.049400000000000006
1967-05-24,0.0493
1967-05-25,0.0492
1967-05-26,0.048600000000000004
1967-05-29,0.0484
1967-05-31,0.0481
1967-06-01,0.0481
1967-06-02,0.0482
1967-06-05,0.048499999999999995
1967-06-06,0.0484
1967-06-07,0.0484
1967-06-08,0.048600000000000004
1967-06-09,0.0489
1967-06-12,0.049400000000000006
1967-06-13,0.0495
1967-06-14,0.050199999999999995
1967-06-15,0.050199999999999995
1967-06-16,0.0507
1967-06-19,0.0507
1967-06-20,0.051399999999999994
1967-06-21,0.051399999999999994
1967-06-22,0.0513
1967-06-23,0.051399999999999994
1967-06-26,0.0516
1967-06-27,0.0521
1967-06-28,0.0518
1967-06-29,0.052000000000000005
1967-06-30,0.052199999999999996
1967-07-03,0.052199999999999996
1967-07-05,0.051699999999999996
1967-07-06,0.051100000000000007
1967-07-07,0.051500000000000004
1967-07-10,0.0516
1967-07-11,0.0509
1967-07-12,0.0506
1967-07-13,0.0508
1967-07-14,0.0508
1967-07-17,0.0509
1967-07-18,0.0516
1967-07-19,0.0518
1967-07-20,0.052000000000000005
1967-07-21,0.052000000000000005
1967-07-24,0.052300000000000006
1967-07-25,0.052300000000000006
1967-07-26,0.052300000000000006
1967-07-27,0.052000000000000005
1967-07-28,0.0518
1967-07-31,0.0516
1967-08-01,0.0518
1967-08-02,0.0521
1967-08-03,0.052000000000000005
1967-08-04,0.0526
1967-08-07,0.053
1967-08-08,0.0528
1967-08-09,0.0527
1967-08-10,0.0528
1967-08-11,0.0529
1967-08-14,0.0529
1967-08-15,0.0529
1967-08-16,0.0528
1967-08-17,0.0528
1967-08-18,0.0528
1967-08-21,0.053
1967-08-22,0.053
1967-08-23,0.053099999999999994
1967-08-24,0.053099999999999994
1967-08-25,0.053200000000000004
1967-08-28,0.0529
1967-08-29,0.0527
1967-08-30,0.0528
1967-08-31,0.0527
1967-09-01,0.0525
1967-09-05,0.052199999999999996
1967-09-06,0.052000000000000005
1967-09-07,0.052000000000000005
1967-09-08,0.0526
1967-09-11,0.0528
1967-09-12,0.0529
1967-09-13,0.0527
1967-09-14,0.0528
1967-09-15,0.0529
1967-09-18,0.053
1967-09-19,0.0535
1967-09-20,0.053399999999999996
1967-09-21,0.0536
1967-09-22,0.0536
1967-09-25,0.0538
1967-09-26,0.0537
1967-09-27,0.0537
1967-09-28,0.0536
1967-09-29,0.053099999999999994
1967-10-02,0.0535
1967-10-03,0.0535
1967-10-04,0.0537
1967-10-05,0.0537
1967-10-06,0.0537
1967-10-09,0.053899999999999997
1967-10-10,0.0542
1967-10-11,0.0542
1967-10-13,0.0545
1967-10-16,0.0547
1967-10-17,0.054900000000000004
1967-10-18,0.0552
1967-10-19,0.0553
1967-10-20,0.0552
1967-10-23,0.0556
1967-10-24,0.0556
1967-10-25,0.0557
1967-10-26,0.0558
1967-10-27,0.0557
1967-10-30,0.055999999999999994
1967-10-31,0.0564
1967-11-01,0.057
1967-11-02,0.0571
1967-11-03,0.0575
1967-11-06,0.057699999999999994
1967-11-08,0.0574
1967-11-09,0.057800000000000004
1967-11-10,0.0583
1967-11-13,0.0587
1967-11-14,0.0581
1967-11-15,0.057800000000000004
1967-11-16,0.0572
1967-11-17,0.0575
1967-11-20,0.058499999999999996
1967-11-21,0.0571
1967-11-22,0.057
1967-11-24,0.057800000000000004
1967-11-27,0.0576
1967-11-28,0.0565
1967-11-29,0.0567
1967-11-30,0.0574
1967-12-01,0.057800000000000004
1967-12-04,0.0576
1967-12-05,0.0574
1967-12-06,0.056900000000000006
1967-12-07,0.0571
1967-12-08,0.0572
1967-12-11,0.0574
1967-12-12,0.0575
1967-12-13,0.0571
1967-12-14,0.057
1967-12-15,0.0571
1967-12-18,0.056799999999999996
1967-12-19,0.056600000000000004
1967-12-20,0.0562
1967-12-21,0.0564
1967-12-22,0.056900000000000006
1967-12-26,0.0564
1967-12-27,0.0564
1967-12-28,0.057
1967-12-29,0.057
1968-01-02,0.056299999999999996
1968-01-03,0.056299999999999996
1968-01-04,0.055099999999999996
1968-01-05,0.0548
1968-01-08,0.055
1968-01-09,0.0552
1968-01-10,0.0546
1968-01-11,0.0546
1968-01-12,0.054299999999999994
1968-01-15,0.054900000000000004
1968-01-16,0.0552
1968-01-17,0.0548
1968-01-18,0.0555
1968-01-19,0.0559
1968-01-22,0.056100000000000004
1968-01-23,0.0556
1968-01-24,0.0556
1968-01-25,0.0552
1968-01-26,0.0553
1968-01-29,0.0553
1968-01-30,0.0553
1968-01-31,0.0554
1968-02-01,0.0558
1968-02-02,0.0558
1968-02-05,0.055999999999999994
1968-02-06,0.056100000000000004
1968-02-07,0.0559
1968-02-08,0.055999999999999994
1968-02-09,0.0559
1968-02-13,0.0555
1968-02-14,0.0554
1968-02-15,0.055099999999999996
1968-02-16,0.055
1968-02-19,0.0553
1968-02-20,0.0554
1968-02-21,0.0554
1968-02-23,0.0556
1968-02-26,0.0558
1968-02-27,0.0558
1968-02-28,0.0557
1968-02-29,0.0556
1968-03-01,0.0556
1968-03-04,0.0557
1968-03-05,0.0559
1968-03-06,0.056100000000000004
1968-03-07,0.0567
1968-03-08,0.0575
1968-03-11,0.0575
1968-03-12,0.0579
1968-03-13,0.058600000000000006
1968-03-14,0.059500000000000004
1968-03-15,0.0584
1968-03-18,0.0576
1968-03-19,0.057699999999999994
1968-03-20,0.057300000000000004
1968-03-21,0.0576
1968-03-22,0.0574
1968-03-25,0.0574
1968-03-26,0.057800000000000004
1968-03-27,0.057800000000000004
1968-03-28,0.057800000000000004
1968-03-29,0.0576
1968-04-01,0.0564
1968-04-02,0.0562
1968-04-03,0.054900000000000004
1968-04-04,0.0552
1968-04-05,0.0552
1968-04-08,0.0554
1968-04-10,0.0553
1968-04-11,0.0554
1968-04-15,0.055999999999999994
1968-04-16,0.0562
1968-04-17,0.0562
1968-04-18,0.0564
1968-04-19,0.0576
1968-04-22,0.057800000000000004
1968-04-23,0.057300000000000004
1968-04-24,0.0572
1968-04-25,0.0572
1968-04-26,0.0571
1968-04-29,0.057300000000000004
1968-04-30,0.0574
1968-05-01,0.057300000000000004
1968-05-02,0.0576
1968-05-03,0.057999999999999996
1968-05-06,0.057800000000000004
1968-05-07,0.0579
1968-05-08,0.057999999999999996
1968-05-09,0.0579
1968-05-10,0.0579
1968-05-13,0.0579
1968-05-14,0.0582
1968-05-15,0.058499999999999996
1968-05-16,0.059000000000000004
1968-05-17,0.0592
1968-05-20,0.0596
1968-05-21,0.0602
1968-05-22,0.0602
1968-05-23,0.059800000000000006
1968-05-24,0.0596
1968-05-27,0.0592
1968-05-28,0.0594
1968-05-29,0.059500000000000004
1968-05-31,0.058600000000000006
1968-06-03,0.0579
1968-06-04,0.057800000000000004
1968-06-05,0.0581
1968-06-06,0.0583
1968-06-07,0.0582
1968-06-10,0.057999999999999996
1968-06-11,0.0579
1968-06-12,0.057699999999999994
1968-06-13,0.0576
1968-06-14,0.0572
1968-06-17,0.0571
1968-06-18,0.0571
1968-06-19,0.0567
1968-06-20,0.0562
1968-06-21,0.055999999999999994
1968-06-24,0.056100000000000004
1968-06-25,0.0564
1968-06-26,0.0564
1968-06-27,0.0565
1968-06-28,0.0564
1968-07-01,0.0562
1968-07-02,0.0558
1968-07-03,0.0557
1968-07-05,0.0556
1968-07-08,0.0553
1968-07-09,0.055099999999999996
1968-07-10,0.0552
1968-07-11,0.0552
1968-07-12,0.0553
1968-07-15,0.0556
1968-07-16,0.0557
1968-07-17,0.0555
1968-07-18,0.0556
1968-07-19,0.0553
1968-07-22,0.0545
1968-07-23,0.0538
1968-07-24,0.053899999999999997
1968-07-25,0.0537
1968-07-26,0.053899999999999997
1968-07-29,0.0541
1968-07-30,0.0541
1968-07-31,0.053899999999999997
1968-08-01,0.0538
1968-08-02,0.053399999999999996
1968-08-05,0.0537
1968-08-06,0.0538
1968-08-07,0.0536
1968-08-08,0.0537
1968-08-09,0.053899999999999997
1968-08-12,0.0542
1968-08-13,0.054299999999999994
1968-08-14,0.054299999999999994
1968-08-15,0.0545
1968-08-16,0.0542
1968-08-19,0.054299999999999994
1968-08-20,0.054299999999999994
1968-08-21,0.0546
1968-08-22,0.055
1968-08-23,0.0547
1968-08-26,0.0546
1968-08-27,0.0546
1968-08-28,0.0545
1968-08-29,0.054299999999999994
1968-08-30,0.0542
1968-09-03,0.0541
1968-09-04,0.054299999999999994
1968-09-05,0.0546
1968-09-06,0.0548
1968-09-09,0.054900000000000004
1968-09-10,0.055099999999999996
1968-09-11,0.055
1968-09-12,0.054900000000000004
1968-09-13,0.0548
1968-09-16,0.0546
1968-09-17,0.0546
1968-09-18,0.0542
1968-09-19,0.054299999999999994
1968-09-20,0.0545
1968-09-23,0.0545
1968-09-24,0.054400000000000004
1968-09-25,0.054400000000000004
1968-09-26,0.0545
1968-09-27,0.0546
1968-09-30,0.054900000000000004
1968-10-01,0.054900000000000004
1968-10-02,0.054900000000000004
1968-10-03,0.055
1968-10-04,0.0552
1968-10-07,0.0555
1968-10-08,0.0557
1968-10-09,0.055999999999999994
1968-10-10,0.056100000000000004
1968-10-11,0.056100000000000004
1968-10-14,0.0562
1968-10-15,0.0565
1968-10-16,0.0562
1968-10-17,0.0558
1968-10-18,0.0557
1968-10-21,0.0558
1968-10-22,0.0558
1968-10-23,0.0558
1968-10-24,0.056100000000000004
1968-10-25,0.055999999999999994
1968-10-28,0.056100000000000004
1968-10-29,0.0562
1968-10-30,0.056299999999999996
1968-10-31,0.056100000000000004
1968-11-01,0.056100000000000004
1968-11-04,0.056299999999999996
1968-11-06,0.0562
1968-11-07,0.056299999999999996
1968-11-08,0.0565
1968-11-12,0.056799999999999996
1968-11-13,0.056600000000000004
1968-11-14,0.056600000000000004
1968-11-15,0.056799999999999996
1968-11-18,0.0571
1968-11-19,0.0574
1968-11-20,0.0574
1968-11-21,0.057300000000000004
1968-11-22,0.0574
1968-11-25,0.0575
1968-11-26,0.0576
1968-11-27,0.0576
1968-11-29,0.057800000000000004
1968-12-02,0.058899999999999994
1968-12-03,0.0596
1968-12-04,0.059500000000000004
1968-12-05,0.0593
1968-12-06,0.0591
1968-12-09,0.0592
1968-12-10,0.0593
1968-12-11,0.0593
1968-12-12,0.0594
1968-12-13,0.0593
1968-12-16,0.0596
1968-12-17,0.059699999999999996
1968-12-18,0.06
1968-12-19,0.060700000000000004
1968-12-20,0.061399999999999996
1968-12-23,0.0623
1968-12-24,0.06269999999999999
1968-12-26,0.0617
1968-12-27,0.062
1968-12-30,0.0621
1968-12-31,0.0616
1969-01-02,0.0604
1969-01-03,0.0601
1969-01-06,0.0604
1969-01-07,0.061399999999999996
1969-01-08,0.060899999999999996
1969-01-09,0.0604
1969-01-10,0.0603
1969-01-13,0.0604
1969-01-14,0.0604
1969-01-15,0.0602
1969-01-16,0.059800000000000006
1969-01-17,0.059699999999999996
1969-01-20,0.059500000000000004
1969-01-21,0.059699999999999996
1969-01-22,0.0603
1969-01-23,0.0602
1969-01-24,0.0601
1969-01-27,0.0603
1969-01-28,0.0605
1969-01-29,0.060899999999999996
1969-01-30,0.061399999999999996
1969-01-31,0.061900000000000004
1969-02-03,0.0622
1969-02-04,0.062
1969-02-05,0.061900000000000004
1969-02-06,0.062
1969-02-07,0.061399999999999996
1969-02-10,0.061399999999999996
1969-02-11,0.061
1969-02-13,0.060899999999999996
1969-02-14,0.0611
1969-02-17,0.061399999999999996
1969-02-18,0.0616
1969-02-19,0.062
1969-02-20,0.0623
1969-02-21,0.062400000000000004
1969-02-24,0.0622
1969-02-25,0.062400000000000004
1969-02-26,0.062400000000000004
1969-02-27,0.06269999999999999
1969-02-28,0.0626
1969-03-03,0.0625
1969-03-04,0.062400000000000004
1969-03-05,0.062400000000000004
1969-03-06,0.0626
1969-03-07,0.06269999999999999
1969-03-10,0.06269999999999999
1969-03-11,0.063
1969-03-12,0.06309999999999999
1969-03-13,0.0632
1969-03-14,0.06309999999999999
1969-03-17,0.0635
1969-03-18,0.0635
1969-03-19,0.0632
1969-03-20,0.06309999999999999
1969-03-21,0.0629
1969-03-24,0.06280000000000001
1969-03-25,0.063
1969-03-26,0.0632
1969-03-27,0.0633
1969-03-28,0.063
1969-04-01,0.0625
1969-04-02,0.0625
1969-04-03,0.0626
1969-04-07,0.06280000000000001
1969-04-08,0.0625
1969-04-09,0.061900000000000004
1969-04-10,0.061799999999999994
1969-04-11,0.061500000000000006
1969-04-14,0.060599999999999994
1969-04-15,0.0611
1969-04-16,0.061
1969-04-17,0.0613
1969-04-18,0.0616
1969-04-21,0.061399999999999996
1969-04-22,0.061200000000000004
1969-04-23,0.061200000000000004
1969-04-24,0.061399999999999996
1969-04-25,0.061500000000000006
1969-04-28,0.061900000000000004
1969-04-29,0.0621
1969-04-30,0.062
1969-05-01,0.0625
1969-05-02,0.0623
1969-05-05,0.061900000000000004
1969-05-06,0.0622
1969-05-07,0.0622
1969-05-08,0.062
1969-05-09,0.0623
1969-05-12,0.06269999999999999
1969-05-13,0.0625
1969-05-14,0.062400000000000004
1969-05-15,0.0626
1969-05-16,0.06309999999999999
1969-05-19,0.0636
1969-05-20,0.0636
1969-05-21,0.0636
1969-05-22,0.0636
1969-05-23,0.0638
1969-05-26,0.0644
1969-05-27,0.0654
1969-05-28,0.06559999999999999
1969-05-29,0.06559999999999999
1969-06-02,0.06559999999999999
1969-06-03,0.0655
1969-06-04,0.06559999999999999
1969-06-05,0.0654
1969-06-06,0.0652
1969-06-09,0.0659
1969-06-10,0.06559999999999999
1969-06-11,0.06559999999999999
1969-06-12,0.0654
1969-06-13,0.06509999999999999
1969-06-16,0.0649
1969-06-17,0.0652
1969-06-18,0.0653
1969-06-19,0.06570000000000001
1969-06-20,0.0659
1969-06-23,0.066
1969-06-24,0.0663
1969-06-25,0.0663
1969-06-26,0.0662
1969-06-27,0.0666
1969-06-30,0.0673
1969-07-01,0.0675
1969-07-02,0.0677
1969-07-03,0.0675
1969-07-07,0.0676
1969-07-08,0.0679
1969-07-09,0.0682
1969-07-10,0.0678
1969-07-11,0.0664
1969-07-14,0.0669
1969-07-15,0.0672
1969-07-16,0.0667
1969-07-17,0.0669
1969-07-18,0.067
1969-07-22,0.0666
1969-07-23,0.0668
1969-07-24,0.067
1969-07-25,0.06709999999999999
1969-07-28,0.0673
1969-07-29,0.0672
1969-07-30,0.0672
1969-07-31,0.0666
1969-08-01,0.0666
1969-08-04,0.0663
1969-08-05,0.066
1969-08-06,0.0662
1969-08-07,0.0663
1969-08-08,0.0664
1969-08-11,0.0669
1969-08-12,0.067
1969-08-13,0.067
1969-08-14,0.0668
1969-08-15,0.0668
1969-08-18,0.0666
1969-08-19,0.0665
1969-08-20,0.0666
1969-08-21,0.0668
1969-08-22,0.06709999999999999
1969-08-25,0.0672
1969-08-26,0.0676
1969-08-27,0.0679
1969-08-28,0.0683
1969-08-29,0.0683
1969-09-02,0.0687
1969-09-03,0.0694
1969-09-04,0.0696
1969-09-05,0.0699
1969-09-08,0.0703
1969-09-09,0.0704
1969-09-10,0.0702
1969-09-11,0.0705
1969-09-12,0.0708
1969-09-15,0.0709
1969-09-16,0.07139999999999999
1969-09-17,0.07139999999999999
1969-09-18,0.0727
1969-09-19,0.0728
1969-09-22,0.0726
1969-09-23,0.0726
1969-09-24,0.0727
1969-09-25,0.073
1969-09-26,0.07400000000000001
1969-09-29,0.0745
1969-09-30,0.0751
1969-10-01,0.07519999999999999
1969-10-02,0.0745
1969-10-03,0.0738
1969-10-06,0.0735
1969-10-07,0.0731
1969-10-08,0.0729
1969-10-09,0.073
1969-10-10,0.0722
1969-10-14,0.071
1969-10-15,0.0712
1969-10-16,0.0704
1969-10-17,0.0699
1969-10-20,0.0683
1969-10-21,0.0677
1969-10-22,0.068
1969-10-23,0.069
1969-10-24,0.069
1969-10-27,0.0693
1969-10-28,0.07
1969-10-29,0.07
1969-10-30,0.0696
1969-10-31,0.0694
1969-11-03,0.069
1969-11-05,0.0697
1969-11-06,0.0701
1969-11-07,0.0699
1969-11-10,0.0699
1969-11-12,0.0706
1969-11-13,0.0712
1969-11-14,0.0708
1969-11-17,0.0713
1969-11-18,0.0722
1969-11-19,0.0725
1969-11-20,0.0731
1969-11-21,0.0728
1969-11-24,0.0727
1969-11-25,0.0728
1969-11-26,0.073
1969-11-28,0.0729
1969-12-01,0.0729
1969-12-02,0.0735
1969-12-03,0.0739
1969-12-04,0.0735
1969-12-05,0.0735
1969-12-08,0.07400000000000001
1969-12-09,0.075
1969-12-10,0.0759
1969-12-11,0.0762
1969-12-12,0.076
1969-12-15,0.07629999999999999
1969-12-16,0.07719999999999999
1969-12-17,0.0776
1969-12-18,0.0781
1969-12-19,0.0779
1969-12-22,0.0776
1969-12-23,0.0782
1969-12-24,0.0789
1969-12-26,0.0787
1969-12-29,0.0805
1969-12-30,0.0797
1969-12-31,0.0788
1970-01-02,0.0786
1970-01-05,0.0788
1970-01-06,0.0796
1970-01-07,0.0799
1970-01-08,0.0796
1970-01-09,0.0786
1970-01-12,0.0782
1970-01-13,0.0781
1970-01-14,0.0786
1970-01-15,0.0785
1970-01-16,0.0775
1970-01-19,0.07690000000000001
1970-01-20,0.07719999999999999
1970-01-21,0.07690000000000001
1970-01-22,0.0767
1970-01-23,0.07690000000000001
1970-01-26,0.0771
1970-01-27,0.077
1970-01-28,0.077
1970-01-29,0.07769999999999999
1970-01-30,0.0775
1970-02-02,0.0765
1970-02-03,0.0758
1970-02-04,0.075
1970-02-05,0.0745
1970-02-06,0.0736
1970-02-09,0.0728
1970-02-10,0.0732
1970-02-11,0.0733
1970-02-13,0.07150000000000001
1970-02-16,0.0717
1970-02-17,0.07150000000000001
1970-02-18,0.0712
1970-02-19,0.0709
1970-02-20,0.0712
1970-02-24,0.07139999999999999
1970-02-25,0.0704
1970-02-26,0.0694
1970-02-27,0.069
1970-03-02,0.0695
1970-03-03,0.0699
1970-03-04,0.0697
1970-03-05,0.0698
1970-03-06,0.0696
1970-03-09,0.0699
1970-03-10,0.0704
1970-03-11,0.0711
1970-03-12,0.0716
1970-03-13,0.0723
1970-03-16,0.0724
1970-03-17,0.0736
1970-03-18,0.0728
1970-03-19,0.0707
1970-03-20,0.0706
1970-03-23,0.0705
1970-03-24,0.0702
1970-03-25,0.0696
1970-03-26,0.0698
1970-03-30,0.0705
1970-03-31,0.0708
1970-04-01,0.0704
1970-04-02,0.0708
1970-04-03,0.07139999999999999
1970-04-06,0.0717
1970-04-07,0.0718
1970-04-08,0.0717
1970-04-09,0.0718
1970-04-10,0.0717
1970-04-13,0.07200000000000001
1970-04-14,0.0722
1970-04-15,0.0727
1970-04-16,0.07339999999999999
1970-04-17,0.07400000000000001
1970-04-20,0.07440000000000001
1970-04-21,0.075
1970-04-22,0.0761
1970-04-23,0.0764
1970-04-24,0.07719999999999999
1970-04-27,0.0774
1970-04-28,0.0779
1970-04-29,0.07780000000000001
1970-04-30,0.0782
1970-05-01,0.0785
1970-05-04,0.0794
1970-05-05,0.07919999999999999
1970-05-06,0.0786
1970-05-07,0.0782
1970-05-08,0.07780000000000001
1970-05-11,0.0782
1970-05-12,0.0784
1970-05-13,0.0785
1970-05-14,0.0786
1970-05-15,0.0783
1970-05-18,0.078
1970-05-19,0.078
1970-05-20,0.0785
1970-05-21,0.079
1970-05-22,0.0799
1970-05-25,0.0815
1970-05-26,0.08220000000000001
1970-05-27,0.0802
1970-05-28,0.07980000000000001
1970-05-29,0.0795
1970-06-01,0.0784
1970-06-02,0.07780000000000001
1970-06-03,0.0776
1970-06-04,0.078
1970-06-05,0.0788
1970-06-08,0.0789
1970-06-09,0.0788
1970-06-10,0.0787
1970-06-11,0.07919999999999999
1970-06-12,0.07980000000000001
1970-06-15,0.07980000000000001
1970-06-16,0.0787
1970-06-17,0.079
1970-06-18,0.079
1970-06-19,0.079
1970-06-22,0.0786
1970-06-23,0.0779
1970-06-24,0.0774
1970-06-25,0.0776
1970-06-26,0.07780000000000001
1970-06-29,0.0776
1970-06-30,0.0768
1970-07-01,0.0764
1970-07-02,0.0755
1970-07-06,0.07490000000000001
1970-07-07,0.0746
1970-07-08,0.07490000000000001
1970-07-09,0.07490000000000001
1970-07-10,0.0754
1970-07-13,0.0755
1970-07-14,0.0753
1970-07-15,0.07490000000000001
1970-07-16,0.0746
1970-07-17,0.0745
1970-07-20,0.0746
1970-07-21,0.0745
1970-07-22,0.07429999999999999
1970-07-23,0.0732
1970-07-24,0.07339999999999999
1970-07-27,0.0736
1970-07-28,0.0741
1970-07-29,0.0739
1970-07-30,0.0738
1970-07-31,0.0738
1970-08-03,0.0739
1970-08-04,0.07400000000000001
1970-08-05,0.0742
1970-08-06,0.07429999999999999
1970-08-07,0.0745
1970-08-10,0.075
1970-08-11,0.0754
1970-08-12,0.0756
1970-08-13,0.0758
1970-08-14,0.0767
1970-08-17,0.0771
1970-08-18,0.0768
1970-08-19,0.0765
1970-08-20,0.0764
1970-08-21,0.076
1970-08-24,0.0748
1970-08-25,0.0746
1970-08-26,0.0745
1970-08-27,0.0748
1970-08-28,0.07490000000000001
1970-08-31,0.07490000000000001
1970-09-01,0.0747
1970-09-02,0.0748
1970-09-03,0.0748
1970-09-04,0.0747
1970-09-08,0.075
1970-09-09,0.0754
1970-09-10,0.07519999999999999
1970-09-11,0.075
1970-09-14,0.0748
1970-09-15,0.0746
1970-09-16,0.07400000000000001
1970-09-17,0.0732
1970-09-18,0.0731
1970-09-21,0.0729
1970-09-22,0.0728
1970-09-23,0.0724
1970-09-24,0.0726
1970-09-25,0.0728
1970-09-28,0.0731
1970-09-29,0.073
1970-09-30,0.0729
1970-10-01,0.0729
1970-10-02,0.0726
1970-10-05,0.0726
1970-10-06,0.0724
1970-10-07,0.0723
1970-10-08,0.0725
1970-10-09,0.0725
1970-10-13,0.0725
1970-10-14,0.073
1970-10-15,0.073
1970-10-16,0.0731
1970-10-19,0.0735
1970-10-20,0.0737
1970-10-21,0.0742
1970-10-22,0.0746
1970-10-23,0.07440000000000001
1970-10-26,0.07440000000000001
1970-10-27,0.0742
1970-10-28,0.0738
1970-10-29,0.0731
1970-10-30,0.0733
1970-11-02,0.0724
1970-11-04,0.0723
1970-11-05,0.07200000000000001
1970-11-06,0.07150000000000001
1970-11-09,0.0706
1970-11-10,0.0706
1970-11-12,0.0703
1970-11-13,0.07
1970-11-16,0.0696
1970-11-17,0.0693
1970-11-18,0.06860000000000001
1970-11-19,0.0672
1970-11-20,0.06480000000000001
1970-11-23,0.0632
1970-11-24,0.0645
1970-11-25,0.06480000000000001
1970-11-27,0.06480000000000001
1970-11-30,0.0649
1970-12-01,0.06480000000000001
1970-12-02,0.0641
1970-12-03,0.06309999999999999
1970-12-04,0.0621
1970-12-07,0.06269999999999999
1970-12-08,0.0629
1970-12-09,0.0634
1970-12-10,0.0634
1970-12-11,0.06309999999999999
1970-12-14,0.0626
1970-12-15,0.0629
1970-12-16,0.0629
1970-12-17,0.063
1970-12-18,0.0633
1970-12-21,0.0645
1970-12-22,0.0652
1970-12-23,0.06570000000000001
1970-12-24,0.0653
1970-12-28,0.0654
1970-12-29,0.06559999999999999
1970-12-30,0.06509999999999999
1970-12-31,0.065
1971-01-04,0.0646
1971-01-05,0.0647
1971-01-06,0.0647
1971-01-07,0.0645
1971-01-08,0.0644
1971-01-11,0.0639
1971-01-12,0.0635
1971-01-13,0.0629
1971-01-14,0.0622
1971-01-15,0.0622
1971-01-18,0.0616
1971-01-19,0.0617
1971-01-20,0.061500000000000006
1971-01-21,0.060899999999999996
1971-01-22,0.060599999999999994
1971-01-25,0.0605
1971-01-26,0.060700000000000004
1971-01-27,0.060899999999999996
1971-01-28,0.0608
1971-01-29,0.060899999999999996
1971-02-01,0.060899999999999996
1971-02-02,0.0611
1971-02-03,0.0611
1971-02-04,0.061
1971-02-05,0.061
1971-02-08,0.060899999999999996
1971-02-09,0.060700000000000004
1971-02-10,0.0608
1971-02-11,0.0608
1971-02-16,0.0611
1971-02-17,0.0611
1971-02-18,0.0611
1971-02-19,0.061200000000000004
1971-02-22,0.061500000000000006
1971-02-23,0.061799999999999994
1971-02-24,0.0616
1971-02-25,0.0611
1971-02-26,0.061399999999999996
1971-03-01,0.061200000000000004
1971-03-02,0.060899999999999996
1971-03-03,0.0605
1971-03-04,0.0605
1971-03-05,0.0603
1971-03-08,0.0599
1971-03-09,0.059000000000000004
1971-03-10,0.057999999999999996
1971-03-11,0.056900000000000006
1971-03-12,0.0572
1971-03-15,0.057
1971-03-16,0.056799999999999996
1971-03-17,0.056100000000000004
1971-03-18,0.0555
1971-03-19,0.055099999999999996
1971-03-22,0.0542
1971-03-23,0.0538
1971-03-24,0.0541
1971-03-25,0.054299999999999994
1971-03-26,0.0548
1971-03-29,0.0554
1971-03-30,0.055
1971-03-31,0.0553
1971-04-01,0.0558
1971-04-02,0.055999999999999994
1971-04-05,0.056299999999999996
1971-04-06,0.055999999999999994
1971-04-07,0.0558
1971-04-08,0.0562
1971-04-12,0.057300000000000004
1971-04-13,0.0572
1971-04-14,0.057699999999999994
1971-04-15,0.057999999999999996
1971-04-16,0.0582
1971-04-19,0.0588
1971-04-20,0.059699999999999996
1971-04-21,0.0604
1971-04-22,0.0602
1971-04-23,0.0601
1971-04-26,0.06
1971-04-27,0.06
1971-04-28,0.0599
1971-04-29,0.060700000000000004
1971-04-30,0.0608
1971-05-03,0.061500000000000006
1971-05-04,0.0625
1971-05-05,0.0626
1971-05-06,0.06280000000000001
1971-05-07,0.0625
1971-05-10,0.0622
1971-05-11,0.0626
1971-05-12,0.0635
1971-05-13,0.0647
1971-05-14,0.0649
1971-05-17,0.06570000000000001
1971-05-18,0.0665
1971-05-19,0.066
1971-05-20,0.0649
1971-05-21,0.0653
1971-05-24,0.0649
1971-05-25,0.0644
1971-05-26,0.0637
1971-05-27,0.0635
1971-05-28,0.0638
1971-06-01,0.0636
1971-06-02,0.062400000000000004
1971-06-03,0.061900000000000004
1971-06-04,0.0626
1971-06-07,0.0634
1971-06-08,0.0638
1971-06-09,0.0644
1971-06-10,0.06480000000000001
1971-06-11,0.065
1971-06-14,0.0663
1971-06-15,0.0673
1971-06-16,0.0668
1971-06-17,0.0668
1971-06-18,0.0658
1971-06-21,0.0653
1971-06-22,0.0662
1971-06-23,0.0661
1971-06-24,0.0661
1971-06-25,0.0662
1971-06-28,0.0664
1971-06-29,0.0667
1971-06-30,0.067
1971-07-01,0.0669
1971-07-02,0.0669
1971-07-06,0.0668
1971-07-07,0.0666
1971-07-08,0.0667
1971-07-09,0.0668
1971-07-12,0.066
1971-07-13,0.0661
1971-07-14,0.066
1971-07-15,0.0659
1971-07-16,0.0666
1971-07-19,0.06709999999999999
1971-07-20,0.067
1971-07-21,0.067
1971-07-22,0.0679
1971-07-23,0.0684
1971-07-26,0.06860000000000001
1971-07-27,0.0691
1971-07-28,0.0695
1971-07-29,0.0688
1971-07-30,0.06849999999999999
1971-08-02,0.06860000000000001
1971-08-03,0.0691
1971-08-04,0.0689
1971-08-05,0.06860000000000001
1971-08-06,0.06860000000000001
1971-08-09,0.0688
1971-08-10,0.0689
1971-08-11,0.06860000000000001
1971-08-12,0.068
1971-08-13,0.0668
1971-08-16,0.0641
1971-08-17,0.063
1971-08-18,0.0635
1971-08-19,0.0634
1971-08-20,0.0637
1971-08-23,0.06480000000000001
1971-08-24,0.0638
1971-08-25,0.064
1971-08-26,0.0637
1971-08-27,0.0633
1971-08-30,0.0632
1971-08-31,0.06280000000000001
1971-09-01,0.0622
1971-09-02,0.0617
1971-09-03,0.061200000000000004
1971-09-07,0.060700000000000004
1971-09-08,0.0608
1971-09-09,0.0613
1971-09-10,0.061200000000000004
1971-09-13,0.062
1971-09-14,0.061799999999999994
1971-09-15,0.0617
1971-09-16,0.061399999999999996
1971-09-17,0.0613
1971-09-20,0.061500000000000006
1971-09-21,0.0617
1971-09-22,0.061900000000000004
1971-09-23,0.062
1971-09-24,0.0616
1971-09-27,0.0613
1971-09-28,0.061200000000000004
1971-09-29,0.0608
1971-09-30,0.06
1971-10-01,0.06
1971-10-04,0.059800000000000006
1971-10-05,0.0601
1971-10-06,0.059800000000000006
1971-10-07,0.059699999999999996
1971-10-08,0.0594
1971-10-12,0.0588
1971-10-13,0.058600000000000006
1971-10-14,0.0588
1971-10-15,0.059000000000000004
1971-10-18,0.059500000000000004
1971-10-19,0.0596
1971-10-20,0.0592
1971-10-21,0.0588
1971-10-22,0.059000000000000004
1971-10-26,0.058899999999999994
1971-10-27,0.0592
1971-10-28,0.059000000000000004
1971-10-29,0.0587
1971-11-01,0.057999999999999996
1971-11-03,0.0572
1971-11-04,0.0572
1971-11-05,0.0572
1971-11-08,0.057699999999999994
1971-11-09,0.057699999999999994
1971-11-10,0.0582
1971-11-11,0.0579
1971-11-12,0.057699999999999994
1971-11-15,0.057699999999999994
1971-11-16,0.0576
1971-11-17,0.0575
1971-11-18,0.057699999999999994
1971-11-19,0.0579
1971-11-22,0.0582
1971-11-23,0.058899999999999994
1971-11-24,0.059500000000000004
1971-11-26,0.0594
1971-11-29,0.059500000000000004
1971-11-30,0.0593
1971-12-01,0.0592
1971-12-02,0.059000000000000004
1971-12-03,0.0588
1971-12-06,0.0588
1971-12-07,0.0592
1971-12-08,0.0592
1971-12-09,0.0594
1971-12-10,0.0593
1971-12-13,0.059000000000000004
1971-12-14,0.0594
1971-12-15,0.0596
1971-12-16,0.059500000000000004
1971-12-17,0.0593
1971-12-20,0.059699999999999996
1971-12-21,0.06
1971-12-22,0.0601
1971-12-23,0.059699999999999996
1971-12-27,0.0591
1971-12-28,0.058600000000000006
1971-12-29,0.059000000000000004
1971-12-30,0.059000000000000004
1971-12-31,0.058899999999999994
1972-01-03,0.0594
1972-01-04,0.0593
1972-01-05,0.0591
1972-01-06,0.059000000000000004
1972-01-07,0.0588
1972-01-10,0.058600000000000006
1972-01-11,0.0588
1972-01-12,0.0588
1972-01-13,0.058600000000000006
1972-01-14,0.058499999999999996
1972-01-17,0.058899999999999994
1972-01-18,0.0592
1972-01-19,0.0596
1972-01-20,0.059800000000000006
1972-01-21,0.0599
1972-01-24,0.0602
1972-01-25,0.0602
1972-01-26,0.0601
1972-01-27,0.0605
1972-01-28,0.0608
1972-01-31,0.060899999999999996
1972-02-01,0.060899999999999996
1972-02-02,0.0608
1972-02-03,0.0608
1972-02-04,0.0608
1972-02-07,0.060899999999999996
1972-02-08,0.0611
1972-02-09,0.061200000000000004
1972-02-10,0.0611
1972-02-11,0.061200000000000004
1972-02-14,0.061
1972-02-15,0.061
1972-02-16,0.0608
1972-02-17,0.060599999999999994
1972-02-18,0.060599999999999994
1972-02-22,0.060599999999999994
1972-02-23,0.060700000000000004
1972-02-24,0.060700000000000004
1972-02-25,0.060599999999999994
1972-02-28,0.0604
1972-02-29,0.0604
1972-03-01,0.0604
1972-03-02,0.0603
1972-03-03,0.0602
1972-03-06,0.0601
1972-03-07,0.0602
1972-03-08,0.0602
1972-03-09,0.0602
1972-03-10,0.0603
1972-03-13,0.060700000000000004
1972-03-14,0.060599999999999994
1972-03-15,0.0611
1972-03-16,0.0608
1972-03-17,0.0608
1972-03-20,0.060899999999999996
1972-03-21,0.0608
1972-03-22,0.0608
1972-03-23,0.061
1972-03-24,0.061200000000000004
1972-03-27,0.061
1972-03-28,0.0611
1972-03-29,0.061200000000000004
1972-03-30,0.061200000000000004
1972-04-03,0.061399999999999996
1972-04-04,0.061799999999999994
1972-04-05,0.061799999999999994
1972-04-06,0.061799999999999994
1972-04-07,0.061799999999999994
1972-04-10,0.0617
1972-04-11,0.061799999999999994
1972-04-12,0.0621
1972-04-13,0.0625
1972-04-14,0.0625
1972-04-17,0.062400000000000004
1972-04-18,0.062400000000000004
1972-04-19,0.0622
1972-04-20,0.0621
1972-04-21,0.062
1972-04-24,0.0621
1972-04-25,0.0621
1972-04-26,0.061900000000000004
1972-04-27,0.0611
1972-04-28,0.061399999999999996
1972-05-01,0.061399999999999996
1972-05-02,0.0616
1972-05-03,0.0617
1972-05-04,0.0617
1972-05-05,0.0617
1972-05-08,0.0617
1972-05-09,0.062
1972-05-10,0.061900000000000004
1972-05-11,0.061900000000000004
1972-05-12,0.0616
1972-05-15,0.0616
1972-05-16,0.0616
1972-05-17,0.061500000000000006
1972-05-18,0.0613
1972-05-19,0.061
1972-05-22,0.060700000000000004
1972-05-23,0.0605
1972-05-24,0.060599999999999994
1972-05-25,0.0604
1972-05-26,0.0604
1972-05-30,0.0605
1972-05-31,0.0605
1972-06-01,0.060700000000000004
1972-06-02,0.060899999999999996
1972-06-05,0.061
1972-06-06,0.0613
1972-06-07,0.061200000000000004
1972-06-08,0.061200000000000004
1972-06-09,0.0611
1972-06-12,0.061
1972-06-13,0.061
1972-06-14,0.061
1972-06-15,0.061
1972-06-16,0.061
1972-06-19,0.0608
1972-06-20,0.0608
1972-06-21,0.060899999999999996
1972-06-22,0.0611
1972-06-23,0.061
1972-06-26,0.061200000000000004
1972-06-27,0.061200000000000004
1972-06-28,0.061200000000000004
1972-06-29,0.061399999999999996
1972-06-30,0.061500000000000006
1972-07-03,0.061399999999999996
1972-07-05,0.0613
1972-07-06,0.0613
1972-07-07,0.0613
1972-07-10,0.0613
1972-07-11,0.0613
1972-07-12,0.061200000000000004
1972-07-13,0.0611
1972-07-14,0.061
1972-07-17,0.0611
1972-07-18,0.0611
1972-07-19,0.060899999999999996
1972-07-20,0.060899999999999996
1972-07-21,0.061
1972-07-24,0.061
1972-07-25,0.060899999999999996
1972-07-26,0.0608
1972-07-27,0.0613
1972-07-28,0.061200000000000004
1972-07-31,0.061200000000000004
1972-08-01,0.061399999999999996
1972-08-02,0.061399999999999996
1972-08-03,0.061500000000000006
1972-08-04,0.0616
1972-08-07,0.0616
1972-08-08,0.061500000000000006
1972-08-09,0.061399999999999996
1972-08-10,0.061399999999999996
1972-08-11,0.061399999999999996
1972-08-14,0.0616
1972-08-15,0.0617
1972-08-16,0.061799999999999994
1972-08-17,0.062
1972-08-18,0.0621
1972-08-21,0.0621
1972-08-22,0.062
1972-08-23,0.0622
1972-08-24,0.0623
1972-08-25,0.0626
1972-08-28,0.063
1972-08-29,0.0634
1972-08-30,0.0642
1972-08-31,0.0642
1972-09-01,0.0643
1972-09-05,0.0646
1972-09-06,0.0649
1972-09-07,0.0652
1972-09-08,0.06559999999999999
1972-09-11,0.0654
1972-09-12,0.0654
1972-09-13,0.0654
1972-09-14,0.06570000000000001
1972-09-15,0.06559999999999999
1972-09-18,0.0655
1972-09-19,0.0655
1972-09-20,0.06559999999999999
1972-09-21,0.0659
1972-09-22,0.0662
1972-09-25,0.0662
1972-09-26,0.066
1972-09-27,0.0659
1972-09-28,0.06559999999999999
1972-09-29,0.0654
1972-10-02,0.0654
1972-10-03,0.0654
1972-10-04,0.0653
1972-10-05,0.0653
1972-10-06,0.0652
1972-10-10,0.06480000000000001
1972-10-11,0.0647
1972-10-12,0.065
1972-10-13,0.065
1972-10-16,0.0649
1972-10-17,0.0649
1972-10-18,0.0649
1972-10-19,0.06480000000000001
1972-10-20,0.0647
1972-10-24,0.0645
1972-10-25,0.0644
1972-10-26,0.0642
1972-10-27,0.0642
1972-10-30,0.0642
1972-10-31,0.0641
1972-11-01,0.0639
1972-11-02,0.0634
1972-11-03,0.063
1972-11-06,0.06269999999999999
1972-11-08,0.063
1972-11-09,0.063
1972-11-10,0.063
1972-11-13,0.06269999999999999
1972-11-14,0.0626
1972-11-15,0.0623
1972-11-16,0.062400000000000004
1972-11-17,0.062400000000000004
1972-11-20,0.0623
1972-11-21,0.0626
1972-11-22,0.06269999999999999
1972-11-24,0.06269999999999999
1972-11-27,0.063
1972-11-28,0.0629
1972-11-29,0.06269999999999999
1972-11-30,0.06280000000000001
1972-12-01,0.0629
1972-12-04,0.063
1972-12-05,0.06309999999999999
1972-12-06,0.06309999999999999
1972-12-07,0.06309999999999999
1972-12-08,0.0632
1972-12-11,0.0634
1972-12-12,0.0635
1972-12-13,0.0635
1972-12-14,0.0635
1972-12-15,0.0635
1972-12-18,0.0638
1972-12-19,0.064
1972-12-20,0.064
1972-12-21,0.064
1972-12-22,0.064
1972-12-26,0.0639
1972-12-27,0.064
1972-12-28,0.0641
1972-12-29,0.0641
1973-01-02,0.0643
1973-01-03,0.0642
1973-01-04,0.064
1973-01-05,0.0642
1973-01-08,0.0643
1973-01-09,0.0642
1973-01-10,0.0643
1973-01-11,0.0643
1973-01-12,0.0644
1973-01-15,0.0644
1973-01-16,0.0644
1973-01-17,0.0645
1973-01-18,0.0646
1973-01-19,0.0649
1973-01-22,0.065
1973-01-23,0.06480000000000001
1973-01-24,0.0649
1973-01-25,0.06509999999999999
1973-01-26,0.0653
1973-01-29,0.0655
1973-01-30,0.0652
1973-01-31,0.0654
1973-02-01,0.066
1973-02-02,0.0664
1973-02-05,0.0664
1973-02-06,0.0664
1973-02-07,0.0664
1973-02-08,0.0666
1973-02-09,0.0663
1973-02-13,0.0661
1973-02-14,0.0662
1973-02-15,0.0662
1973-02-16,0.0663
1973-02-20,0.0666
1973-02-21,0.0666
1973-02-22,0.0665
1973-02-23,0.0661
1973-02-26,0.0665
1973-02-27,0.0664
1973-02-28,0.0664
1973-03-01,0.0665
1973-03-02,0.0667
1973-03-05,0.0668
1973-03-06,0.0668
1973-03-07,0.0666
1973-03-08,0.0667
1973-03-09,0.0668
1973-03-12,0.0668
1973-03-13,0.067
1973-03-14,0.06709999999999999
1973-03-15,0.0673
1973-03-16,0.0677
1973-03-19,0.0675
1973-03-20,0.0676
1973-03-21,0.0676
1973-03-22,0.0676
1973-03-23,0.0676
1973-03-26,0.0673
1973-03-27,0.0672
1973-03-28,0.0667
1973-03-29,0.0668
1973-03-30,0.0673
1973-04-02,0.0674
1973-04-03,0.0673
1973-04-04,0.067
1973-04-05,0.0668
1973-04-06,0.0664
1973-04-09,0.0662
1973-04-10,0.0664
1973-04-11,0.0665
1973-04-12,0.0666
1973-04-13,0.0663
1973-04-16,0.0662
1973-04-17,0.0664
1973-04-18,0.0664
1973-04-19,0.0666
1973-04-23,0.0673
1973-04-24,0.0666
1973-04-25,0.0666
1973-04-26,0.0668
1973-04-27,0.0669
1973-04-30,0.067
1973-05-01,0.0672
1973-05-02,0.0676
1973-05-03,0.0677
1973-05-04,0.0679
1973-05-07,0.0681
1973-05-08,0.068
1973-05-09,0.068
1973-05-10,0.0681
1973-05-11,0.0682
1973-05-14,0.0683
1973-05-15,0.06860000000000001
1973-05-16,0.0684
1973-05-17,0.06849999999999999
1973-05-18,0.06860000000000001
1973-05-21,0.0689
1973-05-22,0.069
1973-05-23,0.0692
1973-05-24,0.0691
1973-05-25,0.0691
1973-05-29,0.0693
1973-05-30,0.0693
1973-05-31,0.0693
1973-06-01,0.0696
1973-06-04,0.0698
1973-06-05,0.0695
1973-06-06,0.0689
1973-06-07,0.0689
1973-06-08,0.0687
1973-06-11,0.0687
1973-06-12,0.06860000000000001
1973-06-13,0.06849999999999999
1973-06-14,0.06849999999999999
1973-06-15,0.06860000000000001
1973-06-18,0.0687
1973-06-19,0.0687
1973-06-20,0.0689
1973-06-21,0.0689
1973-06-22,0.0691
1973-06-25,0.0693
1973-06-26,0.0693
1973-06-27,0.0692
1973-06-28,0.0692
1973-06-29,0.0694
1973-07-02,0.0701
1973-07-03,0.0701
1973-07-05,0.0701
1973-07-06,0.0703
1973-07-09,0.0705
1973-07-10,0.0705
1973-07-11,0.0705
1973-07-12,0.0704
1973-07-13,0.0705
1973-07-16,0.0706
1973-07-17,0.0706
1973-07-18,0.0707
1973-07-19,0.0711
1973-07-20,0.0717
1973-07-23,0.0717
1973-07-24,0.0719
1973-07-25,0.0719
1973-07-26,0.0728
1973-07-27,0.0735
1973-07-30,0.0737
1973-07-31,0.07429999999999999
1973-08-01,0.0755
1973-08-02,0.07519999999999999
1973-08-03,0.0753
1973-08-06,0.0754
1973-08-07,0.0758
1973-08-08,0.07519999999999999
1973-08-09,0.0754
1973-08-10,0.07519999999999999
1973-08-13,0.0747
1973-08-14,0.0746
1973-08-15,0.0745
1973-08-16,0.0737
1973-08-17,0.0728
1973-08-20,0.0738
1973-08-21,0.0736
1973-08-22,0.0739
1973-08-23,0.0731
1973-08-24,0.0723
1973-08-27,0.0726
1973-08-28,0.0729
1973-08-29,0.0726
1973-08-30,0.0725
1973-08-31,0.0725
1973-09-04,0.0721
1973-09-05,0.0711
1973-09-06,0.071
1973-09-07,0.0711
1973-09-10,0.0716
1973-09-11,0.0719
1973-09-12,0.07200000000000001
1973-09-13,0.0721
1973-09-14,0.0721
1973-09-17,0.0716
1973-09-18,0.0708
1973-09-19,0.071
1973-09-20,0.0709
1973-09-21,0.0702
1973-09-24,0.07
1973-09-25,0.0696
1973-09-26,0.0697
1973-09-27,0.0694
1973-09-28,0.069
1973-10-01,0.0691
1973-10-02,0.0689
1973-10-03,0.069
1973-10-04,0.0688
1973-10-05,0.06860000000000001
1973-10-09,0.0678
1973-10-10,0.0677
1973-10-11,0.0678
1973-10-12,0.0675
1973-10-15,0.0677
1973-10-16,0.0681
1973-10-17,0.0682
1973-10-18,0.0681
1973-10-19,0.068
1973-10-23,0.068
1973-10-24,0.0675
1973-10-25,0.0673
1973-10-26,0.0672
1973-10-29,0.0672
1973-10-30,0.0672
1973-10-31,0.06709999999999999
1973-11-01,0.06709999999999999
1973-11-02,0.0672
1973-11-05,0.0674
1973-11-07,0.0676
1973-11-08,0.0677
1973-11-09,0.0676
1973-11-12,0.0676
1973-11-13,0.0676
1973-11-14,0.0679
1973-11-15,0.0676
1973-11-16,0.0672
1973-11-19,0.06709999999999999
1973-11-20,0.0672
1973-11-21,0.06709999999999999
1973-11-23,0.067
1973-11-26,0.0669
1973-11-27,0.067
1973-11-28,0.067
1973-11-29,0.067
1973-11-30,0.0669
1973-12-03,0.0669
1973-12-04,0.0669
1973-12-05,0.0672
1973-12-06,0.0675
1973-12-07,0.0674
1973-12-10,0.06709999999999999
1973-12-11,0.0669
1973-12-12,0.0669
1973-12-13,0.0668
1973-12-14,0.0668
1973-12-17,0.0667
1973-12-18,0.0668
1973-12-19,0.06709999999999999
1973-12-20,0.0673
1973-12-21,0.0678
1973-12-26,0.0683
1973-12-27,0.0688
1973-12-28,0.0691
1973-12-31,0.069
1974-01-02,0.0694
1974-01-03,0.0696
1974-01-04,0.0694
1974-01-07,0.0696
1974-01-08,0.0696
1974-01-09,0.0696
1974-01-10,0.07
1974-01-11,0.0701
1974-01-14,0.0701
1974-01-15,0.0699
1974-01-16,0.0699
1974-01-17,0.0697
1974-01-18,0.0698
1974-01-21,0.0699
1974-01-22,0.07
1974-01-23,0.0701
1974-01-24,0.0702
1974-01-25,0.0702
1974-01-28,0.0701
1974-01-29,0.0702
1974-01-30,0.0701
1974-01-31,0.07
1974-02-01,0.07
1974-02-04,0.0698
1974-02-05,0.0695
1974-02-06,0.0693
1974-02-07,0.0693
1974-02-08,0.0693
1974-02-11,0.0693
1974-02-13,0.0693
1974-02-14,0.0693
1974-02-15,0.0693
1974-02-19,0.0693
1974-02-20,0.0696
1974-02-21,0.0698
1974-02-22,0.0697
1974-02-25,0.0696
1974-02-26,0.0698
1974-02-27,0.07
1974-02-28,0.0701
1974-03-01,0.0708
1974-03-04,0.0709
1974-03-05,0.071
1974-03-06,0.0709
1974-03-07,0.0706
1974-03-08,0.0706
1974-03-11,0.0708
1974-03-12,0.0709
1974-03-13,0.0713
1974-03-14,0.0713
1974-03-15,0.0718
1974-03-18,0.0723
1974-03-19,0.0724
1974-03-20,0.0727
1974-03-21,0.073
1974-03-22,0.0735
1974-03-25,0.0739
1974-03-26,0.0738
1974-03-27,0.0735
1974-03-28,0.0738
1974-03-29,0.0741
1974-04-01,0.0742
1974-04-02,0.07429999999999999
1974-04-03,0.07429999999999999
1974-04-04,0.0751
1974-04-05,0.0754
1974-04-08,0.075
1974-04-09,0.07490000000000001
1974-04-10,0.0746
1974-04-11,0.0745
1974-04-15,0.0742
1974-04-16,0.07429999999999999
1974-04-17,0.0745
1974-04-18,0.075
1974-04-19,0.0751
1974-04-22,0.07519999999999999
1974-04-23,0.0754
1974-04-24,0.0758
1974-04-25,0.07629999999999999
1974-04-26,0.0764
1974-04-29,0.0765
1974-04-30,0.0766
1974-05-01,0.0762
1974-05-02,0.0758
1974-05-03,0.0765
1974-05-06,0.0765
1974-05-07,0.0765
1974-05-08,0.0765
1974-05-09,0.077
1974-05-10,0.07629999999999999
1974-05-13,0.0754
1974-05-14,0.0757
1974-05-15,0.0755
1974-05-16,0.0754
1974-05-17,0.0757
1974-05-20,0.0758
1974-05-21,0.0757
1974-05-22,0.0756
1974-05-23,0.07519999999999999
1974-05-24,0.07490000000000001
1974-05-28,0.075
1974-05-29,0.07519999999999999
1974-05-30,0.0751
1974-05-31,0.07519999999999999
1974-06-03,0.0753
1974-06-04,0.07519999999999999
1974-06-05,0.07519999999999999
1974-06-06,0.075
1974-06-07,0.0746
1974-06-10,0.0747
1974-06-11,0.0748
1974-06-12,0.075
1974-06-13,0.075
1974-06-14,0.075
1974-06-17,0.07490000000000001
1974-06-18,0.07519999999999999
1974-06-19,0.07519999999999999
1974-06-20,0.0755
1974-06-21,0.0755
1974-06-24,0.0758
1974-06-25,0.0762
1974-06-26,0.0762
1974-06-27,0.0764
1974-06-28,0.0764
1974-07-01,0.0765
1974-07-02,0.0765
1974-07-03,0.077
1974-07-05,0.0771
1974-07-08,0.07769999999999999
1974-07-09,0.0781
1974-07-10,0.0782
1974-07-11,0.0784
1974-07-12,0.0785
1974-07-15,0.0786
1974-07-16,0.0788
1974-07-17,0.0791
1974-07-18,0.079
1974-07-19,0.0787
1974-07-22,0.07769999999999999
1974-07-23,0.0779
1974-07-24,0.0776
1974-07-25,0.0775
1974-07-26,0.0779
1974-07-29,0.0785
1974-07-30,0.0789
1974-07-31,0.0789
1974-08-01,0.07919999999999999
1974-08-02,0.0796
1974-08-05,0.0799
1974-08-06,0.0797
1974-08-07,0.0797
1974-08-08,0.0797
1974-08-09,0.0803
1974-08-12,0.0805
1974-08-13,0.0806
1974-08-14,0.0805
1974-08-15,0.0802
1974-08-16,0.08
1974-08-19,0.07980000000000001
1974-08-20,0.0799
1974-08-21,0.0805
1974-08-22,0.0809
1974-08-23,0.0815
1974-08-26,0.0816
1974-08-27,0.0815
1974-08-28,0.0815
1974-08-29,0.0815
1974-08-30,0.08109999999999999
1974-09-03,0.08109999999999999
1974-09-04,0.0812
1974-09-05,0.081
1974-09-06,0.0809
1974-09-09,0.0802
1974-09-10,0.08039999999999999
1974-09-11,0.0805
1974-09-12,0.08130000000000001
1974-09-13,0.08130000000000001
1974-09-16,0.081
1974-09-17,0.0809
1974-09-18,0.0808
1974-09-19,0.08039999999999999
1974-09-20,0.0802
1974-09-23,0.0791
1974-09-24,0.0794
1974-09-25,0.0794
1974-09-26,0.0796
1974-09-27,0.0794
1974-09-30,0.0794
1974-10-01,0.0797
1974-10-02,0.07980000000000001
1974-10-03,0.08039999999999999
1974-10-04,0.0802
1974-10-07,0.0801
1974-10-08,0.0795
1974-10-09,0.0795
1974-10-10,0.0793
1974-10-11,0.0788
1974-10-15,0.0787
1974-10-16,0.0787
1974-10-17,0.0788
1974-10-18,0.0786
1974-10-21,0.0781
1974-10-22,0.0781
1974-10-23,0.0785
1974-10-24,0.0787
1974-10-25,0.0786
1974-10-28,0.0788
1974-10-29,0.0784
1974-10-30,0.0781
1974-10-31,0.0779
1974-11-01,0.078
1974-11-04,0.078
1974-11-06,0.0776
1974-11-07,0.0774
1974-11-08,0.07719999999999999
1974-11-12,0.07780000000000001
1974-11-13,0.0775
1974-11-14,0.07719999999999999
1974-11-15,0.0761
1974-11-18,0.07629999999999999
1974-11-19,0.07629999999999999
1974-11-20,0.0759
1974-11-21,0.076
1974-11-22,0.076
1974-11-25,0.0762
1974-11-26,0.07629999999999999
1974-11-27,0.0764
1974-11-29,0.0764
1974-12-02,0.0771
1974-12-03,0.0774
1974-12-04,0.0768
1974-12-05,0.0764
1974-12-06,0.0759
1974-12-09,0.07400000000000001
1974-12-10,0.0742
1974-12-11,0.0738
1974-12-12,0.0739
1974-12-13,0.0738
1974-12-16,0.07339999999999999
1974-12-17,0.0728
1974-12-18,0.0725
1974-12-19,0.0725
1974-12-20,0.0727
1974-12-23,0.0741
1974-12-24,0.07429999999999999
1974-12-26,0.0737
1974-12-27,0.0739
1974-12-30,0.0739
1974-12-31,0.07400000000000001
1975-01-02,0.0742
1975-01-03,0.07429999999999999
1975-01-06,0.0739
1975-01-07,0.0738
1975-01-08,0.0739
1975-01-09,0.0735
1975-01-10,0.0737
1975-01-13,0.0746
1975-01-14,0.07490000000000001
1975-01-15,0.0754
1975-01-16,0.0754
1975-01-17,0.0753
1975-01-20,0.0759
1975-01-21,0.0755
1975-01-22,0.0751
1975-01-23,0.0757
1975-01-24,0.0764
1975-01-27,0.0761
1975-01-28,0.0761
1975-01-29,0.0759
1975-01-30,0.0754
1975-01-31,0.0753
1975-02-03,0.07490000000000001
1975-02-04,0.0747
1975-02-05,0.0735
1975-02-06,0.07429999999999999
1975-02-07,0.0738
1975-02-10,0.0745
1975-02-11,0.0742
1975-02-13,0.07440000000000001
1975-02-14,0.0735
1975-02-18,0.0728
1975-02-19,0.0726
1975-02-20,0.073
1975-02-21,0.0722
1975-02-24,0.0736
1975-02-25,0.07429999999999999
1975-02-26,0.075
1975-02-27,0.0747
1975-02-28,0.0746
1975-03-03,0.075
1975-03-04,0.0753
1975-03-05,0.0748
1975-03-06,0.07490000000000001
1975-03-07,0.07519999999999999
1975-03-10,0.0756
1975-03-11,0.0758
1975-03-12,0.0758
1975-03-13,0.0756
1975-03-14,0.0758
1975-03-17,0.077
1975-03-18,0.077
1975-03-19,0.078
1975-03-20,0.0795
1975-03-21,0.0784
1975-03-24,0.0805
1975-03-25,0.0803
1975-03-26,0.0802
1975-03-27,0.0808
1975-03-31,0.0801
1975-04-01,0.0808
1975-04-02,0.08220000000000001
1975-04-03,0.08130000000000001
1975-04-04,0.0815
1975-04-07,0.08259999999999999
1975-04-08,0.0821
1975-04-09,0.0817
1975-04-10,0.0819
1975-04-11,0.08220000000000001
1975-04-14,0.0816
1975-04-15,0.0816
1975-04-16,0.0815
1975-04-17,0.0821
1975-04-18,0.0827
1975-04-21,0.0832
1975-04-22,0.0832
1975-04-23,0.0827
1975-04-24,0.0825
1975-04-25,0.0825
1975-04-28,0.08349999999999999
1975-04-29,0.0834
1975-04-30,0.08310000000000001
1975-05-01,0.08310000000000001
1975-05-02,0.08109999999999999
1975-05-05,0.0808
1975-05-06,0.08109999999999999
1975-05-07,0.08070000000000001
1975-05-08,0.0809
1975-05-09,0.0808
1975-05-12,0.08070000000000001
1975-05-13,0.0806
1975-05-14,0.0802
1975-05-15,0.0802
1975-05-16,0.0801
1975-05-19,0.08
1975-05-20,0.07980000000000001
1975-05-21,0.07980000000000001
1975-05-22,0.0802
1975-05-23,0.0802
1975-05-27,0.07980000000000001
1975-05-28,0.0802
1975-05-29,0.0818
1975-05-30,0.08039999999999999
1975-06-02,0.0802
1975-06-03,0.08
1975-06-04,0.0799
1975-06-05,0.0797
1975-06-06,0.0788
1975-06-09,0.07780000000000001
1975-06-10,0.07769999999999999
1975-06-11,0.0765
1975-06-12,0.0767
1975-06-13,0.07690000000000001
1975-06-16,0.0766
1975-06-17,0.07719999999999999
1975-06-18,0.0783
1975-06-19,0.078
1975-06-20,0.0794
1975-06-23,0.079
1975-06-24,0.079
1975-06-25,0.0802
1975-06-26,0.07980000000000001
1975-06-27,0.0795
1975-06-30,0.0796
1975-07-01,0.0797
1975-07-02,0.0805
1975-07-03,0.0805
1975-07-07,0.0806
1975-07-08,0.0801
1975-07-09,0.0802
1975-07-10,0.0802
1975-07-11,0.0799
1975-07-14,0.0799
1975-07-15,0.07980000000000001
1975-07-16,0.0803
1975-07-17,0.08039999999999999
1975-07-18,0.0806
1975-07-21,0.08070000000000001
1975-07-22,0.081
1975-07-23,0.0809
1975-07-24,0.0809
1975-07-25,0.0812
1975-07-28,0.0812
1975-07-29,0.08130000000000001
1975-07-30,0.0816
1975-07-31,0.08199999999999999
1975-08-01,0.08259999999999999
1975-08-04,0.0837
1975-08-05,0.0837
1975-08-06,0.084
1975-08-07,0.0848
1975-08-08,0.084
1975-08-11,0.08380000000000001
1975-08-12,0.084
1975-08-13,0.0839
1975-08-14,0.08449999999999999
1975-08-15,0.0848
1975-08-18,0.08460000000000001
1975-08-19,0.0842
1975-08-20,0.0842
1975-08-21,0.0848
1975-08-22,0.08460000000000001
1975-08-25,0.08460000000000001
1975-08-26,0.084
1975-08-27,0.0837
1975-08-28,0.0828
1975-08-29,0.08220000000000001
1975-09-02,0.08259999999999999
1975-09-03,0.08289999999999999
1975-09-04,0.08289999999999999
1975-09-05,0.08349999999999999
1975-09-08,0.0836
1975-09-09,0.084
1975-09-10,0.08460000000000001
1975-09-11,0.0855
1975-09-12,0.0857
1975-09-15,0.0858
1975-09-16,0.0859
1975-09-17,0.08529999999999999
1975-09-18,0.085
1975-09-19,0.0842
1975-09-22,0.08380000000000001
1975-09-23,0.08349999999999999
1975-09-24,0.08310000000000001
1975-09-25,0.08380000000000001
1975-09-26,0.08449999999999999
1975-09-29,0.08460000000000001
1975-09-30,0.0848
1975-10-01,0.08470000000000001
1975-10-02,0.08439999999999999
1975-10-03,0.0833
1975-10-06,0.083
1975-10-07,0.0833
1975-10-08,0.083
1975-10-09,0.0823
1975-10-10,0.0815
1975-10-14,0.0819
1975-10-15,0.0819
1975-10-16,0.08070000000000001
1975-10-17,0.08070000000000001
1975-10-20,0.08070000000000001
1975-10-21,0.0805
1975-10-22,0.0805
1975-10-23,0.0799
1975-10-24,0.08
1975-10-27,0.08
1975-10-28,0.0799
1975-10-29,0.07980000000000001
1975-10-30,0.07919999999999999
1975-10-31,0.0791
1975-11-03,0.0797
1975-11-05,0.0791
1975-11-06,0.0794
1975-11-07,0.0791
1975-11-10,0.079
1975-11-12,0.0795
1975-11-13,0.0797
1975-11-14,0.0806
1975-11-17,0.0808
1975-11-18,0.08130000000000001
1975-11-19,0.0814
1975-11-20,0.0812
1975-11-21,0.0821
1975-11-24,0.0816
1975-11-25,0.0816
1975-11-26,0.0815
1975-11-28,0.0814
1975-12-01,0.0812
1975-12-02,0.081
1975-12-03,0.081
1975-12-04,0.0815
1975-12-05,0.08130000000000001
1975-12-08,0.0819
1975-12-09,0.0823
1975-12-10,0.0823
1975-12-11,0.0816
1975-12-12,0.0812
1975-12-15,0.0806
1975-12-16,0.08
1975-12-17,0.0795
1975-12-18,0.0796
1975-12-19,0.0788
1975-12-22,0.0787
1975-12-23,0.0787
1975-12-24,0.0782
1975-12-26,0.0775
1975-12-29,0.0775
1975-12-30,0.07730000000000001
1975-12-31,0.0776
1976-01-02,0.07769999999999999
1976-01-05,0.0774
1976-01-06,0.0764
1976-01-07,0.07690000000000001
1976-01-08,0.0774
1976-01-09,0.0764
1976-01-12,0.07629999999999999
1976-01-13,0.0764
1976-01-14,0.0771
1976-01-15,0.07730000000000001
1976-01-16,0.0779
1976-01-19,0.0776
1976-01-20,0.0771
1976-01-21,0.07780000000000001
1976-01-22,0.078
1976-01-23,0.07780000000000001
1976-01-26,0.0779
1976-01-27,0.078
1976-01-28,0.0783
1976-01-29,0.0782
1976-01-30,0.078
1976-02-02,0.078
1976-02-03,0.0782
1976-02-04,0.0785
1976-02-05,0.0783
1976-02-06,0.0788
1976-02-09,0.0786
1976-02-10,0.0788
1976-02-11,0.0785
1976-02-13,0.0782
1976-02-17,0.07780000000000001
1976-02-18,0.0779
1976-02-19,0.078
1976-02-20,0.07769999999999999
1976-02-23,0.07719999999999999
1976-02-24,0.07690000000000001
1976-02-25,0.0768
1976-02-26,0.0768
1976-02-27,0.07769999999999999
1976-03-01,0.0786
1976-03-02,0.0782
1976-03-03,0.0782
1976-03-04,0.0785
1976-03-05,0.078
1976-03-08,0.0776
1976-03-09,0.07780000000000001
1976-03-10,0.0776
1976-03-11,0.07769999999999999
1976-03-12,0.0771
1976-03-15,0.0774
1976-03-16,0.0776
1976-03-17,0.0776
1976-03-18,0.07730000000000001
1976-03-19,0.0774
1976-03-22,0.0768
1976-03-23,0.0767
1976-03-24,0.0765
1976-03-25,0.0764
1976-03-26,0.0764
1976-03-29,0.0764
1976-03-30,0.0765
1976-03-31,0.0766
1976-04-01,0.0768
1976-04-02,0.0767
1976-04-05,0.0762
1976-04-06,0.0759
1976-04-07,0.0756
1976-04-08,0.0755
1976-04-09,0.07519999999999999
1976-04-12,0.07519999999999999
1976-04-13,0.075
1976-04-14,0.0747
1976-04-15,0.0747
1976-04-19,0.0751
1976-04-20,0.075
1976-04-21,0.0747
1976-04-22,0.07519999999999999
1976-04-23,0.0759
1976-04-26,0.0761
1976-04-27,0.0762
1976-04-28,0.076
1976-04-29,0.0761
1976-04-30,0.0767
1976-05-03,0.07690000000000001
1976-05-04,0.0766
1976-05-05,0.0768
1976-05-06,0.07780000000000001
1976-05-07,0.0787
1976-05-10,0.07919999999999999
1976-05-11,0.07919999999999999
1976-05-12,0.0794
1976-05-13,0.07919999999999999
1976-05-14,0.0793
1976-05-17,0.0794
1976-05-18,0.0794
1976-05-19,0.0794
1976-05-20,0.0795
1976-05-21,0.08
1976-05-24,0.07980000000000001
1976-05-25,0.0794
1976-05-26,0.0795
1976-05-27,0.0799
1976-05-28,0.0796
1976-06-01,0.0794
1976-06-02,0.0794
1976-06-03,0.07919999999999999
1976-06-04,0.0789
1976-06-07,0.0788
1976-06-08,0.079
1976-06-09,0.079
1976-06-10,0.0786
1976-06-11,0.0786
1976-06-14,0.0784
1976-06-15,0.0785
1976-06-16,0.0787
1976-06-17,0.0785
1976-06-18,0.0781
1976-06-21,0.078
1976-06-22,0.0781
1976-06-23,0.0781
1976-06-24,0.0781
1976-06-25,0.0783
1976-06-28,0.0786
1976-06-29,0.0786
1976-06-30,0.0786
1976-07-01,0.0788
1976-07-02,0.0784
1976-07-06,0.0782
1976-07-07,0.0784
1976-07-08,0.0782
1976-07-09,0.07780000000000001
1976-07-12,0.0776
1976-07-13,0.07769999999999999
1976-07-14,0.0779
1976-07-15,0.07769999999999999
1976-07-16,0.0783
1976-07-19,0.0786
1976-07-20,0.0787
1976-07-21,0.0786
1976-07-22,0.0786
1976-07-23,0.0784
1976-07-26,0.0787
1976-07-27,0.0785
1976-07-28,0.0785
1976-07-29,0.0785
1976-07-30,0.0786
1976-08-02,0.0785
1976-08-03,0.0782
1976-08-04,0.0781
1976-08-05,0.0782
1976-08-06,0.0784
1976-08-09,0.0784
1976-08-10,0.0784
1976-08-11,0.0782
1976-08-12,0.0781
1976-08-13,0.07780000000000001
1976-08-16,0.0774
1976-08-17,0.0775
1976-08-18,0.0776
1976-08-19,0.0776
1976-08-20,0.0776
1976-08-23,0.07730000000000001
1976-08-24,0.07719999999999999
1976-08-25,0.07690000000000001
1976-08-26,0.0768
1976-08-27,0.07719999999999999
1976-08-30,0.0771
1976-08-31,0.0766
1976-09-01,0.0764
1976-09-02,0.0767
1976-09-03,0.0765
1976-09-07,0.0764
1976-09-08,0.0764
1976-09-09,0.0766
1976-09-10,0.0764
1976-09-13,0.0764
1976-09-14,0.0764
1976-09-15,0.0762
1976-09-16,0.076
1976-09-17,0.07490000000000001
1976-09-20,0.07519999999999999
1976-09-21,0.0751
1976-09-22,0.0753
1976-09-23,0.0754
1976-09-24,0.0758
1976-09-27,0.076
1976-09-28,0.0756
1976-09-29,0.0756
1976-09-30,0.0755
1976-10-01,0.07490000000000001
1976-10-04,0.0746
1976-10-05,0.0747
1976-10-06,0.07440000000000001
1976-10-07,0.07429999999999999
1976-10-08,0.0738
1976-10-12,0.0735
1976-10-13,0.0735
1976-10-14,0.07339999999999999
1976-10-15,0.0731
1976-10-18,0.0731
1976-10-19,0.0735
1976-10-20,0.0738
1976-10-21,0.0739
1976-10-22,0.0748
1976-10-25,0.0753
1976-10-26,0.0748
1976-10-27,0.0745
1976-10-28,0.0741
1976-10-29,0.0742
1976-11-01,0.0738
1976-11-03,0.07440000000000001
1976-11-04,0.0738
1976-11-05,0.0741
1976-11-08,0.0746
1976-11-09,0.0746
1976-11-10,0.0745
1976-11-12,0.07429999999999999
1976-11-15,0.0741
1976-11-16,0.0733
1976-11-17,0.0732
1976-11-18,0.0733
1976-11-19,0.0724
1976-11-22,0.0717
1976-11-23,0.0716
1976-11-24,0.07139999999999999
1976-11-26,0.0699
1976-11-29,0.0702
1976-11-30,0.0701
1976-12-01,0.0697
1976-12-02,0.0692
1976-12-03,0.06860000000000001
1976-12-06,0.0687
1976-12-07,0.0688
1976-12-08,0.0691
1976-12-09,0.0692
1976-12-10,0.0682
1976-12-13,0.069
1976-12-14,0.0689
1976-12-15,0.0688
1976-12-16,0.0688
1976-12-17,0.0688
1976-12-20,0.0684
1976-12-21,0.06849999999999999
1976-12-22,0.06860000000000001
1976-12-23,0.0684
1976-12-27,0.0684
1976-12-28,0.06860000000000001
1976-12-29,0.0684
1976-12-30,0.068
1976-12-31,0.0681
1977-01-03,0.0684
1977-01-04,0.069
1977-01-05,0.0688
1977-01-06,0.0693
1977-01-07,0.0707
1977-01-10,0.07200000000000001
1977-01-11,0.0728
1977-01-12,0.0726
1977-01-13,0.0718
1977-01-14,0.0728
1977-01-17,0.0728
1977-01-18,0.07339999999999999
1977-01-19,0.0728
1977-01-20,0.0726
1977-01-21,0.0728
1977-01-24,0.07339999999999999
1977-01-25,0.0732
1977-01-26,0.0733
1977-01-27,0.07429999999999999
1977-01-28,0.07400000000000001
1977-01-31,0.07400000000000001
1977-02-01,0.0741
1977-02-02,0.0747
1977-02-03,0.0746
1977-02-04,0.0728
1977-02-07,0.07339999999999999
1977-02-08,0.0735
1977-02-09,0.07339999999999999
1977-02-10,0.07339999999999999
1977-02-11,0.0736
1977-02-14,0.0738
1977-02-15,0.0736
1977-02-16,0.07339999999999999
1977-02-17,0.0726
1977-02-18,0.0741
1977-02-22,0.0742
1977-02-23,0.0748
1977-02-24,0.075
1977-02-25,0.0748
1977-02-28,0.0745
1977-03-01,0.07490000000000001
1977-03-02,0.0745
1977-03-03,0.07429999999999999
1977-03-04,0.0748
1977-03-07,0.075
1977-03-08,0.07519999999999999
1977-03-09,0.075
1977-03-10,0.07490000000000001
1977-03-11,0.07440000000000001
1977-03-14,0.0745
1977-03-15,0.07440000000000001
1977-03-16,0.07440000000000001
1977-03-17,0.0747
1977-03-18,0.07440000000000001
1977-03-21,0.07429999999999999
1977-03-22,0.07429999999999999
1977-03-23,0.07440000000000001
1977-03-24,0.0746
1977-03-25,0.0748
1977-03-28,0.0747
1977-03-29,0.0747
1977-03-30,0.07440000000000001
1977-03-31,0.0742
1977-04-01,0.07429999999999999
1977-04-04,0.07440000000000001
1977-04-05,0.0747
1977-04-06,0.0746
1977-04-07,0.07429999999999999
1977-04-11,0.0739
1977-04-12,0.0739
1977-04-13,0.0736
1977-04-14,0.0722
1977-04-15,0.0725
1977-04-18,0.0725
1977-04-19,0.073
1977-04-20,0.0732
1977-04-21,0.0733
1977-04-22,0.0736
1977-04-25,0.07400000000000001
1977-04-26,0.0738
1977-04-27,0.0738
1977-04-28,0.07400000000000001
1977-04-29,0.0745
1977-05-02,0.0745
1977-05-03,0.07440000000000001
1977-05-04,0.0745
1977-05-05,0.0747
1977-05-06,0.075
1977-05-09,0.075
1977-05-10,0.07519999999999999
1977-05-11,0.07519999999999999
1977-05-12,0.075
1977-05-13,0.0748
1977-05-16,0.0746
1977-05-17,0.0745
1977-05-18,0.07429999999999999
1977-05-19,0.07490000000000001
1977-05-20,0.07490000000000001
1977-05-23,0.0746
1977-05-24,0.0741
1977-05-25,0.0739
1977-05-26,0.0742
1977-05-27,0.0738
1977-05-31,0.0738
1977-06-01,0.0738
1977-06-02,0.0739
1977-06-03,0.0736
1977-06-06,0.0737
1977-06-07,0.0736
1977-06-08,0.0736
1977-06-09,0.0735
1977-06-10,0.073
1977-06-13,0.0727
1977-06-14,0.0722
1977-06-15,0.0723
1977-06-16,0.0724
1977-06-17,0.0724
1977-06-20,0.0727
1977-06-21,0.0726
1977-06-22,0.0725
1977-06-23,0.0726
1977-06-24,0.07200000000000001
1977-06-27,0.07200000000000001
1977-06-28,0.0716
1977-06-29,0.0719
1977-06-30,0.07200000000000001
1977-07-01,0.07339999999999999
1977-07-05,0.0735
1977-07-06,0.0737
1977-07-07,0.0729
1977-07-08,0.0731
1977-07-11,0.0733
1977-07-12,0.0732
1977-07-13,0.0728
1977-07-15,0.0731
1977-07-18,0.07339999999999999
1977-07-19,0.0733
1977-07-20,0.0732
1977-07-21,0.0732
1977-07-22,0.0731
1977-07-25,0.0728
1977-07-26,0.0728
1977-07-27,0.0736
1977-07-28,0.0741
1977-07-29,0.0742
1977-08-01,0.07429999999999999
1977-08-02,0.07440000000000001
1977-08-03,0.0742
1977-08-04,0.07429999999999999
1977-08-05,0.0742
1977-08-08,0.0741
1977-08-09,0.0745
1977-08-10,0.0746
1977-08-11,0.0747
1977-08-12,0.0748
1977-08-15,0.0748
1977-08-16,0.0748
1977-08-17,0.07440000000000001
1977-08-18,0.0742
1977-08-19,0.07400000000000001
1977-08-22,0.0739
1977-08-23,0.0736
1977-08-24,0.0735
1977-08-25,0.0732
1977-08-26,0.0727
1977-08-29,0.0725
1977-08-30,0.0727
1977-08-31,0.0728
1977-09-01,0.073
1977-09-02,0.0724
1977-09-06,0.0724
1977-09-07,0.0726
1977-09-08,0.0728
1977-09-09,0.0736
1977-09-12,0.0738
1977-09-13,0.0737
1977-09-14,0.07339999999999999
1977-09-15,0.0733
1977-09-16,0.0732
1977-09-19,0.0732
1977-09-20,0.0736
1977-09-21,0.0736
1977-09-22,0.0739
1977-09-23,0.0739
1977-09-26,0.0742
1977-09-27,0.0738
1977-09-28,0.0738
1977-09-29,0.0739
1977-09-30,0.0741
1977-10-03,0.0741
1977-10-04,0.07400000000000001
1977-10-05,0.07400000000000001
1977-10-06,0.07440000000000001
1977-10-07,0.0748
1977-10-11,0.0754
1977-10-12,0.0754
1977-10-13,0.0754
1977-10-14,0.0754
1977-10-17,0.0755
1977-10-18,0.0755
1977-10-19,0.0754
1977-10-20,0.0754
1977-10-21,0.0755
1977-10-24,0.0756
1977-10-25,0.0758
1977-10-26,0.0757
1977-10-27,0.0756
1977-10-28,0.0756
1977-10-31,0.0762
1977-11-01,0.07629999999999999
1977-11-02,0.07690000000000001
1977-11-03,0.0768
1977-11-04,0.0764
1977-11-07,0.0762
1977-11-09,0.076
1977-11-10,0.0759
1977-11-14,0.0756
1977-11-15,0.0756
1977-11-16,0.0755
1977-11-17,0.0754
1977-11-18,0.0754
1977-11-21,0.0756
1977-11-22,0.0754
1977-11-23,0.07519999999999999
1977-11-25,0.07519999999999999
1977-11-28,0.0753
1977-11-29,0.0755
1977-11-30,0.0755
1977-12-01,0.0758
1977-12-02,0.0759
1977-12-05,0.076
1977-12-06,0.07629999999999999
1977-12-07,0.07629999999999999
1977-12-08,0.0764
1977-12-09,0.07629999999999999
1977-12-12,0.0764
1977-12-13,0.0765
1977-12-14,0.0766
1977-12-15,0.0767
1977-12-16,0.0767
1977-12-19,0.07690000000000001
1977-12-20,0.0774
1977-12-21,0.07719999999999999
1977-12-22,0.0775
1977-12-23,0.0775
1977-12-27,0.07769999999999999
1977-12-28,0.07780000000000001
1977-12-29,0.0782
1977-12-30,0.07780000000000001
1978-01-03,0.0783
1978-01-04,0.0782
1978-01-05,0.0783
1978-01-06,0.0785
1978-01-09,0.0801
1978-01-10,0.0802
1978-01-11,0.0803
1978-01-12,0.0802
1978-01-13,0.07980000000000001
1978-01-16,0.07980000000000001
1978-01-17,0.07980000000000001
1978-01-18,0.07980000000000001
1978-01-19,0.0797
1978-01-20,0.0797
1978-01-23,0.0797
1978-01-24,0.0799
1978-01-25,0.08
1978-01-26,0.07980000000000001
1978-01-27,0.0797
1978-01-30,0.0796
1978-01-31,0.0794
1978-02-01,0.0796
1978-02-02,0.0796
1978-02-03,0.0797
1978-02-06,0.0799
1978-02-07,0.0799
1978-02-08,0.08
1978-02-09,0.0801
1978-02-10,0.0802
1978-02-14,0.0805
1978-02-15,0.0808
1978-02-16,0.081
1978-02-17,0.0809
1978-02-21,0.081
1978-02-22,0.081
1978-02-23,0.0808
1978-02-24,0.08039999999999999
1978-02-27,0.0802
1978-02-28,0.08039999999999999
1978-03-01,0.0805
1978-03-02,0.08039999999999999
1978-03-03,0.08039999999999999
1978-03-06,0.0805
1978-03-07,0.0803
1978-03-08,0.0803
1978-03-09,0.0802
1978-03-10,0.08
1978-03-13,0.0799
1978-03-14,0.0799
1978-03-15,0.08
1978-03-16,0.08
1978-03-17,0.08
1978-03-20,0.0797
1978-03-21,0.0797
1978-03-22,0.07980000000000001
1978-03-23,0.0801
1978-03-27,0.0812
1978-03-28,0.0812
1978-03-29,0.08109999999999999
1978-03-30,0.0812
1978-03-31,0.0815
1978-04-03,0.08130000000000001
1978-04-04,0.0812
1978-04-05,0.0814
1978-04-06,0.0816
1978-04-07,0.0814
1978-04-10,0.0815
1978-04-11,0.0816
1978-04-12,0.0816
1978-04-13,0.0815
1978-04-14,0.0812
1978-04-17,0.0808
1978-04-18,0.0808
1978-04-19,0.08130000000000001
1978-04-20,0.0814
1978-04-21,0.0816
1978-04-24,0.0818
1978-04-25,0.0818
1978-04-26,0.08220000000000001
1978-04-27,0.0824
1978-04-28,0.0824
1978-05-01,0.0824
1978-05-02,0.0825
1978-05-03,0.0828
1978-05-04,0.0827
1978-05-05,0.0834
1978-05-08,0.08349999999999999
1978-05-09,0.0834
1978-05-10,0.0834
1978-05-11,0.0834
1978-05-12,0.0836
1978-05-15,0.08349999999999999
1978-05-16,0.0834
1978-05-17,0.0833
1978-05-18,0.0837
1978-05-19,0.08380000000000001
1978-05-22,0.08380000000000001
1978-05-23,0.0837
1978-05-24,0.0839
1978-05-25,0.084
1978-05-26,0.0842
1978-05-31,0.0842
1978-06-01,0.08410000000000001
1978-06-02,0.0839
1978-06-05,0.08380000000000001
1978-06-06,0.0837
1978-06-07,0.0837
1978-06-08,0.08380000000000001
1978-06-09,0.08410000000000001
1978-06-12,0.084
1978-06-13,0.08410000000000001
1978-06-14,0.08410000000000001
1978-06-15,0.08410000000000001
1978-06-16,0.0843
1978-06-19,0.08449999999999999
1978-06-20,0.08470000000000001
1978-06-21,0.085
1978-06-22,0.085
1978-06-23,0.0855
1978-06-26,0.0859
1978-06-27,0.0858
1978-06-28,0.0857
1978-06-29,0.0857
1978-06-30,0.0862
1978-07-03,0.0859
1978-07-05,0.0862
1978-07-06,0.0862
1978-07-07,0.0866
1978-07-10,0.0868
1978-07-11,0.0868
1978-07-12,0.0867
1978-07-13,0.0868
1978-07-14,0.0868
1978-07-17,0.08650000000000001
1978-07-18,0.0863
1978-07-19,0.0862
1978-07-20,0.0866
1978-07-21,0.0867
1978-07-24,0.0867
1978-07-25,0.0867
1978-07-26,0.0866
1978-07-27,0.0858
1978-07-28,0.0855
1978-07-31,0.08560000000000001
1978-08-01,0.08539999999999999
1978-08-02,0.08439999999999999
1978-08-03,0.0839
1978-08-04,0.08380000000000001
1978-08-07,0.0836
1978-08-08,0.08349999999999999
1978-08-09,0.0834
1978-08-10,0.08449999999999999
1978-08-11,0.08439999999999999
1978-08-14,0.08449999999999999
1978-08-15,0.08460000000000001
1978-08-16,0.0855
1978-08-17,0.0848
1978-08-18,0.08460000000000001
1978-08-21,0.08410000000000001
1978-08-22,0.08410000000000001
1978-08-23,0.0832
1978-08-24,0.08349999999999999
1978-08-25,0.0834
1978-08-28,0.08349999999999999
1978-08-29,0.0837
1978-08-30,0.0842
1978-08-31,0.0839
1978-09-01,0.08380000000000001
1978-09-05,0.0834
1978-09-06,0.08349999999999999
1978-09-07,0.0834
1978-09-08,0.0834
1978-09-11,0.08310000000000001
1978-09-12,0.08289999999999999
1978-09-13,0.083
1978-09-14,0.0832
1978-09-15,0.08349999999999999
1978-09-18,0.0837
1978-09-19,0.08380000000000001
1978-09-20,0.08460000000000001
1978-09-21,0.0851
1978-09-22,0.08560000000000001
1978-09-25,0.08560000000000001
1978-09-26,0.08529999999999999
1978-09-27,0.08539999999999999
1978-09-28,0.08539999999999999
1978-09-29,0.08560000000000001
1978-10-02,0.0858
1978-10-03,0.0857
1978-10-04,0.0859
1978-10-05,0.086
1978-10-06,0.0858
1978-10-10,0.0858
1978-10-11,0.08560000000000001
1978-10-12,0.0851
1978-10-13,0.0852
1978-10-16,0.0859
1978-10-17,0.086
1978-10-18,0.0862
1978-10-19,0.0864
1978-10-20,0.0866
1978-10-23,0.0866
1978-10-24,0.0864
1978-10-25,0.08650000000000001
1978-10-26,0.0872
1978-10-27,0.08779999999999999
1978-10-30,0.0888
1978-10-31,0.08960000000000001
1978-11-01,0.0866
1978-11-02,0.0873
1978-11-03,0.0886
1978-11-06,0.0885
1978-11-08,0.0886
1978-11-09,0.08869999999999999
1978-11-10,0.0886
1978-11-13,0.0883
1978-11-14,0.0882
1978-11-15,0.0876
1978-11-16,0.0872
1978-11-17,0.0872
1978-11-20,0.0872
1978-11-21,0.0877
1978-11-22,0.0877
1978-11-24,0.0886
1978-11-27,0.0886
1978-11-28,0.0886
1978-11-29,0.0886
1978-11-30,0.0886
1978-12-01,0.08800000000000001
1978-12-04,0.0882
1978-12-05,0.0885
1978-12-06,0.0885
1978-12-07,0.0889
1978-12-08,0.08900000000000001
1978-12-11,0.08900000000000001
1978-12-12,0.0892
1978-12-13,0.0898
1978-12-14,0.08960000000000001
1978-12-15,0.09
1978-12-18,0.0913
1978-12-19,0.09140000000000001
1978-12-20,0.0916
1978-12-21,0.0916
1978-12-22,0.0911
1978-12-26,0.0913
1978-12-27,0.09119999999999999
1978-12-28,0.0916
1978-12-29,0.0915
1979-01-02,0.09179999999999999
1979-01-03,0.0916
1979-01-04,0.0911
1979-01-05,0.091
1979-01-08,0.09140000000000001
1979-01-09,0.0916
1979-01-10,0.0916
1979-01-11,0.0915
1979-01-12,0.09140000000000001
1979-01-15,0.0915
1979-01-16,0.0916
1979-01-17,0.09179999999999999
1979-01-18,0.09179999999999999
1979-01-19,0.0915
1979-01-22,0.09119999999999999
1979-01-23,0.091
1979-01-24,0.0908
1979-01-25,0.0898
1979-01-26,0.08929999999999999
1979-01-29,0.08960000000000001
1979-01-30,0.0895
1979-01-31,0.0895
1979-02-01,0.0894
1979-02-02,0.0889
1979-02-05,0.0895
1979-02-06,0.09
1979-02-07,0.0909
1979-02-08,0.0909
1979-02-09,0.0911
1979-02-13,0.0911
1979-02-14,0.09119999999999999
1979-02-15,0.09119999999999999
1979-02-16,0.0911
1979-02-20,0.09119999999999999
1979-02-21,0.0915
1979-02-22,0.092
1979-02-23,0.09210000000000002
1979-02-26,0.092
1979-02-27,0.0919
1979-02-28,0.0917
1979-03-01,0.0917
1979-03-02,0.0916
1979-03-05,0.0911
1979-03-06,0.09140000000000001
1979-03-07,0.091
1979-03-08,0.091
1979-03-09,0.0911
1979-03-12,0.0911
1979-03-13,0.0911
1979-03-14,0.09119999999999999
1979-03-15,0.09140000000000001
1979-03-16,0.09119999999999999
1979-03-19,0.09119999999999999
1979-03-20,0.0913
1979-03-21,0.0913
1979-03-22,0.09119999999999999
1979-03-23,0.09119999999999999
1979-03-26,0.09119999999999999
1979-03-27,0.0911
1979-03-28,0.0907
1979-03-29,0.0906
1979-03-30,0.0911
1979-04-02,0.0911
1979-04-03,0.091
1979-04-04,0.0909
1979-04-05,0.0907
1979-04-06,0.091
1979-04-09,0.09140000000000001
1979-04-10,0.0917
1979-04-11,0.092
1979-04-12,0.092
1979-04-16,0.0919
1979-04-17,0.0916
1979-04-18,0.0915
1979-04-19,0.0915
1979-04-20,0.0919
1979-04-23,0.09210000000000002
1979-04-24,0.0924
1979-04-25,0.09230000000000001
1979-04-26,0.09269999999999999
1979-04-27,0.0932
1979-04-30,0.0935
1979-05-01,0.09359999999999999
1979-05-02,0.0934
1979-05-03,0.09380000000000001
1979-05-04,0.09390000000000001
1979-05-07,0.09390000000000001
1979-05-08,0.09380000000000001
1979-05-09,0.09359999999999999
1979-05-10,0.09359999999999999
1979-05-11,0.0934
1979-05-14,0.09300000000000001
1979-05-15,0.0932
1979-05-16,0.0931
1979-05-17,0.0924
1979-05-18,0.09230000000000001
1979-05-21,0.0924
1979-05-22,0.0915
1979-05-23,0.0907
1979-05-24,0.0906
1979-05-25,0.0901
1979-05-29,0.0901
1979-05-31,0.0906
1979-06-01,0.09050000000000001
1979-06-04,0.0906
1979-06-05,0.0902
1979-06-06,0.0897
1979-06-07,0.0889
1979-06-08,0.08900000000000001
1979-06-11,0.0894
1979-06-12,0.08789999999999999
1979-06-13,0.0883
1979-06-14,0.08869999999999999
1979-06-15,0.08960000000000001
1979-06-18,0.0895
1979-06-19,0.0895
1979-06-20,0.0894
1979-06-21,0.08929999999999999
1979-06-22,0.0898
1979-06-25,0.08929999999999999
1979-06-26,0.0882
1979-06-27,0.08800000000000001
1979-06-28,0.08800000000000001
1979-06-29,0.08810000000000001
1979-07-02,0.0876
1979-07-03,0.0877
1979-07-05,0.08800000000000001
1979-07-06,0.0882
1979-07-09,0.0886
1979-07-10,0.0892
1979-07-11,0.0897
1979-07-12,0.0895
1979-07-13,0.0894
1979-07-16,0.08990000000000001
1979-07-17,0.0901
1979-07-18,0.09029999999999999
1979-07-19,0.0904
1979-07-20,0.0898
1979-07-23,0.09029999999999999
1979-07-24,0.0906
1979-07-25,0.08990000000000001
1979-07-26,0.0897
1979-07-27,0.0902
1979-07-30,0.09029999999999999
1979-07-31,0.0901
1979-08-01,0.08990000000000001
1979-08-02,0.0891
1979-08-03,0.0892
1979-08-06,0.0891
1979-08-07,0.0891
1979-08-08,0.08929999999999999
1979-08-09,0.0897
1979-08-10,0.09
1979-08-13,0.09
1979-08-14,0.0898
1979-08-15,0.09
1979-08-16,0.09
1979-08-17,0.0901
1979-08-20,0.0902
1979-08-21,0.0904
1979-08-22,0.0904
1979-08-23,0.09050000000000001
1979-08-24,0.09140000000000001
1979-08-27,0.09119999999999999
1979-08-28,0.0915
1979-08-29,0.09140000000000001
1979-08-30,0.09210000000000002
1979-08-31,0.0924
1979-09-04,0.0932
1979-09-05,0.0932
1979-09-06,0.0935
1979-09-07,0.0934
1979-09-10,0.09359999999999999
1979-09-11,0.0925
1979-09-12,0.09300000000000001
1979-09-13,0.0934
1979-09-14,0.0929
1979-09-17,0.09369999999999999
1979-09-18,0.09359999999999999
1979-09-19,0.0931
1979-09-20,0.0929
1979-09-21,0.0926
1979-09-24,0.0934
1979-09-25,0.0932
1979-09-26,0.09359999999999999
1979-09-27,0.0944
1979-09-28,0.0944
1979-10-01,0.0951
1979-10-02,0.0947
1979-10-03,0.095
1979-10-04,0.0958
1979-10-05,0.096
1979-10-09,0.0993
1979-10-10,0.1009
1979-10-11,0.1017
1979-10-12,0.1015
1979-10-15,0.10310000000000001
1979-10-16,0.1027
1979-10-17,0.102
1979-10-18,0.1041
1979-10-19,0.10679999999999999
1979-10-22,0.1096
1979-10-23,0.11019999999999999
1979-10-24,0.10830000000000001
1979-10-25,0.10980000000000001
1979-10-26,0.1067
1979-10-29,0.10779999999999999
1979-10-30,0.1075
1979-10-31,0.1072
1979-11-01,0.1079
1979-11-02,0.1084
1979-11-05,0.1085
1979-11-07,0.11
1979-11-08,0.1096
1979-11-09,0.10679999999999999
1979-11-13,0.1063
1979-11-14,0.1075
1979-11-15,0.10619999999999999
1979-11-16,0.10769999999999999
1979-11-19,0.10800000000000001
1979-11-20,0.10779999999999999
1979-11-21,0.1073
1979-11-23,0.1051
1979-11-26,0.10369999999999999
1979-11-27,0.1024
1979-11-28,0.10369999999999999
1979-11-29,0.10339999999999999
1979-11-30,0.1038
1979-12-03,0.10439999999999999
1979-12-04,0.1032
1979-12-05,0.1027
1979-12-06,0.1013
1979-12-07,0.10300000000000001
1979-12-10,0.1027
1979-12-11,0.10460000000000001
1979-12-12,0.1058
1979-12-13,0.1051
1979-12-14,0.1045
1979-12-17,0.1042
1979-12-18,0.10339999999999999
1979-12-19,0.1033
1979-12-20,0.1038
1979-12-21,0.1039
1979-12-24,0.1045
1979-12-26,0.1048
1979-12-27,0.10460000000000001
1979-12-28,0.1041
1979-12-31,0.1033
1980-01-02,0.105
1980-01-03,0.106
1980-01-04,0.1066
1980-01-07,0.1063
1980-01-08,0.1057
1980-01-09,0.1058
1980-01-10,0.1051
1980-01-11,0.10679999999999999
1980-01-14,0.107
1980-01-15,0.1065
1980-01-16,0.1065
1980-01-17,0.10710000000000001
1980-01-18,0.1082
1980-01-21,0.1096
1980-01-22,0.1085
1980-01-23,0.1082
1980-01-24,0.1101
1980-01-25,0.111
1980-01-28,0.1115
1980-01-29,0.1121
1980-01-30,0.1116
1980-01-31,0.11130000000000001
1980-02-01,0.11289999999999999
1980-02-04,0.114
1980-02-05,0.1173
1980-02-06,0.1192
1980-02-07,0.11710000000000001
1980-02-08,0.11800000000000001
1980-02-11,0.1201
1980-02-13,0.1186
1980-02-14,0.1197
1980-02-15,0.122
1980-02-19,0.1285
1980-02-20,0.1284
1980-02-21,0.1322
1980-02-22,0.1306
1980-02-25,0.13269999999999998
1980-02-26,0.1365
1980-02-27,0.1346
1980-02-28,0.1292
1980-02-29,0.1272
1980-03-03,0.12789999999999999
1980-03-04,0.1291
1980-03-05,0.1303
1980-03-06,0.1313
1980-03-07,0.1286
1980-03-10,0.1263
1980-03-11,0.1241
1980-03-12,0.12619999999999998
1980-03-13,0.125
1980-03-14,0.1252
1980-03-17,0.1258
1980-03-18,0.124
1980-03-19,0.1235
1980-03-20,0.12619999999999998
1980-03-21,0.1275
1980-03-24,0.1317
1980-03-25,0.131
1980-03-26,0.1303
1980-03-27,0.1297
1980-03-28,0.1272
1980-03-31,0.1264
1980-04-01,0.12689999999999999
1980-04-02,0.1263
1980-04-03,0.1252
1980-04-07,0.1213
1980-04-08,0.12210000000000001
1980-04-09,0.1206
1980-04-10,0.1206
1980-04-11,0.11789999999999999
1980-04-14,0.1162
1980-04-15,0.1157
1980-04-16,0.109
1980-04-17,0.11130000000000001
1980-04-18,0.1105
1980-04-21,0.109
1980-04-22,0.1082
1980-04-23,0.10890000000000001
1980-04-24,0.1096
1980-04-25,0.10949999999999999
1980-04-28,0.1063
1980-04-29,0.1067
1980-04-30,0.1076
1980-05-01,0.1057
1980-05-02,0.1024
1980-05-05,0.1018
1980-05-06,0.098
1980-05-07,0.09960000000000001
1980-05-08,0.1018
1980-05-09,0.10300000000000001
1980-05-12,0.10300000000000001
1980-05-13,0.1013
1980-05-14,0.1014
1980-05-15,0.10310000000000001
1980-05-16,0.10369999999999999
1980-05-19,0.10529999999999999
1980-05-20,0.10220000000000001
1980-05-21,0.1008
1980-05-22,0.10099999999999999
1980-05-23,0.09849999999999999
1980-05-27,0.09960000000000001
1980-05-28,0.10099999999999999
1980-05-29,0.1024
1980-05-30,0.1025
1980-06-02,0.10310000000000001
1980-06-03,0.1016
1980-06-04,0.1007
1980-06-05,0.1002
1980-06-06,0.0981
1980-06-09,0.0973
1980-06-10,0.0983
1980-06-11,0.09699999999999999
1980-06-12,0.0953
1980-06-13,0.0951
1980-06-16,0.0947
1980-06-17,0.0949
1980-06-18,0.0956
1980-06-19,0.0956
1980-06-20,0.0949
1980-06-23,0.09630000000000001
1980-06-24,0.0968
1980-06-25,0.09789999999999999
1980-06-26,0.0987
1980-06-27,0.10039999999999999
1980-06-30,0.1009
1980-07-01,0.1013
1980-07-02,0.10189999999999999
1980-07-03,0.1001
1980-07-07,0.102
1980-07-08,0.1009
1980-07-09,0.1014
1980-07-10,0.10210000000000001
1980-07-11,0.10279999999999999
1980-07-14,0.1033
1980-07-15,0.1017
1980-07-16,0.1007
1980-07-17,0.10210000000000001
1980-07-18,0.102
1980-07-21,0.1013
1980-07-22,0.1018
1980-07-23,0.1012
1980-07-24,0.1024
1980-07-25,0.1035
1980-07-28,0.10460000000000001
1980-07-29,0.1045
1980-07-30,0.10529999999999999
1980-07-31,0.1076
1980-08-01,0.1076
1980-08-04,0.1069
1980-08-05,0.107
1980-08-06,0.10800000000000001
1980-08-07,0.10710000000000001
1980-08-08,0.10869999999999999
1980-08-11,0.1103
1980-08-12,0.10980000000000001
1980-08-13,0.10890000000000001
1980-08-14,0.109
1980-08-15,0.10859999999999999
1980-08-18,0.11130000000000001
1980-08-19,0.1124
1980-08-20,0.11220000000000001
1980-08-21,0.113
1980-08-22,0.11130000000000001
1980-08-25,0.114
1980-08-26,0.1142
1980-08-27,0.1167
1980-08-28,0.1189
1980-08-29,0.1155
1980-09-02,0.11320000000000001
1980-09-03,0.1108
1980-09-04,0.1116
1980-09-05,0.1121
1980-09-08,0.11289999999999999
1980-09-09,0.1119
1980-09-10,0.1114
1980-09-11,0.11320000000000001
1980-09-12,0.1137
1980-09-15,0.1162
1980-09-16,0.1152
1980-09-17,0.1157
1980-09-18,0.1153
1980-09-19,0.1133
1980-09-22,0.11689999999999999
1980-09-23,0.1176
1980-09-24,0.1175
1980-09-25,0.1191
1980-09-26,0.1199
1980-09-29,0.1207
1980-09-30,0.1186
1980-10-01,0.11779999999999999
1980-10-02,0.1183
1980-10-03,0.114
1980-10-06,0.11349999999999999
1980-10-07,0.1143
1980-10-08,0.1151
1980-10-09,0.1139
1980-10-10,0.1144
1980-10-14,0.1137
1980-10-15,0.11289999999999999
1980-10-16,0.11470000000000001
1980-10-17,0.1162
1980-10-20,0.1164
1980-10-21,0.11699999999999999
1980-10-22,0.1188
1980-10-23,0.1182
1980-10-24,0.1174
1980-10-27,0.1213
1980-10-28,0.1232
1980-10-29,0.12480000000000001
1980-10-30,0.12480000000000001
1980-10-31,0.1246
1980-11-03,0.1246
1980-11-05,0.1261
1980-11-06,0.1304
1980-11-07,0.1266
1980-11-10,0.1278
1980-11-12,0.1247
1980-11-13,0.1249
1980-11-14,0.12789999999999999
1980-11-17,0.1295
1980-11-18,0.12619999999999998
1980-11-19,0.1251
1980-11-20,0.1259
1980-11-21,0.128
1980-11-24,0.1276
1980-11-25,0.1274
1980-11-26,0.1265
1980-11-28,0.1272
1980-12-01,0.1292
1980-12-02,0.1295
1980-12-03,0.1292
1980-12-04,0.1291
1980-12-05,0.1285
1980-12-08,0.1291
1980-12-09,0.131
1980-12-10,0.1315
1980-12-11,0.13570000000000002
1980-12-12,0.1321
1980-12-15,0.1325
1980-12-16,0.1351
1980-12-17,0.1328
1980-12-18,0.1322
1980-12-19,0.1264
1980-12-22,0.12140000000000001
1980-12-23,0.1235
1980-12-24,0.1242
1980-12-26,0.1225
1980-12-29,0.122
1980-12-30,0.12390000000000001
1980-12-31,0.1243
1981-01-02,0.1242
1981-01-05,0.1215
1981-01-06,0.1211
1981-01-07,0.12380000000000001
1981-01-08,0.1235
1981-01-09,0.1257
1981-01-12,0.1245
1981-01-13,0.1253
1981-01-14,0.1253
1981-01-15,0.12619999999999998
1981-01-16,0.1253
1981-01-19,0.1264
1981-01-20,0.125
1981-01-21,0.1277
1981-01-22,0.12869999999999998
1981-01-23,0.1284
1981-01-26,0.127
1981-01-27,0.1273
1981-01-28,0.1277
1981-01-29,0.128
1981-01-30,0.1268
1981-02-02,0.1286
1981-02-03,0.1298
1981-02-04,0.1286
1981-02-05,0.1295
1981-02-06,0.1309
1981-02-09,0.1321
1981-02-10,0.13269999999999998
1981-02-11,0.13419999999999999
1981-02-13,0.1365
1981-02-17,0.1333
1981-02-18,0.133
1981-02-19,0.1309
1981-02-20,0.129
1981-02-23,0.1319
1981-02-24,0.1321
1981-02-25,0.1329
1981-02-26,0.13470000000000001
1981-02-27,0.1343
1981-03-02,0.1362
1981-03-03,0.1343
1981-03-04,0.13449999999999998
1981-03-05,0.1343
1981-03-06,0.132
1981-03-09,0.1309
1981-03-10,0.1308
1981-03-11,0.13119999999999998
1981-03-12,0.1303
1981-03-13,0.1286
1981-03-16,0.1285
1981-03-17,0.1268
1981-03-18,0.1258
1981-03-19,0.1267
1981-03-20,0.1277
1981-03-23,0.1313
1981-03-24,0.133
1981-03-25,0.1321
1981-03-26,0.1334
1981-03-27,0.1336
1981-03-30,0.1322
1981-03-31,0.1313
1981-04-01,0.13140000000000002
1981-04-02,0.1325
1981-04-03,0.134
1981-04-06,0.1374
1981-04-07,0.1341
1981-04-08,0.1361
1981-04-09,0.13449999999999998
1981-04-10,0.1359
1981-04-13,0.1368
1981-04-14,0.1358
1981-04-15,0.1374
1981-04-16,0.1379
1981-04-20,0.1369
1981-04-21,0.1373
1981-04-22,0.1378
1981-04-23,0.138
1981-04-24,0.1388
1981-04-27,0.1392
1981-04-28,0.1393
1981-04-29,0.1405
1981-04-30,0.1411
1981-05-01,0.1405
1981-05-04,0.1447
1981-05-05,0.1469
1981-05-06,0.1456
1981-05-07,0.1433
1981-05-08,0.1423
1981-05-11,0.1434
1981-05-12,0.1446
1981-05-13,0.1449
1981-05-14,0.1424
1981-05-15,0.1407
1981-05-18,0.138
1981-05-19,0.13949999999999999
1981-05-20,0.14
1981-05-21,0.1405
1981-05-22,0.1382
1981-05-26,0.1367
1981-05-27,0.1371
1981-05-28,0.1356
1981-05-29,0.135
1981-06-01,0.1346
1981-06-02,0.1358
1981-06-03,0.1355
1981-06-04,0.1351
1981-06-05,0.1356
1981-06-08,0.1336
1981-06-09,0.13369999999999999
1981-06-10,0.1331
1981-06-11,0.1332
1981-06-12,0.1335
1981-06-15,0.1309
1981-06-16,0.1308
1981-06-17,0.1323
1981-06-18,0.13570000000000002
1981-06-19,0.1346
1981-06-22,0.1344
1981-06-23,0.1356
1981-06-24,0.1366
1981-06-25,0.13699999999999998
1981-06-26,0.1369
1981-06-29,0.1368
1981-06-30,0.1386
1981-07-01,0.1404
1981-07-02,0.13949999999999999
1981-07-06,0.1381
1981-07-07,0.1404
1981-07-08,0.1411
1981-07-09,0.1412
1981-07-10,0.1394
1981-07-13,0.1399
1981-07-14,0.14150000000000001
1981-07-15,0.1407
1981-07-16,0.1411
1981-07-17,0.1409
1981-07-20,0.1459
1981-07-21,0.1461
1981-07-22,0.1463
1981-07-23,0.1457
1981-07-24,0.1441
1981-07-27,0.14429999999999998
1981-07-28,0.14529999999999998
1981-07-29,0.1461
1981-07-30,0.1471
1981-07-31,0.1467
1981-08-03,0.1495
1981-08-04,0.1495
1981-08-05,0.1491
1981-08-06,0.14859999999999998
1981-08-07,0.1483
1981-08-10,0.1465
1981-08-11,0.14400000000000002
1981-08-12,0.1461
1981-08-13,0.1465
1981-08-14,0.1474
1981-08-17,0.1471
1981-08-18,0.1479
1981-08-19,0.1477
1981-08-20,0.1489
1981-08-21,0.1497
1981-08-24,0.1532
1981-08-25,0.1535
1981-08-26,0.1531
1981-08-27,0.1536
1981-08-28,0.1525
1981-08-31,0.15410000000000001
1981-09-01,0.15410000000000001
1981-09-02,0.154
1981-09-03,0.1548
1981-09-04,0.1551
1981-09-08,0.1559
1981-09-09,0.1553
1981-09-10,0.153
1981-09-11,0.1505
1981-09-14,0.152
1981-09-15,0.1508
1981-09-16,0.15109999999999998
1981-09-17,0.1495
1981-09-18,0.1491
1981-09-21,0.1478
1981-09-22,0.1503
1981-09-23,0.1523
1981-09-24,0.1531
1981-09-25,0.1568
1981-09-28,0.1565
1981-09-29,0.1576
1981-09-30,0.15839999999999999
1981-10-01,0.1575
1981-10-02,0.15410000000000001
1981-10-05,0.1519
1981-10-06,0.1514
1981-10-07,0.15039999999999998
1981-10-08,0.15
1981-10-09,0.14730000000000001
1981-10-13,0.1483
1981-10-14,0.1487
1981-10-15,0.14880000000000002
1981-10-16,0.1494
1981-10-19,0.1495
1981-10-20,0.1509
1981-10-21,0.1534
1981-10-22,0.15380000000000002
1981-10-23,0.153
1981-10-26,0.156
1981-10-27,0.15539999999999998
1981-10-28,0.15439999999999998
1981-10-29,0.1506
1981-10-30,0.1463
1981-11-02,0.1457
1981-11-04,0.1418
1981-11-05,0.1419
1981-11-06,0.1394
1981-11-09,0.13390000000000002
1981-11-10,0.134
1981-11-12,0.1319
1981-11-13,0.1318
1981-11-16,0.1307
1981-11-17,0.1318
1981-11-18,0.13
1981-11-19,0.1304
1981-11-20,0.13140000000000002
1981-11-23,0.1344
1981-11-24,0.1313
1981-11-25,0.1298
1981-11-27,0.1292
1981-11-30,0.1313
1981-12-01,0.13369999999999999
1981-12-02,0.1349
1981-12-03,0.13449999999999998
1981-12-04,0.1315
1981-12-07,0.135
1981-12-08,0.135
1981-12-09,0.1364
1981-12-10,0.138
1981-12-11,0.1384
1981-12-14,0.1362
1981-12-15,0.1355
1981-12-16,0.1353
1981-12-17,0.1371
1981-12-18,0.1351
1981-12-21,0.1383
1981-12-22,0.1402
1981-12-23,0.1414
1981-12-24,0.1401
1981-12-28,0.1401
1981-12-29,0.1412
1981-12-30,0.1417
1981-12-31,0.1398
1982-01-04,0.1419
1982-01-05,0.1444
1982-01-06,0.1459
1982-01-07,0.1463
1982-01-08,0.1448
1982-01-11,0.1481
1982-01-12,0.1462
1982-01-13,0.1483
1982-01-14,0.147
1982-01-15,0.1482
1982-01-18,0.1475
1982-01-19,0.14800000000000002
1982-01-20,0.1481
1982-01-21,0.1462
1982-01-22,0.1469
1982-01-25,0.1462
1982-01-26,0.1454
1982-01-27,0.1451
1982-01-28,0.1429
1982-01-29,0.1414
1982-02-01,0.1458
1982-02-02,0.1447
1982-02-03,0.1469
1982-02-04,0.1476
1982-02-05,0.1465
1982-02-08,0.14880000000000002
1982-02-09,0.1495
1982-02-10,0.1481
1982-02-11,0.1471
1982-02-16,0.14529999999999998
1982-02-17,0.145
1982-02-18,0.14279999999999998
1982-02-19,0.1424
1982-02-22,0.1387
1982-02-23,0.1393
1982-02-24,0.1387
1982-02-25,0.1391
1982-02-26,0.14029999999999998
1982-03-01,0.13849999999999998
1982-03-02,0.1374
1982-03-03,0.1369
1982-03-04,0.1361
1982-03-05,0.1359
1982-03-08,0.1367
1982-03-09,0.1369
1982-03-10,0.1373
1982-03-11,0.13949999999999999
1982-03-12,0.13970000000000002
1982-03-15,0.1396
1982-03-16,0.1391
1982-03-17,0.1388
1982-03-18,0.1387
1982-03-19,0.1389
1982-03-22,0.1374
1982-03-23,0.13720000000000002
1982-03-24,0.1391
1982-03-25,0.139
1982-03-26,0.1401
1982-03-29,0.1416
1982-03-30,0.1419
1982-03-31,0.1418
1982-04-01,0.141
1982-04-02,0.141
1982-04-05,0.1416
1982-04-06,0.1418
1982-04-07,0.1418
1982-04-08,0.1398
1982-04-12,0.1383
1982-04-13,0.1383
1982-04-14,0.13949999999999999
1982-04-15,0.1391
1982-04-16,0.1371
1982-04-19,0.1366
1982-04-20,0.13720000000000002
1982-04-21,0.1369
1982-04-22,0.1371
1982-04-23,0.1369
1982-04-26,0.13699999999999998
1982-04-27,0.13699999999999998
1982-04-28,0.1377
1982-04-29,0.1387
1982-04-30,0.1387
1982-05-03,0.13949999999999999
1982-05-04,0.1387
1982-05-05,0.138
1982-05-06,0.1354
1982-05-07,0.1348
1982-05-10,0.1349
1982-05-11,0.1346
1982-05-12,0.1359
1982-05-13,0.1362
1982-05-14,0.1348
1982-05-17,0.13570000000000002
1982-05-18,0.136
1982-05-19,0.1364
1982-05-20,0.1353
1982-05-21,0.1352
1982-05-24,0.1358
1982-05-25,0.1362
1982-05-26,0.1368
1982-05-27,0.13720000000000002
1982-05-28,0.1371
1982-06-01,0.1393
1982-06-02,0.1386
1982-06-03,0.139
1982-06-04,0.1398
1982-06-07,0.1394
1982-06-08,0.1398
1982-06-09,0.1399
1982-06-10,0.1402
1982-06-11,0.1393
1982-06-14,0.1421
1982-06-15,0.1421
1982-06-16,0.1426
1982-06-17,0.1448
1982-06-18,0.1462
1982-06-21,0.1463
1982-06-22,0.1466
1982-06-23,0.1474
1982-06-24,0.1471
1982-06-25,0.1476
1982-06-28,0.14730000000000001
1982-06-29,0.1461
1982-06-30,0.1444
1982-07-01,0.14400000000000002
1982-07-02,0.145
1982-07-06,0.1448
1982-07-07,0.1449
1982-07-08,0.1419
1982-07-09,0.14029999999999998
1982-07-12,0.1387
1982-07-13,0.1402
1982-07-14,0.141
1982-07-15,0.1396
1982-07-16,0.13699999999999998
1982-07-19,0.1368
1982-07-20,0.1353
1982-07-21,0.136
1982-07-22,0.1351
1982-07-23,0.1356
1982-07-26,0.1391
1982-07-27,0.1386
1982-07-28,0.13970000000000002
1982-07-29,0.1383
1982-07-30,0.1368
1982-08-02,0.1341
1982-08-03,0.1351
1982-08-04,0.1368
1982-08-05,0.13699999999999998
1982-08-06,0.13849999999999998
1982-08-09,0.13699999999999998
1982-08-10,0.1369
1982-08-11,0.1371
1982-08-12,0.1355
1982-08-13,0.132
1982-08-16,0.1309
1982-08-17,0.1265
1982-08-18,0.1257
1982-08-19,0.1247
1982-08-20,0.12240000000000001
1982-08-23,0.1247
1982-08-24,0.1235
1982-08-25,0.1243
1982-08-26,0.1255
1982-08-27,0.1277
1982-08-30,0.1281
1982-08-31,0.1281
1982-09-01,0.1276
1982-09-02,0.126
1982-09-03,0.1247
1982-09-07,0.1253
1982-09-08,0.1251
1982-09-09,0.1253
1982-09-10,0.1273
1982-09-13,0.1263
1982-09-14,0.12560000000000002
1982-09-15,0.126
1982-09-16,0.126
1982-09-17,0.1251
1982-09-20,0.1247
1982-09-21,0.12179999999999999
1982-09-22,0.1204
1982-09-23,0.11939999999999999
1982-09-24,0.1209
1982-09-27,0.1199
1982-09-28,0.1185
1982-09-29,0.11800000000000001
1982-09-30,0.1173
1982-10-01,0.1151
1982-10-04,0.11720000000000001
1982-10-05,0.11689999999999999
1982-10-06,0.115
1982-10-07,0.1091
1982-10-08,0.10830000000000001
1982-10-12,0.10529999999999999
1982-10-13,0.1039
1982-10-14,0.1061
1982-10-15,0.1075
1982-10-18,0.1058
1982-10-19,0.1056
1982-10-20,0.1069
1982-10-21,0.1069
1982-10-22,0.1081
1982-10-25,0.11109999999999999
1982-10-26,0.10869999999999999
1982-10-27,0.109
1982-10-28,0.10769999999999999
1982-10-29,0.10710000000000001
1982-11-01,0.1056
1982-11-03,0.10460000000000001
1982-11-04,0.1042
1982-11-05,0.1048
1982-11-08,0.10550000000000001
1982-11-09,0.1051
1982-11-10,0.1048
1982-11-12,0.1058
1982-11-15,0.1065
1982-11-16,0.1067
1982-11-17,0.1059
1982-11-18,0.10460000000000001
1982-11-19,0.1042
1982-11-22,0.1043
1982-11-23,0.10529999999999999
1982-11-24,0.1059
1982-11-26,0.1051
1982-11-29,0.10779999999999999
1982-11-30,0.1079
1982-12-01,0.1074
1982-12-02,0.10679999999999999
1982-12-03,0.1047
1982-12-06,0.10460000000000001
1982-12-07,0.1048
1982-12-08,0.10619999999999999
1982-12-09,0.1058
1982-12-10,0.1066
1982-12-13,0.1061
1982-12-14,0.10460000000000001
1982-12-15,0.105
1982-12-16,0.1059
1982-12-17,0.10640000000000001
1982-12-20,0.107
1982-12-21,0.1054
1982-12-22,0.10529999999999999
1982-12-23,0.1047
1982-12-27,0.10439999999999999
1982-12-28,0.10439999999999999
1982-12-29,0.1047
1982-12-30,0.10439999999999999
1982-12-31,0.1036
1983-01-03,0.1032
1983-01-04,0.10369999999999999
1983-01-05,0.1035
1983-01-06,0.1039
1983-01-07,0.1036
1983-01-10,0.1038
1983-01-11,0.10339999999999999
1983-01-12,0.1032
1983-01-13,0.1027
1983-01-14,0.10279999999999999
1983-01-17,0.10279999999999999
1983-01-18,0.10300000000000001
1983-01-19,0.1041
1983-01-20,0.1043
1983-01-21,0.1061
1983-01-24,0.107
1983-01-25,0.10619999999999999
1983-01-26,0.1069
1983-01-27,0.1067
1983-01-28,0.10710000000000001
1983-01-31,0.10800000000000001
1983-02-01,0.10779999999999999
1983-02-02,0.10880000000000001
1983-02-03,0.1093
1983-02-04,0.1099
1983-02-07,0.1096
1983-02-08,0.1099
1983-02-09,0.11
1983-02-10,0.10830000000000001
1983-02-11,0.10800000000000001
1983-02-14,0.10800000000000001
1983-02-15,0.1084
1983-02-16,0.1081
1983-02-17,0.10710000000000001
1983-02-18,0.106
1983-02-22,0.10460000000000001
1983-02-23,0.10439999999999999
1983-02-24,0.1042
1983-02-25,0.1026
1983-02-28,0.1027
1983-03-01,0.10220000000000001
1983-03-02,0.1026
1983-03-03,0.1023
1983-03-04,0.1027
1983-03-07,0.1043
1983-03-08,0.1052
1983-03-09,0.1048
1983-03-10,0.10550000000000001
1983-03-11,0.1059
1983-03-14,0.1048
1983-03-15,0.10460000000000001
1983-03-16,0.10529999999999999
1983-03-17,0.1056
1983-03-18,0.1058
1983-03-21,0.106
1983-03-22,0.10619999999999999
1983-03-23,0.1058
1983-03-24,0.1058
1983-03-25,0.10640000000000001
1983-03-28,0.1066
1983-03-29,0.106
1983-03-30,0.1059
1983-03-31,0.10619999999999999
1983-04-04,0.106
1983-04-05,0.10490000000000001
1983-04-06,0.10490000000000001
1983-04-07,0.1051
1983-04-08,0.1051
1983-04-11,0.1041
1983-04-12,0.1042
1983-04-13,0.1039
1983-04-14,0.10289999999999999
1983-04-15,0.1033
1983-04-18,0.10289999999999999
1983-04-19,0.1039
1983-04-20,0.1039
1983-04-21,0.1043
1983-04-22,0.1042
1983-04-25,0.10400000000000001
1983-04-26,0.10369999999999999
1983-04-27,0.10289999999999999
1983-04-28,0.10310000000000001
1983-04-29,0.1027
1983-05-02,0.1026
1983-05-03,0.1026
1983-05-04,0.1012
1983-05-05,0.1016
1983-05-06,0.1013
1983-05-09,0.1025
1983-05-10,0.1016
1983-05-11,0.1018
1983-05-12,0.1023
1983-05-13,0.10220000000000001
1983-05-16,0.10369999999999999
1983-05-17,0.1041
1983-05-18,0.1043
1983-05-19,0.10490000000000001
1983-05-20,0.1054
1983-05-23,0.1057
1983-05-24,0.1056
1983-05-25,0.1058
1983-05-26,0.1063
1983-05-27,0.10619999999999999
1983-05-31,0.1081
1983-06-01,0.10769999999999999
1983-06-02,0.10779999999999999
1983-06-03,0.1079
1983-06-06,0.1079
1983-06-07,0.1085
1983-06-08,0.1092
1983-06-09,0.10880000000000001
1983-06-10,0.10890000000000001
1983-06-13,0.1075
1983-06-14,0.10769999999999999
1983-06-15,0.1072
1983-06-16,0.10640000000000001
1983-06-17,0.10679999999999999
1983-06-20,0.10800000000000001
1983-06-21,0.1079
1983-06-22,0.10830000000000001
1983-06-23,0.109
1983-06-24,0.11019999999999999
1983-06-27,0.11109999999999999
1983-06-28,0.1104
1983-06-29,0.1099
1983-06-30,0.1096
1983-07-01,0.1093
1983-07-05,0.1121
1983-07-06,0.1116
1983-07-07,0.11289999999999999
1983-07-08,0.1133
1983-07-11,0.1128
1983-07-12,0.1142
1983-07-13,0.114
1983-07-14,0.11380000000000001
1983-07-15,0.1151
1983-07-18,0.11410000000000001
1983-07-19,0.11359999999999999
1983-07-20,0.1128
1983-07-21,0.11320000000000001
1983-07-22,0.1143
1983-07-25,0.11410000000000001
1983-07-26,0.1149
1983-07-27,0.1151
1983-07-28,0.1166
1983-07-29,0.1176
1983-08-01,0.11800000000000001
1983-08-02,0.1182
1983-08-03,0.1192
1983-08-04,0.12119999999999999
1983-08-05,0.121
1983-08-08,0.122
1983-08-09,0.1213
1983-08-10,0.1217
1983-08-11,0.1204
1983-08-12,0.11960000000000001
1983-08-15,0.1176
1983-08-16,0.11710000000000001
1983-08-17,0.1165
1983-08-18,0.11699999999999999
1983-08-19,0.11720000000000001
1983-08-22,0.11539999999999999
1983-08-23,0.1157
1983-08-24,0.11539999999999999
1983-08-25,0.1162
1983-08-26,0.1165
1983-08-29,0.1186
1983-08-30,0.11900000000000001
1983-08-31,0.1198
1983-09-01,0.1197
1983-09-02,0.1201
1983-09-06,0.1185
1983-09-07,0.11699999999999999
1983-09-08,0.1177
1983-09-09,0.1173
1983-09-12,0.11560000000000001
1983-09-13,0.11630000000000001
1983-09-14,0.1176
1983-09-15,0.1182
1983-09-16,0.1168
1983-09-19,0.1166
1983-09-20,0.1157
1983-09-21,0.1164
1983-09-22,0.11599999999999999
1983-09-23,0.1149
1983-09-26,0.11410000000000001
1983-09-27,0.11449999999999999
1983-09-28,0.1149
1983-09-29,0.115
1983-09-30,0.1144
1983-10-03,0.11470000000000001
1983-10-04,0.11460000000000001
1983-10-05,0.11349999999999999
1983-10-06,0.1131
1983-10-07,0.1133
1983-10-11,0.1157
1983-10-12,0.1159
1983-10-13,0.1165
1983-10-14,0.1158
1983-10-17,0.11470000000000001
1983-10-18,0.1149
1983-10-19,0.1149
1983-10-20,0.11470000000000001
1983-10-21,0.1143
1983-10-24,0.1166
1983-10-25,0.11699999999999999
1983-10-26,0.11720000000000001
1983-10-27,0.1166
1983-10-28,0.1168
1983-10-31,0.1174
1983-11-01,0.11689999999999999
1983-11-02,0.11699999999999999
1983-11-03,0.1175
1983-11-04,0.1185
1983-11-07,0.1185
1983-11-09,0.1184
1983-11-10,0.11710000000000001
1983-11-14,0.1168
1983-11-15,0.11699999999999999
1983-11-16,0.11699999999999999
1983-11-17,0.11720000000000001
1983-11-18,0.11720000000000001
1983-11-21,0.1165
1983-11-22,0.1157
1983-11-23,0.1159
1983-11-25,0.1155
1983-11-28,0.11630000000000001
1983-11-29,0.1158
1983-11-30,0.11630000000000001
1983-12-01,0.11630000000000001
1983-12-02,0.1175
1983-12-05,0.11779999999999999
1983-12-06,0.1176
1983-12-07,0.11789999999999999
1983-12-08,0.1189
1983-12-09,0.11900000000000001
1983-12-12,0.11869999999999999
1983-12-13,0.1195
1983-12-14,0.1197
1983-12-15,0.11960000000000001
1983-12-16,0.1188
1983-12-19,0.11869999999999999
1983-12-20,0.1186
1983-12-21,0.1183
1983-12-22,0.1177
1983-12-23,0.11789999999999999
1983-12-27,0.1175
1983-12-28,0.11810000000000001
1983-12-29,0.11789999999999999
1983-12-30,0.1182
1984-01-03,0.1186
1984-01-04,0.11779999999999999
1984-01-05,0.1177
1984-01-06,0.1173
1984-01-09,0.1175
1984-01-10,0.11710000000000001
1984-01-11,0.1176
1984-01-12,0.1176
1984-01-13,0.1159
1984-01-16,0.11539999999999999
1984-01-17,0.1157
1984-01-18,0.1161
1984-01-19,0.11599999999999999
1984-01-20,0.1164
1984-01-23,0.11630000000000001
1984-01-24,0.11630000000000001
1984-01-25,0.1164
1984-01-26,0.11630000000000001
1984-01-27,0.11630000000000001
1984-01-30,0.1166
1984-01-31,0.1167
1984-02-01,0.1164
1984-02-02,0.11599999999999999
1984-02-03,0.11599999999999999
1984-02-06,0.11699999999999999
1984-02-07,0.11710000000000001
1984-02-08,0.11720000000000001
1984-02-09,0.1173
1984-02-10,0.1183
1984-02-14,0.1185
1984-02-15,0.11810000000000001
1984-02-16,0.1183
1984-02-17,0.1192
1984-02-21,0.1191
1984-02-22,0.1193
1984-02-23,0.12050000000000001
1984-02-24,0.1199
1984-02-27,0.12050000000000001
1984-02-28,0.1209
1984-02-29,0.1204
1984-03-01,0.1207
1984-03-02,0.1199
1984-03-05,0.1207
1984-03-06,0.1209
1984-03-07,0.1222
1984-03-08,0.12240000000000001
1984-03-09,0.12279999999999999
1984-03-12,0.12240000000000001
1984-03-13,0.12269999999999999
1984-03-14,0.1231
1984-03-15,0.1231
1984-03-16,0.1234
1984-03-19,0.1245
1984-03-20,0.1244
1984-03-21,0.1245
1984-03-22,0.1249
1984-03-23,0.12480000000000001
1984-03-26,0.1246
1984-03-27,0.1246
1984-03-28,0.1242
1984-03-29,0.1241
1984-03-30,0.1253
1984-04-02,0.12560000000000002
1984-04-03,0.1265
1984-04-04,0.1267
1984-04-05,0.1265
1984-04-06,0.1251
1984-04-09,0.1247
1984-04-10,0.1252
1984-04-11,0.125
1984-04-12,0.124
1984-04-13,0.1257
1984-04-16,0.1261
1984-04-17,0.1257
1984-04-18,0.127
1984-04-19,0.1277
1984-04-23,0.128
1984-04-24,0.1275
1984-04-25,0.12689999999999999
1984-04-26,0.1267
1984-04-27,0.12789999999999999
1984-04-30,0.1282
1984-05-01,0.1282
1984-05-02,0.1286
1984-05-03,0.12890000000000001
1984-05-04,0.1307
1984-05-07,0.1313
1984-05-08,0.1309
1984-05-09,0.1321
1984-05-10,0.1325
1984-05-11,0.1346
1984-05-14,0.1358
1984-05-15,0.1348
1984-05-16,0.1341
1984-05-17,0.1354
1984-05-18,0.13449999999999998
1984-05-21,0.1343
1984-05-22,0.1352
1984-05-23,0.1354
1984-05-24,0.13720000000000002
1984-05-25,0.1375
1984-05-29,0.1389
1984-05-30,0.1399
1984-05-31,0.1391
1984-06-01,0.1363
1984-06-04,0.13419999999999999
1984-06-05,0.13369999999999999
1984-06-06,0.1354
1984-06-07,0.1354
1984-06-08,0.1346
1984-06-11,0.1358
1984-06-12,0.1354
1984-06-13,0.1344
1984-06-14,0.13390000000000002
1984-06-15,0.1321
1984-06-18,0.13269999999999998
1984-06-19,0.1338
1984-06-20,0.1365
1984-06-21,0.13720000000000002
1984-06-22,0.1374
1984-06-25,0.1375
1984-06-26,0.1379
1984-06-27,0.1376
1984-06-28,0.138
1984-06-29,0.1384
1984-07-02,0.1387
1984-07-03,0.138
1984-07-05,0.1377
1984-07-06,0.1375
1984-07-09,0.1348
1984-07-10,0.1353
1984-07-11,0.1355
1984-07-12,0.13419999999999999
1984-07-13,0.133
1984-07-16,0.1332
1984-07-17,0.13369999999999999
1984-07-18,0.1332
1984-07-19,0.1325
1984-07-20,0.1336
1984-07-23,0.1335
1984-07-24,0.1331
1984-07-25,0.1306
1984-07-26,0.12890000000000001
1984-07-27,0.1295
1984-07-30,0.1305
1984-07-31,0.1291
1984-08-01,0.1281
1984-08-02,0.1274
1984-08-03,0.1261
1984-08-06,0.1273
1984-08-07,0.12689999999999999
1984-08-08,0.1266
1984-08-09,0.1261
1984-08-10,0.1268
1984-08-13,0.1274
1984-08-14,0.1267
1984-08-15,0.1274
1984-08-16,0.127
1984-08-17,0.127
1984-08-20,0.12689999999999999
1984-08-21,0.12619999999999998
1984-08-22,0.1265
1984-08-23,0.12689999999999999
1984-08-24,0.1266
1984-08-27,0.1281
1984-08-28,0.1281
1984-08-29,0.1283
1984-08-30,0.1284
1984-08-31,0.12789999999999999
1984-09-04,0.1288
1984-09-05,0.1292
1984-09-06,0.1281
1984-09-07,0.127
1984-09-10,0.12619999999999998
1984-09-11,0.12539999999999998
1984-09-12,0.1255
1984-09-13,0.1244
1984-09-14,0.1242
1984-09-17,0.124
1984-09-18,0.1235
1984-09-19,0.1225
1984-09-20,0.12279999999999999
1984-09-21,0.1245
1984-09-24,0.1252
1984-09-25,0.12560000000000002
1984-09-26,0.1246
1984-09-27,0.1231
1984-09-28,0.1247
1984-10-01,0.12539999999999998
1984-10-02,0.12539999999999998
1984-10-03,0.12539999999999998
1984-10-04,0.1252
1984-10-05,0.12390000000000001
1984-10-09,0.12359999999999999
1984-10-10,0.12359999999999999
1984-10-11,0.1231
1984-10-12,0.12279999999999999
1984-10-15,0.1234
1984-10-16,0.1232
1984-10-17,0.12279999999999999
1984-10-18,0.1209
1984-10-19,0.1193
1984-10-22,0.11900000000000001
1984-10-23,0.11779999999999999
1984-10-24,0.1174
1984-10-25,0.1183
1984-10-26,0.1199
1984-10-29,0.1195
1984-10-30,0.1175
1984-10-31,0.11789999999999999
1984-11-01,0.1166
1984-11-02,0.1166
1984-11-05,0.11599999999999999
1984-11-07,0.11720000000000001
1984-11-08,0.11810000000000001
1984-11-09,0.11710000000000001
1984-11-13,0.11779999999999999
1984-11-14,0.11810000000000001
1984-11-15,0.1173
1984-11-16,0.11689999999999999
1984-11-19,0.1161
1984-11-20,0.1153
1984-11-21,0.1139
1984-11-23,0.1124
1984-11-26,0.1128
1984-11-27,0.1128
1984-11-28,0.11380000000000001
1984-11-29,0.1142
1984-11-30,0.1158
1984-12-03,0.11560000000000001
1984-12-04,0.1152
1984-12-05,0.1152
1984-12-06,0.1161
1984-12-07,0.11699999999999999
1984-12-10,0.1166
1984-12-11,0.1157
1984-12-12,0.11539999999999999
1984-12-13,0.11699999999999999
1984-12-14,0.11560000000000001
1984-12-17,0.1149
1984-12-18,0.11289999999999999
1984-12-19,0.1134
1984-12-20,0.1137
1984-12-21,0.1134
1984-12-24,0.1131
1984-12-26,0.11449999999999999
1984-12-27,0.11449999999999999
1984-12-28,0.11460000000000001
1984-12-31,0.1155
1985-01-02,0.11699999999999999
1985-01-03,0.1162
1985-01-04,0.1167
1985-01-07,0.115
1985-01-08,0.11449999999999999
1985-01-09,0.11470000000000001
1985-01-10,0.1148
1985-01-11,0.1159
1985-01-14,0.11599999999999999
1985-01-15,0.1149
1985-01-16,0.1151
1985-01-17,0.1148
1985-01-18,0.1139
1985-01-22,0.1127
1985-01-23,0.1121
1985-01-24,0.1106
1985-01-25,0.11109999999999999
1985-01-28,0.11109999999999999
1985-01-29,0.11109999999999999
1985-01-30,0.1108
1985-01-31,0.1117
1985-02-01,0.11289999999999999
1985-02-04,0.11349999999999999
1985-02-05,0.113
1985-02-06,0.114
1985-02-07,0.11410000000000001
1985-02-08,0.1137
1985-02-11,0.1142
1985-02-13,0.1139
1985-02-14,0.11289999999999999
1985-02-15,0.11380000000000001
1985-02-19,0.1137
1985-02-20,0.1152
1985-02-21,0.1164
1985-02-22,0.1176
1985-02-25,0.1175
1985-02-26,0.11720000000000001
1985-02-27,0.1189
1985-02-28,0.1191
1985-03-01,0.1186
1985-03-04,0.1193
1985-03-05,0.1186
1985-03-06,0.1192
1985-03-07,0.11939999999999999
1985-03-08,0.11710000000000001
1985-03-11,0.11720000000000001
1985-03-12,0.11779999999999999
1985-03-13,0.11900000000000001
1985-03-14,0.1192
1985-03-15,0.1193
1985-03-18,0.1202
1985-03-19,0.1199
1985-03-20,0.1191
1985-03-21,0.1182
1985-03-22,0.1188
1985-03-25,0.1186
1985-03-26,0.1177
1985-03-27,0.1184
1985-03-28,0.1175
1985-03-29,0.1165
1985-04-01,0.1166
1985-04-02,0.11699999999999999
1985-04-03,0.1173
1985-04-04,0.1175
1985-04-08,0.1177
1985-04-09,0.1166
1985-04-10,0.1158
1985-04-11,0.1142
1985-04-12,0.1143
1985-04-15,0.1137
1985-04-16,0.1125
1985-04-17,0.11289999999999999
1985-04-18,0.11130000000000001
1985-04-19,0.1116
1985-04-22,0.11130000000000001
1985-04-23,0.1125
1985-04-24,0.1125
1985-04-25,0.1137
1985-04-26,0.11349999999999999
1985-04-29,0.11470000000000001
1985-04-30,0.11410000000000001
1985-05-01,0.1127
1985-05-02,0.11289999999999999
1985-05-03,0.1121
1985-05-06,0.1119
1985-05-07,0.1117
1985-05-08,0.11259999999999999
1985-05-09,0.11199999999999999
1985-05-10,0.1104
1985-05-13,0.1104
1985-05-14,0.10869999999999999
1985-05-15,0.10890000000000001
1985-05-16,0.1081
1985-05-17,0.1084
1985-05-20,0.1056
1985-05-21,0.106
1985-05-22,0.10619999999999999
1985-05-23,0.10640000000000001
1985-05-24,0.1057
1985-05-28,0.1043
1985-05-29,0.10460000000000001
1985-05-30,0.1039
1985-05-31,0.10279999999999999
1985-06-03,0.1005
1985-06-04,0.1005
1985-06-05,0.0983
1985-06-06,0.0989
1985-06-07,0.10189999999999999
1985-06-10,0.1016
1985-06-11,0.1008
1985-06-12,0.1016
1985-06-13,0.10210000000000001
1985-06-14,0.0998
1985-06-17,0.09970000000000001
1985-06-18,0.099
1985-06-19,0.10039999999999999
1985-06-20,0.1014
1985-06-21,0.10339999999999999
1985-06-24,0.1045
1985-06-25,0.105
1985-06-26,0.1054
1985-06-27,0.1039
1985-06-28,0.1025
1985-07-01,0.10189999999999999
1985-07-02,0.102
1985-07-03,0.1023
1985-07-05,0.0993
1985-07-08,0.1005
1985-07-09,0.1005
1985-07-10,0.1007
1985-07-11,0.10220000000000001
1985-07-12,0.1023
1985-07-15,0.10220000000000001
1985-07-16,0.1015
1985-07-17,0.1012
1985-07-18,0.10300000000000001
1985-07-19,0.10339999999999999
1985-07-22,0.10460000000000001
1985-07-23,0.1047
1985-07-24,0.1051
1985-07-25,0.1052
1985-07-26,0.1059
1985-07-29,0.1067
1985-07-30,0.1066
1985-07-31,0.1057
1985-08-01,0.1051
1985-08-02,0.1066
1985-08-05,0.10640000000000001
1985-08-06,0.1065
1985-08-07,0.10550000000000001
1985-08-08,0.1043
1985-08-09,0.10369999999999999
1985-08-12,0.1038
1985-08-13,0.10460000000000001
1985-08-14,0.1038
1985-08-15,0.1036
1985-08-16,0.1026
1985-08-19,0.1023
1985-08-20,0.102
1985-08-21,0.1012
1985-08-22,0.10099999999999999
1985-08-23,0.1014
1985-08-26,0.1018
1985-08-27,0.1012
1985-08-28,0.1016
1985-08-29,0.1012
1985-08-30,0.10279999999999999
1985-09-03,0.1024
1985-09-04,0.1016
1985-09-05,0.1027
1985-09-06,0.105
1985-09-09,0.10490000000000001
1985-09-10,0.1048
1985-09-11,0.1051
1985-09-12,0.1052
1985-09-13,0.10400000000000001
1985-09-16,0.10369999999999999
1985-09-17,0.1041
1985-09-18,0.1043
1985-09-19,0.1043
1985-09-20,0.1036
1985-09-23,0.1039
1985-09-24,0.1033
1985-09-25,0.1027
1985-09-26,0.10220000000000001
1985-09-30,0.10310000000000001
1985-10-01,0.10289999999999999
1985-10-02,0.10300000000000001
1985-10-03,0.1032
1985-10-04,0.1036
1985-10-07,0.1042
1985-10-08,0.1036
1985-10-09,0.10369999999999999
1985-10-10,0.1035
1985-10-11,0.10339999999999999
1985-10-15,0.10300000000000001
1985-10-16,0.1025
1985-10-17,0.10210000000000001
1985-10-18,0.1017
1985-10-21,0.1018
1985-10-22,0.1012
1985-10-23,0.1014
1985-10-24,0.1015
1985-10-25,0.10210000000000001
1985-10-28,0.10279999999999999
1985-10-29,0.1011
1985-10-30,0.09970000000000001
1985-10-31,0.1001
1985-11-01,0.0998
1985-11-04,0.0998
1985-11-05,0.0993
1985-11-06,0.0993
1985-11-07,0.09910000000000001
1985-11-08,0.0984
1985-11-12,0.0974
1985-11-13,0.0978
1985-11-14,0.0984
1985-11-15,0.0992
1985-11-18,0.09720000000000001
1985-11-19,0.0973
1985-11-20,0.09720000000000001
1985-11-21,0.0958
1985-11-22,0.0966
1985-11-25,0.0968
1985-11-26,0.0968
1985-11-27,0.0964
1985-11-29,0.0959
1985-12-02,0.0969
1985-12-03,0.0968
1985-12-04,0.09630000000000001
1985-12-05,0.0962
1985-12-06,0.0965
1985-12-09,0.0949
1985-12-10,0.09359999999999999
1985-12-11,0.092
1985-12-12,0.09269999999999999
1985-12-13,0.09210000000000002
1985-12-16,0.0916
1985-12-17,0.0904
1985-12-18,0.0911
1985-12-19,0.091
1985-12-20,0.0904
1985-12-23,0.0908
1985-12-24,0.0907
1985-12-26,0.0904
1985-12-27,0.08990000000000001
1985-12-30,0.0901
1985-12-31,0.09
1986-01-02,0.0904
1986-01-03,0.09050000000000001
1986-01-06,0.0907
1986-01-07,0.0894
1986-01-08,0.0913
1986-01-09,0.09269999999999999
1986-01-10,0.09390000000000001
1986-01-13,0.0949
1986-01-14,0.0943
1986-01-15,0.0931
1986-01-16,0.09300000000000001
1986-01-17,0.0924
1986-01-21,0.0922
1986-01-22,0.0928
1986-01-23,0.09230000000000001
1986-01-24,0.09230000000000001
1986-01-27,0.0913
1986-01-28,0.09050000000000001
1986-01-29,0.0909
1986-01-30,0.091
1986-01-31,0.0908
1986-02-03,0.0902
1986-02-04,0.08960000000000001
1986-02-05,0.0897
1986-02-06,0.09029999999999999
1986-02-07,0.0911
1986-02-10,0.09
1986-02-11,0.08929999999999999
1986-02-12,0.0891
1986-02-13,0.0885
1986-02-14,0.0868
1986-02-18,0.0864
1986-02-19,0.087
1986-02-20,0.0867
1986-02-21,0.0848
1986-02-24,0.0839
1986-02-25,0.084
1986-02-26,0.0836
1986-02-27,0.0815
1986-02-28,0.08130000000000001
1986-03-03,0.0799
1986-03-04,0.0793
1986-03-05,0.0812
1986-03-06,0.08039999999999999
1986-03-07,0.0796
1986-03-10,0.0776
1986-03-11,0.077
1986-03-12,0.0768
1986-03-13,0.0775
1986-03-14,0.07719999999999999
1986-03-17,0.07769999999999999
1986-03-18,0.0783
1986-03-19,0.0782
1986-03-20,0.07780000000000001
1986-03-21,0.078
1986-03-24,0.077
1986-03-25,0.077
1986-03-26,0.0764
1986-03-27,0.07490000000000001
1986-03-31,0.0739
1986-04-01,0.0737
1986-04-02,0.0733
1986-04-03,0.0741
1986-04-04,0.0745
1986-04-07,0.07429999999999999
1986-04-08,0.0731
1986-04-09,0.0727
1986-04-10,0.0723
1986-04-11,0.0729
1986-04-14,0.0719
1986-04-15,0.0722
1986-04-16,0.0698
1986-04-17,0.0703
1986-04-18,0.0709
1986-04-21,0.0704
1986-04-22,0.0725
1986-04-23,0.0736
1986-04-24,0.0751
1986-04-25,0.0758
1986-04-28,0.0748
1986-04-29,0.0738
1986-04-30,0.0738
1986-05-01,0.0745
1986-05-02,0.0751
1986-05-05,0.0745
1986-05-06,0.0746
1986-05-07,0.07429999999999999
1986-05-08,0.07400000000000001
1986-05-09,0.0748
1986-05-12,0.0767
1986-05-13,0.07629999999999999
1986-05-14,0.0766
1986-05-15,0.0779
1986-05-16,0.0799
1986-05-19,0.07980000000000001
1986-05-20,0.0788
1986-05-21,0.079
1986-05-22,0.0788
1986-05-23,0.0784
1986-05-27,0.07730000000000001
1986-05-28,0.07730000000000001
1986-05-29,0.0799
1986-05-30,0.0805
1986-06-02,0.0832
1986-06-03,0.0819
1986-06-04,0.0839
1986-06-05,0.08310000000000001
1986-06-06,0.0795
1986-06-09,0.08130000000000001
1986-06-10,0.08070000000000001
1986-06-11,0.0801
1986-06-12,0.07980000000000001
1986-06-13,0.07730000000000001
1986-06-16,0.07629999999999999
1986-06-17,0.07629999999999999
1986-06-18,0.0757
1986-06-19,0.07690000000000001
1986-06-20,0.076
1986-06-23,0.0755
1986-06-24,0.0747
1986-06-25,0.0742
1986-06-26,0.0742
1986-06-27,0.0738
1986-06-30,0.0735
1986-07-01,0.0737
1986-07-02,0.0737
1986-07-03,0.0731
1986-07-07,0.0731
1986-07-08,0.07440000000000001
1986-07-09,0.0731
1986-07-10,0.0731
1986-07-11,0.073
1986-07-14,0.0725
1986-07-15,0.0716
1986-07-16,0.07200000000000001
1986-07-17,0.0718
1986-07-18,0.0716
1986-07-21,0.07139999999999999
1986-07-22,0.07200000000000001
1986-07-23,0.0729
1986-07-24,0.0735
1986-07-25,0.0733
1986-07-28,0.0753
1986-07-29,0.0741
1986-07-30,0.0741
1986-07-31,0.07339999999999999
1986-08-01,0.07339999999999999
1986-08-04,0.0733
1986-08-05,0.0739
1986-08-06,0.0747
1986-08-07,0.0745
1986-08-08,0.073
1986-08-11,0.0725
1986-08-12,0.0723
1986-08-13,0.07150000000000001
1986-08-14,0.0716
1986-08-15,0.07139999999999999
1986-08-18,0.07139999999999999
1986-08-19,0.0702
1986-08-20,0.07
1986-08-21,0.0696
1986-08-22,0.0707
1986-08-25,0.0706
1986-08-26,0.0697
1986-08-27,0.0706
1986-08-28,0.0704
1986-08-29,0.0695
1986-09-02,0.0703
1986-09-03,0.07200000000000001
1986-09-04,0.07150000000000001
1986-09-05,0.0732
1986-09-08,0.0738
1986-09-09,0.0735
1986-09-10,0.0735
1986-09-11,0.0757
1986-09-12,0.07629999999999999
1986-09-15,0.0753
1986-09-16,0.0753
1986-09-17,0.0746
1986-09-18,0.0762
1986-09-19,0.0767
1986-09-22,0.0762
1986-09-23,0.0758
1986-09-24,0.0748
1986-09-25,0.0747
1986-09-26,0.0747
1986-09-29,0.0754
1986-09-30,0.0745
1986-10-01,0.0741
1986-10-02,0.0745
1986-10-03,0.0731
1986-10-06,0.0728
1986-10-07,0.0728
1986-10-08,0.0731
1986-10-09,0.0733
1986-10-10,0.0736
1986-10-14,0.07490000000000001
1986-10-15,0.0751
1986-10-16,0.0753
1986-10-17,0.0757
1986-10-20,0.0766
1986-10-21,0.0757
1986-10-22,0.07490000000000001
1986-10-23,0.07429999999999999
1986-10-24,0.0747
1986-10-27,0.0742
1986-10-28,0.0745
1986-10-29,0.0741
1986-10-30,0.0731
1986-10-31,0.07339999999999999
1986-11-03,0.0729
1986-11-04,0.0731
1986-11-05,0.0724
1986-11-06,0.0732
1986-11-07,0.07400000000000001
1986-11-10,0.0738
1986-11-12,0.0735
1986-11-13,0.0733
1986-11-14,0.0729
1986-11-17,0.0722
1986-11-18,0.0727
1986-11-19,0.0719
1986-11-20,0.0719
1986-11-21,0.0717
1986-11-24,0.0711
1986-11-25,0.07150000000000001
1986-11-26,0.07150000000000001
1986-11-28,0.07150000000000001
1986-12-01,0.0718
1986-12-02,0.0708
1986-12-03,0.0706
1986-12-04,0.0701
1986-12-05,0.0712
1986-12-08,0.071
1986-12-09,0.0707
1986-12-10,0.0705
1986-12-11,0.0712
1986-12-12,0.0713
1986-12-15,0.07150000000000001
1986-12-16,0.0712
1986-12-17,0.0712
1986-12-18,0.0711
1986-12-19,0.071
1986-12-22,0.071
1986-12-23,0.0708
1986-12-24,0.0707
1986-12-26,0.0708
1986-12-29,0.0717
1986-12-30,0.0723
1986-12-31,0.0723
1987-01-02,0.0718
1987-01-05,0.0708
1987-01-06,0.0708
1987-01-07,0.0705
1987-01-08,0.0704
1987-01-09,0.0701
1987-01-12,0.0705
1987-01-13,0.071
1987-01-14,0.0711
1987-01-15,0.0708
1987-01-16,0.0703
1987-01-20,0.0701
1987-01-21,0.0701
1987-01-22,0.0703
1987-01-23,0.0706
1987-01-26,0.0717
1987-01-27,0.0716
1987-01-28,0.0713
1987-01-29,0.0713
1987-01-30,0.0718
1987-02-02,0.0723
1987-02-03,0.0725
1987-02-04,0.0723
1987-02-05,0.07200000000000001
1987-02-06,0.0719
1987-02-09,0.0725
1987-02-10,0.0733
1987-02-11,0.0737
1987-02-12,0.0731
1987-02-13,0.0728
1987-02-17,0.0733
1987-02-18,0.073
1987-02-19,0.0723
1987-02-20,0.0724
1987-02-23,0.0723
1987-02-24,0.0718
1987-02-25,0.0721
1987-02-26,0.0721
1987-02-27,0.0719
1987-03-02,0.0717
1987-03-03,0.0721
1987-03-04,0.07139999999999999
1987-03-05,0.0716
1987-03-06,0.0723
1987-03-09,0.0723
1987-03-10,0.0723
1987-03-11,0.0723
1987-03-12,0.0722
1987-03-13,0.0719
1987-03-16,0.0722
1987-03-17,0.07200000000000001
1987-03-18,0.0721
1987-03-19,0.0721
1987-03-20,0.0722
1987-03-23,0.0725
1987-03-24,0.0727
1987-03-25,0.0726
1987-03-26,0.0724
1987-03-27,0.0733
1987-03-30,0.0754
1987-03-31,0.0751
1987-04-01,0.0759
1987-04-02,0.0759
1987-04-03,0.0759
1987-04-06,0.0754
1987-04-07,0.0762
1987-04-08,0.0761
1987-04-09,0.07780000000000001
1987-04-10,0.07980000000000001
1987-04-13,0.08070000000000001
1987-04-14,0.0828
1987-04-15,0.081
1987-04-16,0.0803
1987-04-20,0.08199999999999999
1987-04-21,0.0819
1987-04-22,0.0824
1987-04-23,0.0839
1987-04-24,0.08470000000000001
1987-04-27,0.0837
1987-04-28,0.0828
1987-04-29,0.08349999999999999
1987-04-30,0.0821
1987-05-01,0.0839
1987-05-04,0.0852
1987-05-05,0.08449999999999999
1987-05-06,0.08539999999999999
1987-05-07,0.085
1987-05-08,0.0843
1987-05-11,0.0857
1987-05-12,0.0855
1987-05-13,0.0855
1987-05-14,0.0857
1987-05-15,0.08800000000000001
1987-05-18,0.0873
1987-05-19,0.0889
1987-05-20,0.0892
1987-05-21,0.08869999999999999
1987-05-22,0.08779999999999999
1987-05-26,0.0855
1987-05-27,0.086
1987-05-28,0.08560000000000001
1987-05-29,0.0849
1987-06-01,0.08449999999999999
1987-06-02,0.0872
1987-06-03,0.0864
1987-06-04,0.0858
1987-06-05,0.085
1987-06-08,0.08529999999999999
1987-06-09,0.08560000000000001
1987-06-10,0.08560000000000001
1987-06-11,0.0852
1987-06-12,0.0832
1987-06-15,0.0828
1987-06-16,0.0828
1987-06-17,0.0823
1987-06-18,0.0827
1987-06-19,0.083
1987-06-22,0.0823
1987-06-23,0.0823
1987-06-24,0.08310000000000001
1987-06-25,0.0825
1987-06-26,0.0837
1987-06-29,0.0834
1987-06-30,0.08380000000000001
1987-07-01,0.0836
1987-07-02,0.083
1987-07-06,0.08289999999999999
1987-07-07,0.0828
1987-07-08,0.0832
1987-07-09,0.0837
1987-07-10,0.0832
1987-07-13,0.08380000000000001
1987-07-14,0.0833
1987-07-15,0.0843
1987-07-16,0.08410000000000001
1987-07-17,0.0836
1987-07-20,0.08410000000000001
1987-07-21,0.0849
1987-07-22,0.08539999999999999
1987-07-23,0.08560000000000001
1987-07-24,0.0858
1987-07-27,0.086
1987-07-28,0.0862
1987-07-29,0.0861
1987-07-30,0.0861
1987-07-31,0.0866
1987-08-03,0.08810000000000001
1987-08-04,0.08810000000000001
1987-08-05,0.08710000000000001
1987-08-06,0.0873
1987-08-07,0.087
1987-08-10,0.0874
1987-08-11,0.0873
1987-08-12,0.0872
1987-08-13,0.0863
1987-08-14,0.0858
1987-08-17,0.08560000000000001
1987-08-18,0.0873
1987-08-19,0.0877
1987-08-20,0.0874
1987-08-21,0.0877
1987-08-24,0.08779999999999999
1987-08-25,0.0873
1987-08-26,0.08789999999999999
1987-08-27,0.0892
1987-08-28,0.0902
1987-08-31,0.09
1987-09-01,0.09050000000000001
1987-09-02,0.0928
1987-09-03,0.0929
1987-09-04,0.09300000000000001
1987-09-08,0.095
1987-09-09,0.09480000000000001
1987-09-10,0.0942
1987-09-11,0.0933
1987-09-14,0.0934
1987-09-15,0.0944
1987-09-16,0.09519999999999999
1987-09-17,0.09480000000000001
1987-09-18,0.09380000000000001
1987-09-21,0.09449999999999999
1987-09-22,0.09369999999999999
1987-09-23,0.094
1987-09-24,0.0951
1987-09-25,0.0953
1987-09-28,0.09519999999999999
1987-09-29,0.0964
1987-09-30,0.09630000000000001
1987-10-01,0.0966
1987-10-02,0.096
1987-10-05,0.0969
1987-10-06,0.09720000000000001
1987-10-07,0.0971
1987-10-08,0.0986
1987-10-09,0.09939999999999999
1987-10-13,0.099
1987-10-14,0.1013
1987-10-15,0.1018
1987-10-16,0.1023
1987-10-19,0.1015
1987-10-20,0.094
1987-10-21,0.09300000000000001
1987-10-22,0.0897
1987-10-23,0.0898
1987-10-26,0.08800000000000001
1987-10-27,0.0892
1987-10-28,0.0901
1987-10-29,0.0889
1987-10-30,0.0888
1987-11-02,0.0898
1987-11-03,0.0891
1987-11-04,0.0885
1987-11-05,0.0872
1987-11-06,0.0876
1987-11-09,0.08779999999999999
1987-11-10,0.08789999999999999
1987-11-12,0.08800000000000001
1987-11-13,0.08839999999999999
1987-11-16,0.0882
1987-11-17,0.0886
1987-11-18,0.0885
1987-11-19,0.0883
1987-11-20,0.08789999999999999
1987-11-23,0.08800000000000001
1987-11-24,0.0889
1987-11-25,0.0898
1987-11-27,0.0911
1987-11-30,0.08990000000000001
1987-12-01,0.0901
1987-12-02,0.0901
1987-12-03,0.0894
1987-12-04,0.0894
1987-12-07,0.0907
1987-12-08,0.0909
1987-12-09,0.09050000000000001
1987-12-10,0.09230000000000001
1987-12-11,0.0928
1987-12-14,0.09230000000000001
1987-12-15,0.0909
1987-12-16,0.09
1987-12-17,0.09029999999999999
1987-12-18,0.0889
1987-12-21,0.0888
1987-12-22,0.0895
1987-12-23,0.0883
1987-12-24,0.0882
1987-12-28,0.08929999999999999
1987-12-29,0.0885
1987-12-30,0.08779999999999999
1987-12-31,0.0883
1988-01-04,0.0883
1988-01-05,0.0876
1988-01-06,0.0882
1988-01-07,0.0883
1988-01-08,0.0897
1988-01-11,0.0894
1988-01-12,0.08929999999999999
1988-01-13,0.08869999999999999
1988-01-14,0.0886
1988-01-15,0.086
1988-01-19,0.08650000000000001
1988-01-20,0.0861
1988-01-21,0.08529999999999999
1988-01-22,0.0849
1988-01-25,0.08449999999999999
1988-01-26,0.08539999999999999
1988-01-27,0.08380000000000001
1988-01-28,0.0833
1988-01-29,0.08259999999999999
1988-02-01,0.08259999999999999
1988-02-02,0.0818
1988-02-03,0.0821
1988-02-04,0.0824
1988-02-05,0.0812
1988-02-08,0.0819
1988-02-09,0.0816
1988-02-10,0.08109999999999999
1988-02-11,0.0816
1988-02-12,0.0828
1988-02-16,0.08310000000000001
1988-02-17,0.0832
1988-02-18,0.0828
1988-02-19,0.08259999999999999
1988-02-22,0.0824
1988-02-23,0.0817
1988-02-24,0.0818
1988-02-25,0.0823
1988-02-26,0.0818
1988-02-29,0.0816
1988-03-01,0.0815
1988-03-02,0.08130000000000001
1988-03-03,0.0812
1988-03-04,0.0828
1988-03-07,0.083
1988-03-08,0.0833
1988-03-09,0.0832
1988-03-10,0.08349999999999999
1988-03-11,0.08289999999999999
1988-03-14,0.08289999999999999
1988-03-15,0.083
1988-03-16,0.0836
1988-03-17,0.083
1988-03-18,0.08410000000000001
1988-03-21,0.08470000000000001
1988-03-22,0.08460000000000001
1988-03-23,0.08470000000000001
1988-03-24,0.0851
1988-03-25,0.08470000000000001
1988-03-28,0.0858
1988-03-29,0.08560000000000001
1988-03-30,0.0857
1988-03-31,0.0857
1988-04-04,0.0868
1988-04-05,0.0867
1988-04-06,0.0861
1988-04-07,0.086
1988-04-08,0.0852
1988-04-11,0.0859
1988-04-12,0.0857
1988-04-13,0.08560000000000001
1988-04-14,0.0867
1988-04-15,0.0874
1988-04-18,0.08810000000000001
1988-04-19,0.08810000000000001
1988-04-20,0.0883
1988-04-21,0.0882
1988-04-22,0.08779999999999999
1988-04-25,0.08779999999999999
1988-04-26,0.08800000000000001
1988-04-27,0.08800000000000001
1988-04-28,0.0886
1988-04-29,0.08869999999999999
1988-05-02,0.0894
1988-05-03,0.0889
1988-05-04,0.08900000000000001
1988-05-05,0.0892
1988-05-06,0.0901
1988-05-09,0.09029999999999999
1988-05-10,0.0907
1988-05-11,0.09050000000000001
1988-05-12,0.0904
1988-05-13,0.09
1988-05-16,0.0901
1988-05-17,0.09119999999999999
1988-05-18,0.0919
1988-05-19,0.09179999999999999
1988-05-20,0.0922
1988-05-23,0.09230000000000001
1988-05-24,0.0922
1988-05-25,0.092
1988-05-26,0.09210000000000002
1988-05-27,0.0924
1988-05-31,0.092
1988-06-01,0.09029999999999999
1988-06-02,0.0907
1988-06-03,0.0897
1988-06-06,0.0897
1988-06-07,0.0902
1988-06-08,0.0892
1988-06-09,0.08960000000000001
1988-06-10,0.0892
1988-06-13,0.0891
1988-06-14,0.08689999999999999
1988-06-15,0.08710000000000001
1988-06-16,0.0889
1988-06-17,0.0902
1988-06-20,0.0902
1988-06-21,0.09029999999999999
1988-06-22,0.08900000000000001
1988-06-23,0.0888
1988-06-24,0.0885
1988-06-27,0.0894
1988-06-28,0.08869999999999999
1988-06-29,0.0888
1988-06-30,0.0882
1988-07-01,0.0877
1988-07-05,0.0882
1988-07-06,0.0891
1988-07-07,0.0895
1988-07-08,0.0904
1988-07-11,0.0902
1988-07-12,0.0908
1988-07-13,0.09119999999999999
1988-07-14,0.09119999999999999
1988-07-15,0.0908
1988-07-18,0.0915
1988-07-19,0.091
1988-07-20,0.0911
1988-07-21,0.0916
1988-07-22,0.0911
1988-07-25,0.0907
1988-07-26,0.0909
1988-07-27,0.09140000000000001
1988-07-28,0.0916
1988-07-29,0.09119999999999999
1988-08-01,0.0907
1988-08-02,0.09
1988-08-03,0.0904
1988-08-04,0.08990000000000001
1988-08-05,0.09119999999999999
1988-08-08,0.09119999999999999
1988-08-09,0.092
1988-08-10,0.09300000000000001
1988-08-11,0.0935
1988-08-12,0.09359999999999999
1988-08-15,0.09369999999999999
1988-08-16,0.0935
1988-08-17,0.09380000000000001
1988-08-18,0.0935
1988-08-19,0.0935
1988-08-22,0.09369999999999999
1988-08-23,0.0932
1988-08-24,0.0934
1988-08-25,0.0941
1988-08-26,0.09380000000000001
1988-08-29,0.09300000000000001
1988-08-30,0.09269999999999999
1988-08-31,0.0925
1988-09-01,0.0925
1988-09-02,0.09
1988-09-06,0.08990000000000001
1988-09-07,0.08990000000000001
1988-09-08,0.08990000000000001
1988-09-09,0.08929999999999999
1988-09-12,0.0897
1988-09-13,0.0894
1988-09-14,0.0888
1988-09-15,0.0891
1988-09-16,0.08929999999999999
1988-09-19,0.0897
1988-09-20,0.0897
1988-09-21,0.08929999999999999
1988-09-22,0.0895
1988-09-23,0.0897
1988-09-26,0.09
1988-09-27,0.0904
1988-09-28,0.0906
1988-09-29,0.0898
1988-09-30,0.08869999999999999
1988-10-03,0.08839999999999999
1988-10-04,0.08869999999999999
1988-10-05,0.08869999999999999
1988-10-06,0.08869999999999999
1988-10-07,0.087
1988-10-11,0.0875
1988-10-12,0.08839999999999999
1988-10-13,0.08839999999999999
1988-10-14,0.08810000000000001
1988-10-17,0.08789999999999999
1988-10-18,0.08779999999999999
1988-10-19,0.0882
1988-10-20,0.08789999999999999
1988-10-21,0.0883
1988-10-24,0.0883
1988-10-25,0.0883
1988-10-26,0.08789999999999999
1988-10-27,0.0872
1988-10-28,0.08689999999999999
1988-10-31,0.08650000000000001
1988-11-01,0.0868
1988-11-02,0.0873
1988-11-03,0.08689999999999999
1988-11-04,0.0885
1988-11-07,0.0891
1988-11-08,0.0891
1988-11-09,0.0891
1988-11-10,0.08900000000000001
1988-11-14,0.0891
1988-11-15,0.0892
1988-11-16,0.09
1988-11-17,0.0906
1988-11-18,0.09050000000000001
1988-11-21,0.0904
1988-11-22,0.0909
1988-11-23,0.0908
1988-11-25,0.0917
1988-11-28,0.0916
1988-11-29,0.0913
1988-11-30,0.0906
1988-12-01,0.0901
1988-12-02,0.09179999999999999
1988-12-05,0.0913
1988-12-06,0.0895
1988-12-07,0.09
1988-12-08,0.0902
1988-12-09,0.0907
1988-12-12,0.0908
1988-12-13,0.0915
1988-12-14,0.0919
1988-12-15,0.0919
1988-12-16,0.0917
1988-12-19,0.0915
1988-12-20,0.0908
1988-12-21,0.0907
1988-12-22,0.0907
1988-12-23,0.09050000000000001
1988-12-27,0.0913
1988-12-28,0.09210000000000002
1988-12-29,0.09179999999999999
1988-12-30,0.09140000000000001
1989-01-03,0.09230000000000001
1989-01-04,0.0922
1989-01-05,0.09269999999999999
1989-01-06,0.0925
1989-01-09,0.09230000000000001
1989-01-10,0.0924
1989-01-11,0.0924
1989-01-12,0.09140000000000001
1989-01-13,0.0906
1989-01-17,0.0906
1989-01-18,0.08990000000000001
1989-01-19,0.09
1989-01-20,0.09029999999999999
1989-01-23,0.09
1989-01-24,0.08929999999999999
1989-01-25,0.08990000000000001
1989-01-26,0.08990000000000001
1989-01-27,0.0895
1989-01-30,0.09
1989-01-31,0.0901
1989-02-01,0.08990000000000001
1989-02-02,0.0898
1989-02-03,0.0901
1989-02-06,0.0901
1989-02-07,0.08960000000000001
1989-02-08,0.0895
1989-02-09,0.0913
1989-02-10,0.0919
1989-02-13,0.092
1989-02-14,0.09230000000000001
1989-02-15,0.0922
1989-02-16,0.09210000000000002
1989-02-17,0.092
1989-02-21,0.0922
1989-02-22,0.0929
1989-02-23,0.09359999999999999
1989-02-24,0.09380000000000001
1989-02-27,0.09359999999999999
1989-02-28,0.0932
1989-03-01,0.09359999999999999
1989-03-02,0.0931
1989-03-03,0.0931
1989-03-06,0.0926
1989-03-07,0.0926
1989-03-08,0.09230000000000001
1989-03-09,0.0924
1989-03-10,0.0934
1989-03-13,0.0935
1989-03-14,0.0932
1989-03-15,0.0931
1989-03-16,0.09300000000000001
1989-03-17,0.0949
1989-03-20,0.0953
1989-03-21,0.0953
1989-03-22,0.09449999999999999
1989-03-23,0.0943
1989-03-27,0.0944
1989-03-28,0.0941
1989-03-29,0.09359999999999999
1989-03-30,0.0934
1989-03-31,0.09300000000000001
1989-04-03,0.09210000000000002
1989-04-04,0.0917
1989-04-05,0.0917
1989-04-06,0.092
1989-04-07,0.09269999999999999
1989-04-10,0.09269999999999999
1989-04-11,0.09269999999999999
1989-04-12,0.0929
1989-04-13,0.0934
1989-04-14,0.09179999999999999
1989-04-17,0.092
1989-04-18,0.0906
1989-04-19,0.0908
1989-04-20,0.092
1989-04-21,0.0915
1989-04-24,0.0915
1989-04-25,0.09119999999999999
1989-04-26,0.0911
1989-04-27,0.09050000000000001
1989-04-28,0.0902
1989-05-01,0.09140000000000001
1989-05-02,0.0908
1989-05-03,0.0906
1989-05-04,0.0906
1989-05-05,0.08990000000000001
1989-05-08,0.0904
1989-05-09,0.0915
1989-05-10,0.0916
1989-05-11,0.091
1989-05-12,0.08810000000000001
1989-05-15,0.0882
1989-05-16,0.0882
1989-05-17,0.08800000000000001
1989-05-18,0.08779999999999999
1989-05-19,0.08710000000000001
1989-05-22,0.0858
1989-05-23,0.086
1989-05-24,0.0863
1989-05-25,0.0867
1989-05-26,0.0866
1989-05-30,0.0864
1989-05-31,0.086
1989-06-01,0.0861
1989-06-02,0.0843
1989-06-05,0.0836
1989-06-06,0.0836
1989-06-07,0.0827
1989-06-08,0.0827
1989-06-09,0.0815
1989-06-12,0.0816
1989-06-13,0.0825
1989-06-14,0.08199999999999999
1989-06-15,0.0833
1989-06-16,0.08349999999999999
1989-06-19,0.0837
1989-06-20,0.08310000000000001
1989-06-21,0.0837
1989-06-22,0.08380000000000001
1989-06-23,0.0825
1989-06-26,0.0818
1989-06-27,0.08109999999999999
1989-06-28,0.0817
1989-06-29,0.0812
1989-06-30,0.081
1989-07-03,0.0809
1989-07-05,0.08109999999999999
1989-07-06,0.0808
1989-07-07,0.0802
1989-07-10,0.0799
1989-07-11,0.08
1989-07-12,0.08
1989-07-13,0.08
1989-07-14,0.08039999999999999
1989-07-17,0.0805
1989-07-18,0.08130000000000001
1989-07-19,0.0809
1989-07-20,0.0801
1989-07-21,0.08070000000000001
1989-07-24,0.0805
1989-07-25,0.0801
1989-07-26,0.0802
1989-07-27,0.07919999999999999
1989-07-28,0.0787
1989-07-31,0.0782
1989-08-01,0.0774
1989-08-02,0.0776
1989-08-03,0.078
1989-08-04,0.08
1989-08-07,0.0803
1989-08-08,0.08
1989-08-09,0.0805
1989-08-10,0.0802
1989-08-11,0.0809
1989-08-14,0.0824
1989-08-15,0.0821
1989-08-16,0.0812
1989-08-17,0.0818
1989-08-18,0.0815
1989-08-21,0.08199999999999999
1989-08-22,0.08289999999999999
1989-08-23,0.0825
1989-08-24,0.08199999999999999
1989-08-25,0.0821
1989-08-28,0.0827
1989-08-29,0.0827
1989-08-30,0.0825
1989-08-31,0.08259999999999999
1989-09-01,0.0819
1989-09-05,0.0819
1989-09-06,0.0817
1989-09-07,0.0817
1989-09-08,0.0814
1989-09-11,0.08130000000000001
1989-09-12,0.08130000000000001
1989-09-13,0.0818
1989-09-14,0.08130000000000001
1989-09-15,0.0809
1989-09-18,0.081
1989-09-19,0.0809
1989-09-20,0.0815
1989-09-21,0.08199999999999999
1989-09-22,0.08220000000000001
1989-09-25,0.0832
1989-09-26,0.083
1989-09-27,0.083
1989-09-28,0.083
1989-09-29,0.08310000000000001
1989-10-02,0.0828
1989-10-03,0.0823
1989-10-04,0.08220000000000001
1989-10-05,0.0815
1989-10-06,0.0803
1989-10-10,0.0803
1989-10-11,0.08070000000000001
1989-10-12,0.08039999999999999
1989-10-13,0.0787
1989-10-16,0.07980000000000001
1989-10-17,0.08
1989-10-18,0.0801
1989-10-19,0.0796
1989-10-20,0.07980000000000001
1989-10-23,0.07919999999999999
1989-10-24,0.0787
1989-10-25,0.0786
1989-10-26,0.0788
1989-10-27,0.0794
1989-10-30,0.07919999999999999
1989-10-31,0.07919999999999999
1989-11-01,0.0791
1989-11-02,0.0787
1989-11-03,0.0796
1989-11-06,0.08
1989-11-07,0.079
1989-11-08,0.0787
1989-11-09,0.079
1989-11-10,0.07919999999999999
1989-11-13,0.0789
1989-11-14,0.0787
1989-11-15,0.0782
1989-11-16,0.0782
1989-11-17,0.0788
1989-11-20,0.0786
1989-11-21,0.0785
1989-11-22,0.0781
1989-11-24,0.078
1989-11-27,0.0785
1989-11-28,0.0786
1989-11-29,0.0788
1989-11-30,0.0784
1989-12-01,0.0781
1989-12-04,0.0782
1989-12-05,0.0782
1989-12-06,0.0785
1989-12-07,0.0788
1989-12-08,0.0782
1989-12-11,0.0783
1989-12-12,0.0784
1989-12-13,0.0782
1989-12-14,0.0779
1989-12-15,0.078
1989-12-18,0.07769999999999999
1989-12-19,0.07780000000000001
1989-12-20,0.07769999999999999
1989-12-21,0.07769999999999999
1989-12-22,0.0782
1989-12-26,0.0795
1989-12-27,0.0794
1989-12-28,0.0791
1989-12-29,0.0793
1990-01-02,0.0794
1990-01-03,0.0799
1990-01-04,0.07980000000000001
1990-01-05,0.0799
1990-01-08,0.0802
1990-01-09,0.0802
1990-01-10,0.0803
1990-01-11,0.08039999999999999
1990-01-12,0.081
1990-01-16,0.08199999999999999
1990-01-17,0.0819
1990-01-18,0.0832
1990-01-19,0.08259999999999999
1990-01-22,0.0827
1990-01-23,0.08259999999999999
1990-01-24,0.08380000000000001
1990-01-25,0.0842
1990-01-26,0.0849
1990-01-29,0.085
1990-01-30,0.0851
1990-01-31,0.0843
1990-02-01,0.0842
1990-02-02,0.085
1990-02-05,0.08529999999999999
1990-02-06,0.0857
1990-02-07,0.0852
1990-02-08,0.0849
1990-02-09,0.08310000000000001
1990-02-12,0.084
1990-02-13,0.08349999999999999
1990-02-14,0.0836
1990-02-15,0.0843
1990-02-16,0.0842
1990-02-20,0.0862
1990-02-21,0.0862
1990-02-22,0.08539999999999999
1990-02-23,0.08529999999999999
1990-02-26,0.08460000000000001
1990-02-27,0.08410000000000001
1990-02-28,0.0851
1990-03-01,0.0859
1990-03-02,0.08539999999999999
1990-03-05,0.08650000000000001
1990-03-06,0.0859
1990-03-07,0.0858
1990-03-08,0.0857
1990-03-09,0.08650000000000001
1990-03-12,0.0863
1990-03-13,0.0873
1990-03-14,0.08650000000000001
1990-03-15,0.0866
1990-03-16,0.0859
1990-03-19,0.0859
1990-03-20,0.08539999999999999
1990-03-21,0.0855
1990-03-22,0.08529999999999999
1990-03-23,0.0852
1990-03-26,0.0851
1990-03-27,0.0852
1990-03-28,0.0851
1990-03-29,0.086
1990-03-30,0.08650000000000001
1990-04-02,0.08650000000000001
1990-04-03,0.0863
1990-04-04,0.0855
1990-04-05,0.0857
1990-04-06,0.08560000000000001
1990-04-09,0.0859
1990-04-10,0.086
1990-04-11,0.0863
1990-04-12,0.0864
1990-04-16,0.0868
1990-04-17,0.0877
1990-04-18,0.0886
1990-04-19,0.08869999999999999
1990-04-20,0.0895
1990-04-23,0.0898
1990-04-24,0.09
1990-04-25,0.0901
1990-04-26,0.0907
1990-04-27,0.0906
1990-04-30,0.0904
1990-05-01,0.0908
1990-05-02,0.0909
1990-05-03,0.0904
1990-05-04,0.08839999999999999
1990-05-07,0.08869999999999999
1990-05-08,0.08839999999999999
1990-05-09,0.0888
1990-05-10,0.0882
1990-05-11,0.0864
1990-05-14,0.0861
1990-05-15,0.08650000000000001
1990-05-16,0.0868
1990-05-17,0.08689999999999999
1990-05-18,0.0875
1990-05-21,0.0874
1990-05-22,0.08650000000000001
1990-05-23,0.0861
1990-05-24,0.0863
1990-05-25,0.08689999999999999
1990-05-29,0.0866
1990-05-30,0.0862
1990-05-31,0.086
1990-06-01,0.08439999999999999
1990-06-04,0.08439999999999999
1990-06-05,0.08470000000000001
1990-06-06,0.08460000000000001
1990-06-07,0.08460000000000001
1990-06-08,0.08460000000000001
1990-06-11,0.0848
1990-06-12,0.0848
1990-06-13,0.084
1990-06-14,0.08380000000000001
1990-06-15,0.08460000000000001
1990-06-18,0.085
1990-06-19,0.0851
1990-06-20,0.0855
1990-06-21,0.0852
1990-06-22,0.0851
1990-06-25,0.0858
1990-06-26,0.08560000000000001
1990-06-27,0.0852
1990-06-28,0.08470000000000001
1990-06-29,0.0843
1990-07-02,0.0843
1990-07-03,0.084
1990-07-05,0.0842
1990-07-06,0.0851
1990-07-09,0.0857
1990-07-10,0.0857
1990-07-11,0.0857
1990-07-12,0.085
1990-07-13,0.08449999999999999
1990-07-16,0.08439999999999999
1990-07-17,0.08439999999999999
1990-07-18,0.085
1990-07-19,0.0851
1990-07-20,0.0848
1990-07-23,0.0848
1990-07-24,0.08529999999999999
1990-07-25,0.0849
1990-07-26,0.0849
1990-07-27,0.0842
1990-07-30,0.0834
1990-07-31,0.0836
1990-08-01,0.08289999999999999
1990-08-02,0.08410000000000001
1990-08-03,0.0843
1990-08-06,0.08710000000000001
1990-08-07,0.08779999999999999
1990-08-08,0.0877
1990-08-09,0.0866
1990-08-10,0.0868
1990-08-13,0.08710000000000001
1990-08-14,0.0866
1990-08-15,0.0864
1990-08-16,0.0876
1990-08-17,0.08800000000000001
1990-08-20,0.08810000000000001
1990-08-21,0.08839999999999999
1990-08-22,0.0891
1990-08-23,0.09
1990-08-24,0.09050000000000001
1990-08-27,0.08900000000000001
1990-08-28,0.0894
1990-08-29,0.08839999999999999
1990-08-30,0.0886
1990-08-31,0.0886
1990-09-04,0.08900000000000001
1990-09-05,0.0886
1990-09-06,0.08839999999999999
1990-09-07,0.08810000000000001
1990-09-10,0.0885
1990-09-11,0.0883
1990-09-12,0.0882
1990-09-13,0.0882
1990-09-14,0.08869999999999999
1990-09-17,0.08900000000000001
1990-09-18,0.08900000000000001
1990-09-19,0.0888
1990-09-20,0.0891
1990-09-21,0.08990000000000001
1990-09-24,0.0904
1990-09-25,0.0902
1990-09-26,0.09
1990-09-27,0.0891
1990-09-28,0.0882
1990-10-01,0.08710000000000001
1990-10-02,0.08689999999999999
1990-10-03,0.08710000000000001
1990-10-04,0.0867
1990-10-05,0.08650000000000001
1990-10-09,0.0883
1990-10-10,0.0889
1990-10-11,0.0892
1990-10-12,0.08839999999999999
1990-10-15,0.08800000000000001
1990-10-16,0.08789999999999999
1990-10-17,0.0876
1990-10-18,0.08710000000000001
1990-10-19,0.0862
1990-10-22,0.0863
1990-10-23,0.08650000000000001
1990-10-24,0.0866
1990-10-25,0.0862
1990-10-26,0.0863
1990-10-29,0.087
1990-10-30,0.087
1990-10-31,0.08650000000000001
1990-11-01,0.0857
1990-11-02,0.0857
1990-11-05,0.085
1990-11-06,0.0852
1990-11-07,0.0857
1990-11-08,0.0858
1990-11-09,0.0849
1990-11-13,0.0837
1990-11-14,0.0836
1990-11-15,0.0837
1990-11-16,0.083
1990-11-19,0.08349999999999999
1990-11-20,0.08310000000000001
1990-11-21,0.0827
1990-11-23,0.0828
1990-11-26,0.0827
1990-11-27,0.0828
1990-11-28,0.083
1990-11-29,0.0832
1990-11-30,0.08259999999999999
1990-12-03,0.08220000000000001
1990-12-04,0.08199999999999999
1990-12-05,0.0816
1990-12-06,0.0818
1990-12-07,0.0803
1990-12-10,0.07980000000000001
1990-12-11,0.0794
1990-12-12,0.0791
1990-12-13,0.07980000000000001
1990-12-14,0.0805
1990-12-17,0.0802
1990-12-18,0.0799
1990-12-19,0.08
1990-12-20,0.0805
1990-12-21,0.08109999999999999
1990-12-24,0.08199999999999999
1990-12-26,0.0815
1990-12-27,0.08109999999999999
1990-12-28,0.0814
1990-12-31,0.0808
1991-01-02,0.0797
1991-01-03,0.0793
1991-01-04,0.0802
1991-01-07,0.08130000000000001
1991-01-08,0.0816
1991-01-09,0.0825
1991-01-10,0.0816
1991-01-11,0.08199999999999999
1991-01-14,0.0823
1991-01-15,0.08220000000000001
1991-01-16,0.0824
1991-01-17,0.0805
1991-01-18,0.0803
1991-01-22,0.08070000000000001
1991-01-23,0.08039999999999999
1991-01-24,0.08
1991-01-25,0.0806
1991-01-28,0.0806
1991-01-29,0.0803
1991-01-30,0.0805
1991-01-31,0.0803
1991-02-01,0.0791
1991-02-04,0.0788
1991-02-05,0.0785
1991-02-06,0.0779
1991-02-07,0.0782
1991-02-08,0.07769999999999999
1991-02-11,0.07780000000000001
1991-02-12,0.07780000000000001
1991-02-13,0.07780000000000001
1991-02-14,0.078
1991-02-15,0.07780000000000001
1991-02-19,0.078
1991-02-20,0.0784
1991-02-21,0.0788
1991-02-22,0.0791
1991-02-25,0.0791
1991-02-26,0.0796
1991-02-27,0.07980000000000001
1991-02-28,0.0802
1991-03-01,0.0812
1991-03-04,0.0812
1991-03-05,0.0808
1991-03-06,0.08109999999999999
1991-03-07,0.08070000000000001
1991-03-08,0.08130000000000001
1991-03-11,0.0806
1991-03-12,0.0809
1991-03-13,0.0802
1991-03-14,0.0802
1991-03-15,0.081
1991-03-18,0.0815
1991-03-19,0.0825
1991-03-20,0.08199999999999999
1991-03-21,0.0816
1991-03-22,0.08130000000000001
1991-03-25,0.08130000000000001
1991-03-26,0.08130000000000001
1991-03-27,0.0808
1991-03-28,0.0805
1991-04-01,0.08070000000000001
1991-04-02,0.0803
1991-04-03,0.0805
1991-04-04,0.08
1991-04-05,0.0799
1991-04-08,0.07980000000000001
1991-04-09,0.0803
1991-04-10,0.081
1991-04-11,0.0809
1991-04-12,0.07980000000000001
1991-04-15,0.0795
1991-04-16,0.0797
1991-04-17,0.0795
1991-04-18,0.0802
1991-04-19,0.081
1991-04-22,0.0815
1991-04-23,0.0812
1991-04-24,0.0806
1991-04-25,0.08070000000000001
1991-04-26,0.0806
1991-04-29,0.08070000000000001
1991-04-30,0.0802
1991-05-01,0.0801
1991-05-02,0.0797
1991-05-03,0.08039999999999999
1991-05-06,0.0805
1991-05-07,0.0806
1991-05-08,0.08039999999999999
1991-05-09,0.0802
1991-05-10,0.0812
1991-05-13,0.08070000000000001
1991-05-14,0.0814
1991-05-15,0.08130000000000001
1991-05-16,0.0812
1991-05-17,0.0808
1991-05-20,0.081
1991-05-21,0.0806
1991-05-22,0.0806
1991-05-23,0.081
1991-05-24,0.081
1991-05-28,0.08070000000000001
1991-05-29,0.08070000000000001
1991-05-30,0.0802
1991-05-31,0.0806
1991-06-03,0.0814
1991-06-04,0.0814
1991-06-05,0.0819
1991-06-06,0.0823
1991-06-07,0.08289999999999999
1991-06-10,0.08289999999999999
1991-06-11,0.08289999999999999
1991-06-12,0.0836
1991-06-13,0.0834
1991-06-14,0.08289999999999999
1991-06-17,0.083
1991-06-18,0.0832
1991-06-19,0.0833
1991-06-20,0.083
1991-06-21,0.0832
1991-06-24,0.0833
1991-06-25,0.0833
1991-06-26,0.0833
1991-06-27,0.0832
1991-06-28,0.0824
1991-07-01,0.08259999999999999
1991-07-02,0.0827
1991-07-03,0.08259999999999999
1991-07-05,0.0834
1991-07-08,0.0834
1991-07-09,0.0836
1991-07-10,0.08349999999999999
1991-07-11,0.083
1991-07-12,0.08259999999999999
1991-07-15,0.08259999999999999
1991-07-16,0.0827
1991-07-17,0.083
1991-07-18,0.08310000000000001
1991-07-19,0.0828
1991-07-22,0.0828
1991-07-23,0.08310000000000001
1991-07-24,0.0824
1991-07-25,0.08199999999999999
1991-07-26,0.08199999999999999
1991-07-29,0.08199999999999999
1991-07-30,0.0821
1991-07-31,0.08199999999999999
1991-08-01,0.08199999999999999
1991-08-02,0.0806
1991-08-05,0.08039999999999999
1991-08-06,0.0797
1991-08-07,0.0793
1991-08-08,0.07980000000000001
1991-08-09,0.07980000000000001
1991-08-12,0.0795
1991-08-13,0.0791
1991-08-14,0.0782
1991-08-15,0.0784
1991-08-16,0.0784
1991-08-19,0.0783
1991-08-20,0.0781
1991-08-21,0.078
1991-08-22,0.07780000000000001
1991-08-23,0.0788
1991-08-26,0.0791
1991-08-27,0.0789
1991-08-28,0.0782
1991-08-29,0.0774
1991-08-30,0.0782
1991-09-03,0.0781
1991-09-04,0.0781
1991-09-05,0.0783
1991-09-06,0.0776
1991-09-09,0.07730000000000001
1991-09-10,0.07730000000000001
1991-09-11,0.0774
1991-09-12,0.0767
1991-09-13,0.0766
1991-09-16,0.07629999999999999
1991-09-17,0.0762
1991-09-18,0.0762
1991-09-19,0.0761
1991-09-20,0.0757
1991-09-23,0.0755
1991-09-24,0.0756
1991-09-25,0.0758
1991-09-26,0.0756
1991-09-27,0.07490000000000001
1991-09-30,0.0747
1991-10-01,0.0745
1991-10-02,0.0747
1991-10-03,0.0747
1991-10-04,0.0739
1991-10-07,0.07400000000000001
1991-10-08,0.07429999999999999
1991-10-09,0.0751
1991-10-10,0.0758
1991-10-11,0.07490000000000001
1991-10-15,0.0746
1991-10-16,0.0745
1991-10-17,0.0755
1991-10-18,0.0753
1991-10-21,0.0762
1991-10-22,0.0767
1991-10-23,0.07690000000000001
1991-10-24,0.0765
1991-10-25,0.0768
1991-10-28,0.0765
1991-10-29,0.0751
1991-10-30,0.0748
1991-10-31,0.0747
1991-11-01,0.0748
1991-11-04,0.075
1991-11-05,0.0756
1991-11-06,0.0751
1991-11-07,0.07429999999999999
1991-11-08,0.0741
1991-11-12,0.0737
1991-11-13,0.0741
1991-11-14,0.0735
1991-11-15,0.0733
1991-11-18,0.0733
1991-11-19,0.0737
1991-11-20,0.0738
1991-11-21,0.0739
1991-11-22,0.07440000000000001
1991-11-25,0.0745
1991-11-26,0.0742
1991-11-27,0.0742
1991-11-29,0.0738
1991-12-02,0.0732
1991-12-03,0.0728
1991-12-04,0.0717
1991-12-05,0.0721
1991-12-06,0.0726
1991-12-09,0.0722
1991-12-10,0.0721
1991-12-11,0.0722
1991-12-12,0.0719
1991-12-13,0.0722
1991-12-16,0.0721
1991-12-17,0.0718
1991-12-18,0.0719
1991-12-19,0.0711
1991-12-20,0.0697
1991-12-23,0.0688
1991-12-24,0.0688
1991-12-26,0.06849999999999999
1991-12-27,0.0682
1991-12-30,0.0676
1991-12-31,0.06709999999999999
1992-01-02,0.0678
1992-01-03,0.06849999999999999
1992-01-06,0.0682
1992-01-07,0.0676
1992-01-08,0.0677
1992-01-09,0.0679
1992-01-10,0.06849999999999999
1992-01-13,0.0692
1992-01-14,0.0703
1992-01-15,0.0705
1992-01-16,0.0713
1992-01-17,0.0709
1992-01-21,0.0703
1992-01-22,0.0709
1992-01-23,0.07200000000000001
1992-01-24,0.0725
1992-01-27,0.0724
1992-01-28,0.0716
1992-01-29,0.0725
1992-01-30,0.0731
1992-01-31,0.0731
1992-02-03,0.0736
1992-02-04,0.0729
1992-02-05,0.0721
1992-02-06,0.07200000000000001
1992-02-07,0.07200000000000001
1992-02-10,0.0721
1992-02-11,0.0723
1992-02-12,0.073
1992-02-13,0.07400000000000001
1992-02-14,0.0741
1992-02-18,0.0747
1992-02-19,0.0742
1992-02-20,0.0741
1992-02-21,0.0745
1992-02-24,0.0747
1992-02-25,0.07440000000000001
1992-02-26,0.0733
1992-02-27,0.0735
1992-02-28,0.0727
1992-03-02,0.0738
1992-03-03,0.07429999999999999
1992-03-04,0.07429999999999999
1992-03-05,0.0751
1992-03-06,0.0748
1992-03-09,0.0742
1992-03-10,0.07429999999999999
1992-03-11,0.0751
1992-03-12,0.0762
1992-03-13,0.0771
1992-03-16,0.07690000000000001
1992-03-17,0.0762
1992-03-18,0.0762
1992-03-19,0.0757
1992-03-20,0.0764
1992-03-23,0.0762
1992-03-24,0.0753
1992-03-25,0.0753
1992-03-26,0.0757
1992-03-27,0.0754
1992-03-30,0.0754
1992-03-31,0.0754
1992-04-01,0.0746
1992-04-02,0.0747
1992-04-03,0.0742
1992-04-06,0.0741
1992-04-07,0.0741
1992-04-08,0.07440000000000001
1992-04-09,0.0735
1992-04-10,0.0737
1992-04-13,0.0733
1992-04-14,0.0735
1992-04-15,0.0737
1992-04-16,0.0745
1992-04-20,0.0759
1992-04-21,0.0758
1992-04-22,0.0757
1992-04-23,0.0759
1992-04-24,0.0755
1992-04-27,0.076
1992-04-28,0.0757
1992-04-29,0.076
1992-04-30,0.0761
1992-05-01,0.0756
1992-05-04,0.0758
1992-05-05,0.0756
1992-05-06,0.0746
1992-05-07,0.07490000000000001
1992-05-08,0.0741
1992-05-11,0.07400000000000001
1992-05-12,0.0736
1992-05-13,0.07339999999999999
1992-05-14,0.07339999999999999
1992-05-15,0.0728
1992-05-18,0.0728
1992-05-19,0.07200000000000001
1992-05-20,0.0725
1992-05-21,0.0739
1992-05-22,0.0735
1992-05-26,0.0746
1992-05-27,0.07440000000000001
1992-05-28,0.0736
1992-05-29,0.0733
1992-06-01,0.0739
1992-06-02,0.0735
1992-06-03,0.07339999999999999
1992-06-04,0.07339999999999999
1992-06-05,0.0731
1992-06-08,0.0731
1992-06-09,0.0733
1992-06-10,0.0735
1992-06-11,0.0733
1992-06-12,0.0729
1992-06-15,0.0728
1992-06-16,0.0724
1992-06-17,0.0723
1992-06-18,0.0719
1992-06-19,0.0724
1992-06-22,0.0724
1992-06-23,0.0725
1992-06-24,0.07200000000000001
1992-06-25,0.07139999999999999
1992-06-26,0.07150000000000001
1992-06-29,0.0712
1992-06-30,0.07139999999999999
1992-07-01,0.071
1992-07-02,0.0693
1992-07-06,0.069
1992-07-07,0.0687
1992-07-08,0.0691
1992-07-09,0.0691
1992-07-10,0.0693
1992-07-13,0.0697
1992-07-14,0.0697
1992-07-15,0.069
1992-07-16,0.0687
1992-07-17,0.069
1992-07-20,0.069
1992-07-21,0.0689
1992-07-22,0.06849999999999999
1992-07-23,0.0672
1992-07-24,0.0673
1992-07-27,0.0669
1992-07-28,0.0663
1992-07-29,0.066
1992-07-30,0.0669
1992-07-31,0.0672
1992-08-03,0.0672
1992-08-04,0.0666
1992-08-05,0.0664
1992-08-06,0.0665
1992-08-07,0.06570000000000001
1992-08-10,0.0652
1992-08-11,0.065
1992-08-12,0.06480000000000001
1992-08-13,0.0655
1992-08-14,0.0653
1992-08-17,0.06559999999999999
1992-08-18,0.06480000000000001
1992-08-19,0.0647
1992-08-20,0.0646
1992-08-21,0.0653
1992-08-24,0.0668
1992-08-25,0.0673
1992-08-26,0.0668
1992-08-27,0.0664
1992-08-28,0.0663
1992-08-31,0.0662
1992-09-01,0.06559999999999999
1992-09-02,0.0654
1992-09-03,0.0654
1992-09-04,0.064
1992-09-08,0.0629
1992-09-09,0.06309999999999999
1992-09-10,0.06309999999999999
1992-09-11,0.0637
1992-09-14,0.0632
1992-09-15,0.064
1992-09-16,0.0641
1992-09-17,0.064
1992-09-18,0.0641
1992-09-21,0.0642
1992-09-22,0.065
1992-09-23,0.0654
1992-09-24,0.06480000000000001
1992-09-25,0.0641
1992-09-28,0.0637
1992-09-29,0.0637
1992-09-30,0.0637
1992-10-01,0.0623
1992-10-02,0.0626
1992-10-05,0.062400000000000004
1992-10-06,0.063
1992-10-07,0.0646
1992-10-08,0.0641
1992-10-09,0.0652
1992-10-13,0.06509999999999999
1992-10-14,0.06509999999999999
1992-10-15,0.0653
1992-10-16,0.066
1992-10-19,0.0669
1992-10-20,0.06860000000000001
1992-10-21,0.068
1992-10-22,0.0674
1992-10-23,0.0683
1992-10-26,0.0683
1992-10-27,0.0678
1992-10-28,0.0676
1992-10-29,0.06709999999999999
1992-10-30,0.068
1992-11-02,0.0688
1992-11-03,0.0687
1992-11-04,0.0689
1992-11-05,0.0687
1992-11-06,0.0697
1992-11-09,0.07
1992-11-10,0.0691
1992-11-12,0.0679
1992-11-13,0.0682
1992-11-16,0.069
1992-11-17,0.06860000000000001
1992-11-18,0.0678
1992-11-19,0.0681
1992-11-20,0.0684
1992-11-23,0.06860000000000001
1992-11-24,0.0682
1992-11-25,0.0684
1992-11-27,0.0693
1992-11-30,0.0695
1992-12-01,0.0694
1992-12-02,0.0693
1992-12-03,0.0691
1992-12-04,0.0684
1992-12-07,0.0678
1992-12-08,0.0673
1992-12-09,0.0676
1992-12-10,0.0677
1992-12-11,0.068
1992-12-14,0.0683
1992-12-15,0.0683
1992-12-16,0.0677
1992-12-17,0.0677
1992-12-18,0.0676
1992-12-21,0.06709999999999999
1992-12-22,0.0665
1992-12-23,0.0668
1992-12-24,0.0669
1992-12-28,0.0672
1992-12-29,0.0669
1992-12-30,0.0668
1992-12-31,0.067
1993-01-04,0.066
1993-01-05,0.0661
1993-01-06,0.0663
1993-01-07,0.0676
1993-01-08,0.0675
1993-01-11,0.06709999999999999
1993-01-12,0.0672
1993-01-13,0.06709999999999999
1993-01-14,0.0665
1993-01-15,0.066
1993-01-19,0.0659
1993-01-20,0.0661
1993-01-21,0.066
1993-01-22,0.06570000000000001
1993-01-25,0.06480000000000001
1993-01-26,0.065
1993-01-27,0.06480000000000001
1993-01-28,0.0644
1993-01-29,0.0639
1993-02-01,0.0638
1993-02-02,0.0646
1993-02-03,0.0645
1993-02-04,0.0639
1993-02-05,0.0632
1993-02-08,0.0637
1993-02-09,0.0641
1993-02-10,0.064
1993-02-11,0.0637
1993-02-12,0.0635
1993-02-16,0.0634
1993-02-17,0.06280000000000001
1993-02-18,0.0617
1993-02-19,0.061500000000000006
1993-02-22,0.060899999999999996
1993-02-23,0.0592
1993-02-24,0.0601
1993-02-25,0.0603
1993-02-26,0.0603
1993-03-01,0.0594
1993-03-02,0.059500000000000004
1993-03-03,0.0588
1993-03-04,0.0583
1993-03-05,0.059000000000000004
1993-03-08,0.058499999999999996
1993-03-09,0.0591
1993-03-10,0.059699999999999996
1993-03-11,0.0596
1993-03-12,0.0611
1993-03-15,0.0617
1993-03-16,0.060599999999999994
1993-03-17,0.0602
1993-03-18,0.0593
1993-03-19,0.059500000000000004
1993-03-22,0.0596
1993-03-23,0.0591
1993-03-24,0.059500000000000004
1993-03-25,0.059800000000000006
1993-03-26,0.060899999999999996
1993-03-29,0.060599999999999994
1993-03-30,0.0602
1993-03-31,0.0603
1993-04-01,0.060599999999999994
1993-04-02,0.0616
1993-04-05,0.0613
1993-04-06,0.0608
1993-04-07,0.060700000000000004
1993-04-08,0.059699999999999996
1993-04-12,0.0592
1993-04-13,0.0593
1993-04-14,0.059000000000000004
1993-04-15,0.0588
1993-04-16,0.058899999999999994
1993-04-19,0.0587
1993-04-20,0.0587
1993-04-21,0.058600000000000006
1993-04-22,0.058499999999999996
1993-04-23,0.058899999999999994
1993-04-26,0.0594
1993-04-27,0.0602
1993-04-28,0.0603
1993-04-29,0.0599
1993-04-30,0.0605
1993-05-03,0.0596
1993-05-04,0.0592
1993-05-05,0.0593
1993-05-06,0.058899999999999994
1993-05-07,0.0592
1993-05-10,0.058899999999999994
1993-05-11,0.058899999999999994
1993-05-12,0.0596
1993-05-13,0.0602
1993-05-14,0.0603
1993-05-17,0.060700000000000004
1993-05-18,0.061500000000000006
1993-05-19,0.0611
1993-05-20,0.060899999999999996
1993-05-21,0.0616
1993-05-24,0.0616
1993-05-25,0.0617
1993-05-26,0.061200000000000004
1993-05-27,0.0611
1993-05-28,0.0616
1993-06-01,0.060700000000000004
1993-06-02,0.060599999999999994
1993-06-03,0.0602
1993-06-04,0.0611
1993-06-07,0.0608
1993-06-08,0.060899999999999996
1993-06-09,0.060700000000000004
1993-06-10,0.060700000000000004
1993-06-11,0.059699999999999996
1993-06-14,0.059699999999999996
1993-06-15,0.0596
1993-06-16,0.0596
1993-06-17,0.0593
1993-06-18,0.059699999999999996
1993-06-21,0.0592
1993-06-22,0.0591
1993-06-23,0.0591
1993-06-24,0.0588
1993-06-25,0.0584
1993-06-28,0.057999999999999996
1993-06-29,0.0579
1993-06-30,0.057999999999999996
1993-07-01,0.057999999999999996
1993-07-02,0.0576
1993-07-06,0.057999999999999996
1993-07-07,0.057999999999999996
1993-07-08,0.057800000000000004
1993-07-09,0.0576
1993-07-12,0.0575
1993-07-13,0.057800000000000004
1993-07-14,0.0572
1993-07-15,0.0572
1993-07-16,0.0571
1993-07-19,0.0571
1993-07-20,0.0575
1993-07-21,0.0583
1993-07-22,0.059000000000000004
1993-07-23,0.059500000000000004
1993-07-26,0.0593
1993-07-27,0.0592
1993-07-28,0.059000000000000004
1993-07-29,0.0581
1993-07-30,0.0583
1993-08-02,0.058499999999999996
1993-08-03,0.0583
1993-08-04,0.0587
1993-08-05,0.058600000000000006
1993-08-06,0.058600000000000006
1993-08-09,0.0582
1993-08-10,0.0582
1993-08-11,0.0575
1993-08-12,0.057699999999999994
1993-08-13,0.0572
1993-08-16,0.056799999999999996
1993-08-17,0.057
1993-08-18,0.056900000000000006
1993-08-19,0.0564
1993-08-20,0.056100000000000004
1993-08-23,0.055999999999999994
1993-08-24,0.0554
1993-08-25,0.055099999999999996
1993-08-26,0.0542
1993-08-27,0.0548
1993-08-30,0.054400000000000004
1993-08-31,0.0545
1993-09-01,0.0546
1993-09-02,0.0541
1993-09-03,0.053099999999999994
1993-09-07,0.052300000000000006
1993-09-08,0.052300000000000006
1993-09-09,0.0535
1993-09-10,0.0529
1993-09-13,0.0526
1993-09-14,0.0537
1993-09-15,0.053899999999999997
1993-09-16,0.0537
1993-09-17,0.0538
1993-09-20,0.0542
1993-09-21,0.0547
1993-09-22,0.0545
1993-09-23,0.0542
1993-09-24,0.0542
1993-09-27,0.053
1993-09-28,0.0528
1993-09-29,0.0535
1993-09-30,0.054000000000000006
1993-10-01,0.053399999999999996
1993-10-04,0.053399999999999996
1993-10-05,0.0535
1993-10-06,0.0535
1993-10-07,0.0533
1993-10-08,0.0526
1993-10-12,0.0527
1993-10-13,0.0527
1993-10-14,0.052300000000000006
1993-10-15,0.0519
1993-10-18,0.0527
1993-10-19,0.0527
1993-10-20,0.0526
1993-10-21,0.0535
1993-10-22,0.0542
1993-10-25,0.0547
1993-10-26,0.054299999999999994
1993-10-27,0.054400000000000004
1993-10-28,0.0541
1993-10-29,0.054299999999999994
1993-11-01,0.0556
1993-11-02,0.056299999999999996
1993-11-03,0.0567
1993-11-04,0.0567
1993-11-05,0.0575
1993-11-08,0.057
1993-11-09,0.0564
1993-11-10,0.0572
1993-11-12,0.056600000000000004
1993-11-15,0.056900000000000006
1993-11-16,0.056600000000000004
1993-11-17,0.0565
1993-11-18,0.0572
1993-11-19,0.0584
1993-11-22,0.058899999999999994
1993-11-23,0.0582
1993-11-24,0.0584
1993-11-26,0.057800000000000004
1993-11-29,0.0576
1993-11-30,0.0583
1993-12-01,0.0582
1993-12-02,0.0581
1993-12-03,0.057999999999999996
1993-12-06,0.0572
1993-12-07,0.0571
1993-12-08,0.0571
1993-12-09,0.056799999999999996
1993-12-10,0.057300000000000004
1993-12-13,0.057800000000000004
1993-12-14,0.0582
1993-12-15,0.0583
1993-12-16,0.0584
1993-12-17,0.0581
1993-12-20,0.0583
1993-12-21,0.058499999999999996
1993-12-22,0.0574
1993-12-23,0.0572
1993-12-27,0.0572
1993-12-28,0.0572
1993-12-29,0.0574
1993-12-30,0.0582
1993-12-31,0.0583
1994-01-03,0.0592
1994-01-04,0.0588
1994-01-05,0.059000000000000004
1994-01-06,0.0584
1994-01-07,0.057
1994-01-10,0.0567
1994-01-11,0.0567
1994-01-12,0.055999999999999994
1994-01-13,0.0571
1994-01-14,0.057800000000000004
1994-01-18,0.0574
1994-01-19,0.0576
1994-01-20,0.0571
1994-01-21,0.057300000000000004
1994-01-24,0.0574
1994-01-25,0.057800000000000004
1994-01-26,0.057699999999999994
1994-01-27,0.057300000000000004
1994-01-28,0.056799999999999996
1994-01-31,0.057
1994-02-01,0.057699999999999994
1994-02-02,0.057699999999999994
1994-02-03,0.0581
1994-02-04,0.0594
1994-02-07,0.0596
1994-02-08,0.0601
1994-02-09,0.0592
1994-02-10,0.0591
1994-02-11,0.0588
1994-02-14,0.059000000000000004
1994-02-15,0.0588
1994-02-16,0.058899999999999994
1994-02-17,0.06
1994-02-18,0.060899999999999996
1994-02-22,0.0605
1994-02-23,0.0613
1994-02-24,0.0622
1994-02-25,0.0621
1994-02-28,0.061500000000000006
1994-03-01,0.06280000000000001
1994-03-02,0.063
1994-03-03,0.0635
1994-03-04,0.0638
1994-03-07,0.0632
1994-03-08,0.0638
1994-03-09,0.0638
1994-03-10,0.06480000000000001
1994-03-11,0.0646
1994-03-14,0.065
1994-03-15,0.0647
1994-03-16,0.064
1994-03-17,0.064
1994-03-18,0.0649
1994-03-21,0.0655
1994-03-22,0.0644
1994-03-23,0.0644
1994-03-24,0.0658
1994-03-25,0.0661
1994-03-28,0.0663
1994-03-29,0.06709999999999999
1994-03-30,0.0678
1994-03-31,0.0677
1994-04-04,0.0716
1994-04-05,0.0697
1994-04-06,0.0693
1994-04-07,0.06860000000000001
1994-04-08,0.0694
1994-04-11,0.0692
1994-04-12,0.0687
1994-04-13,0.0693
1994-04-14,0.0697
1994-04-15,0.0697
1994-04-18,0.07139999999999999
1994-04-19,0.071
1994-04-20,0.0705
1994-04-21,0.0691
1994-04-22,0.0693
1994-04-25,0.06860000000000001
1994-04-26,0.06860000000000001
1994-04-28,0.0704
1994-04-29,0.0706
1994-05-02,0.0709
1994-05-03,0.0713
1994-05-04,0.07139999999999999
1994-05-05,0.0711
1994-05-06,0.0735
1994-05-09,0.07490000000000001
1994-05-10,0.0733
1994-05-11,0.07400000000000001
1994-05-12,0.0736
1994-05-13,0.0729
1994-05-16,0.0724
1994-05-17,0.0703
1994-05-18,0.0703
1994-05-19,0.0696
1994-05-20,0.0702
1994-05-23,0.0719
1994-05-24,0.0717
1994-05-25,0.07139999999999999
1994-05-26,0.0709
1994-05-27,0.0712
1994-05-31,0.0717
1994-06-01,0.0712
1994-06-02,0.0707
1994-06-03,0.0698
1994-06-06,0.0691
1994-06-07,0.0695
1994-06-08,0.0696
1994-06-09,0.0698
1994-06-10,0.0703
1994-06-13,0.0707
1994-06-14,0.07
1994-06-15,0.071
1994-06-16,0.0707
1994-06-17,0.07139999999999999
1994-06-20,0.0716
1994-06-21,0.0722
1994-06-22,0.0713
1994-06-23,0.071
1994-06-24,0.0722
1994-06-27,0.0718
1994-06-28,0.0726
1994-06-29,0.0724
1994-06-30,0.07339999999999999
1994-07-01,0.07339999999999999
1994-07-05,0.0731
1994-07-06,0.0732
1994-07-07,0.073
1994-07-08,0.0742
1994-07-11,0.0747
1994-07-12,0.07429999999999999
1994-07-13,0.0741
1994-07-14,0.0725
1994-07-15,0.0725
1994-07-18,0.07200000000000001
1994-07-19,0.07150000000000001
1994-07-20,0.0725
1994-07-21,0.0727
1994-07-22,0.0729
1994-07-25,0.0727
1994-07-26,0.0728
1994-07-27,0.07339999999999999
1994-07-28,0.0729
1994-07-29,0.0712
1994-08-01,0.0713
1994-08-02,0.0711
1994-08-03,0.0709
1994-08-04,0.0712
1994-08-05,0.0728
1994-08-08,0.0728
1994-08-09,0.0733
1994-08-10,0.073
1994-08-11,0.0736
1994-08-12,0.0727
1994-08-15,0.073
1994-08-16,0.0719
1994-08-17,0.07150000000000001
1994-08-18,0.0728
1994-08-19,0.0727
1994-08-22,0.0731
1994-08-23,0.0728
1994-08-24,0.0722
1994-08-25,0.0729
1994-08-26,0.0724
1994-08-29,0.0724
1994-08-30,0.07200000000000001
1994-08-31,0.0719
1994-09-01,0.0719
1994-09-02,0.0721
1994-09-06,0.0727
1994-09-07,0.0729
1994-09-08,0.073
1994-09-09,0.07440000000000001
1994-09-12,0.0746
1994-09-13,0.07440000000000001
1994-09-14,0.0741
1994-09-15,0.0735
1994-09-16,0.07519999999999999
1994-09-19,0.07490000000000001
1994-09-20,0.0753
1994-09-21,0.0756
1994-09-22,0.0756
1994-09-23,0.0757
1994-09-26,0.0757
1994-09-27,0.0761
1994-09-28,0.0757
1994-09-29,0.0764
1994-09-30,0.0762
1994-10-03,0.0766
1994-10-04,0.077
1994-10-05,0.07769999999999999
1994-10-06,0.07780000000000001
1994-10-07,0.077
1994-10-11,0.0765
1994-10-12,0.07690000000000001
1994-10-13,0.0764
1994-10-14,0.0761
1994-10-17,0.0762
1994-10-18,0.0764
1994-10-19,0.0768
1994-10-20,0.078
1994-10-21,0.0781
1994-10-24,0.0786
1994-10-25,0.0788
1994-10-26,0.0788
1994-10-27,0.0788
1994-10-28,0.0782
1994-10-31,0.0781
1994-11-01,0.0791
1994-11-02,0.0796
1994-11-03,0.0796
1994-11-04,0.08039999999999999
1994-11-07,0.0805
1994-11-08,0.0801
1994-11-09,0.0794
1994-11-10,0.07980000000000001
1994-11-14,0.0794
1994-11-15,0.07919999999999999
1994-11-16,0.0797
1994-11-17,0.0803
1994-11-18,0.0801
1994-11-21,0.0803
1994-11-22,0.08
1994-11-23,0.0781
1994-11-25,0.078
1994-11-28,0.0788
1994-11-29,0.0795
1994-11-30,0.0791
1994-12-01,0.07919999999999999
1994-12-02,0.0781
1994-12-05,0.0783
1994-12-06,0.07730000000000001
1994-12-07,0.0781
1994-12-08,0.0779
1994-12-09,0.0779
1994-12-12,0.0785
1994-12-13,0.0783
1994-12-14,0.078
1994-12-15,0.0779
1994-12-16,0.0781
1994-12-19,0.0781
1994-12-20,0.0781
1994-12-21,0.078
1994-12-22,0.0784
1994-12-23,0.0785
1994-12-27,0.0776
1994-12-28,0.078
1994-12-29,0.0782
1994-12-30,0.0784
1995-01-03,0.0788
1995-01-04,0.0782
1995-01-05,0.0788
1995-01-06,0.0787
1995-01-09,0.0789
1995-01-10,0.0784
1995-01-11,0.0779
1995-01-12,0.078
1995-01-13,0.07690000000000001
1995-01-17,0.077
1995-01-18,0.0771
1995-01-19,0.0774
1995-01-20,0.0782
1995-01-23,0.0783
1995-01-24,0.0786
1995-01-25,0.078
1995-01-26,0.0776
1995-01-27,0.0766
1995-01-30,0.0765
1995-01-31,0.076
1995-02-01,0.0766
1995-02-02,0.0768
1995-02-03,0.07490000000000001
1995-02-06,0.0753
1995-02-07,0.07519999999999999
1995-02-08,0.0753
1995-02-09,0.0758
1995-02-10,0.0762
1995-02-13,0.0761
1995-02-14,0.0751
1995-02-15,0.0745
1995-02-16,0.07400000000000001
1995-02-17,0.07429999999999999
1995-02-21,0.07440000000000001
1995-02-22,0.07339999999999999
1995-02-23,0.07339999999999999
1995-02-24,0.0733
1995-02-27,0.0724
1995-02-28,0.0722
1995-03-01,0.0723
1995-03-02,0.073
1995-03-03,0.0736
1995-03-06,0.0741
1995-03-07,0.07440000000000001
1995-03-08,0.0736
1995-03-09,0.073
1995-03-10,0.0723
1995-03-13,0.0719
1995-03-14,0.0709
1995-03-15,0.0709
1995-03-16,0.0705
1995-03-17,0.0712
1995-03-20,0.0712
1995-03-21,0.0716
1995-03-22,0.0721
1995-03-23,0.0721
1995-03-24,0.0709
1995-03-27,0.0705
1995-03-28,0.0716
1995-03-29,0.0716
1995-03-30,0.0718
1995-03-31,0.07200000000000001
1995-04-03,0.07139999999999999
1995-04-04,0.0712
1995-04-05,0.0712
1995-04-06,0.0709
1995-04-07,0.0711
1995-04-10,0.0712
1995-04-11,0.0709
1995-04-12,0.0706
1995-04-13,0.0703
1995-04-17,0.0704
1995-04-18,0.0704
1995-04-19,0.0706
1995-04-20,0.0702
1995-04-21,0.0701
1995-04-24,0.0701
1995-04-25,0.0701
1995-04-26,0.0701
1995-04-27,0.0704
1995-04-28,0.0707
1995-05-01,0.0709
1995-05-02,0.0704
1995-05-03,0.0696
1995-05-04,0.06849999999999999
1995-05-05,0.0669
1995-05-08,0.067
1995-05-09,0.0661
1995-05-10,0.0666
1995-05-11,0.0668
1995-05-12,0.0667
1995-05-15,0.0662
1995-05-16,0.06570000000000001
1995-05-17,0.0653
1995-05-18,0.0661
1995-05-19,0.0661
1995-05-22,0.0663
1995-05-23,0.06570000000000001
1995-05-24,0.0644
1995-05-25,0.0639
1995-05-26,0.064
1995-05-30,0.063
1995-05-31,0.063
1995-06-01,0.062
1995-06-02,0.061
1995-06-05,0.0608
1995-06-06,0.0608
1995-06-07,0.062
1995-06-08,0.0622
1995-06-09,0.064
1995-06-12,0.0637
1995-06-13,0.061399999999999996
1995-06-14,0.061500000000000006
1995-06-15,0.061799999999999994
1995-06-16,0.0621
1995-06-19,0.0613
1995-06-20,0.0616
1995-06-21,0.0613
1995-06-22,0.0604
1995-06-23,0.060599999999999994
1995-06-26,0.0611
1995-06-27,0.061500000000000006
1995-06-28,0.061
1995-06-29,0.06280000000000001
1995-06-30,0.0621
1995-07-03,0.0621
1995-07-05,0.061900000000000004
1995-07-06,0.0605
1995-07-07,0.0604
1995-07-10,0.0604
1995-07-11,0.060899999999999996
1995-07-12,0.061
1995-07-13,0.060899999999999996
1995-07-14,0.061500000000000006
1995-07-17,0.0622
1995-07-18,0.0625
1995-07-19,0.0643
1995-07-20,0.0643
1995-07-21,0.0653
1995-07-24,0.0646
1995-07-25,0.0643
1995-07-26,0.06480000000000001
1995-07-27,0.0643
1995-07-28,0.0649
1995-07-31,0.0645
1995-08-01,0.065
1995-08-02,0.0644
1995-08-03,0.0653
1995-08-04,0.065
1995-08-07,0.06480000000000001
1995-08-08,0.0647
1995-08-09,0.0647
1995-08-10,0.06509999999999999
1995-08-11,0.0659
1995-08-14,0.0659
1995-08-15,0.06570000000000001
1995-08-16,0.0654
1995-08-17,0.06570000000000001
1995-08-18,0.06570000000000001
1995-08-21,0.0654
1995-08-22,0.06570000000000001
1995-08-23,0.066
1995-08-24,0.065
1995-08-25,0.0638
1995-08-28,0.0634
1995-08-29,0.0636
1995-08-30,0.0633
1995-08-31,0.06280000000000001
1995-09-01,0.0622
1995-09-05,0.061799999999999994
1995-09-06,0.0617
1995-09-07,0.0621
1995-09-08,0.062400000000000004
1995-09-11,0.062400000000000004
1995-09-12,0.0616
1995-09-13,0.061799999999999994
1995-09-14,0.0608
1995-09-15,0.0611
1995-09-18,0.0617
1995-09-19,0.061399999999999996
1995-09-20,0.061
1995-09-21,0.0621
1995-09-22,0.0625
1995-09-25,0.0626
1995-09-26,0.06280000000000001
1995-09-27,0.063
1995-09-28,0.06280000000000001
1995-09-29,0.0617
1995-10-02,0.061500000000000006
1995-10-03,0.0613
1995-10-04,0.061200000000000004
1995-10-05,0.060599999999999994
1995-10-06,0.060599999999999994
1995-10-10,0.060700000000000004
1995-10-11,0.060899999999999996
1995-10-12,0.060700000000000004
1995-10-13,0.059699999999999996
1995-10-16,0.059699999999999996
1995-10-17,0.059699999999999996
1995-10-18,0.0599
1995-10-19,0.059800000000000006
1995-10-20,0.0604
1995-10-23,0.060700000000000004
1995-10-24,0.0602
1995-10-25,0.06
1995-10-26,0.060599999999999994
1995-10-27,0.0605
1995-10-30,0.0604
1995-10-31,0.0603
1995-11-01,0.059800000000000006
1995-11-02,0.0592
1995-11-03,0.0594
1995-11-06,0.0596
1995-11-07,0.0599
1995-11-08,0.0592
1995-11-09,0.059699999999999996
1995-11-10,0.06
1995-11-13,0.059800000000000006
1995-11-14,0.059699999999999996
1995-11-15,0.06
1995-11-16,0.0593
1995-11-17,0.0592
1995-11-20,0.0593
1995-11-21,0.0592
1995-11-22,0.0593
1995-11-24,0.0591
1995-11-27,0.0588
1995-11-28,0.0588
1995-11-29,0.058499999999999996
1995-11-30,0.0576
1995-12-01,0.0571
1995-12-04,0.056299999999999996
1995-12-05,0.0565
1995-12-06,0.0567
1995-12-07,0.0572
1995-12-08,0.057300000000000004
1995-12-11,0.0571
1995-12-12,0.0572
1995-12-13,0.0574
1995-12-14,0.0574
1995-12-15,0.0575
1995-12-18,0.058499999999999996
1995-12-19,0.0581
1995-12-20,0.0576
1995-12-21,0.057699999999999994
1995-12-22,0.0571
1995-12-26,0.056900000000000006
1995-12-27,0.056600000000000004
1995-12-28,0.056299999999999996
1995-12-29,0.0558
1996-01-02,0.055999999999999994
1996-01-03,0.0558
1996-01-04,0.0565
1996-01-05,0.056900000000000006
1996-01-08,0.056799999999999996
1996-01-09,0.057
1996-01-10,0.057999999999999996
1996-01-11,0.057800000000000004
1996-01-12,0.0575
1996-01-16,0.056600000000000004
1996-01-17,0.0558
1996-01-18,0.0553
1996-01-19,0.0554
1996-01-22,0.056100000000000004
1996-01-23,0.056600000000000004
1996-01-24,0.0562
1996-01-25,0.057
1996-01-26,0.0565
1996-01-29,0.056900000000000006
1996-01-30,0.056299999999999996
1996-01-31,0.055999999999999994
1996-02-01,0.056299999999999996
1996-02-02,0.056600000000000004
1996-02-05,0.057
1996-02-06,0.056799999999999996
1996-02-07,0.056600000000000004
1996-02-08,0.056600000000000004
1996-02-09,0.056600000000000004
1996-02-12,0.056100000000000004
1996-02-13,0.0558
1996-02-14,0.0562
1996-02-15,0.057
1996-02-16,0.0576
1996-02-20,0.0601
1996-02-21,0.059800000000000006
1996-02-22,0.0592
1996-02-23,0.059699999999999996
1996-02-26,0.0601
1996-02-27,0.060599999999999994
1996-02-28,0.0611
1996-02-29,0.0613
1996-03-01,0.0599
1996-03-04,0.0592
1996-03-05,0.0596
1996-03-06,0.0605
1996-03-07,0.060700000000000004
1996-03-08,0.0641
1996-03-11,0.0633
1996-03-12,0.0636
1996-03-13,0.0635
1996-03-14,0.0636
1996-03-15,0.0646
1996-03-18,0.0643
1996-03-19,0.0641
1996-03-20,0.0634
1996-03-21,0.06280000000000001
1996-03-22,0.0632
1996-03-25,0.0626
1996-03-26,0.0625
1996-03-27,0.0634
1996-03-28,0.0641
1996-03-29,0.0634
1996-04-01,0.06309999999999999
1996-04-02,0.0625
1996-04-03,0.06269999999999999
1996-04-04,0.0633
1996-04-05,0.06570000000000001
1996-04-08,0.0663
1996-04-09,0.06559999999999999
1996-04-10,0.0663
1996-04-11,0.0668
1996-04-12,0.0652
1996-04-15,0.0647
1996-04-16,0.06480000000000001
1996-04-17,0.0652
1996-04-18,0.0658
1996-04-19,0.0653
1996-04-22,0.06480000000000001
1996-04-23,0.0652
1996-04-24,0.06570000000000001
1996-04-25,0.06559999999999999
1996-04-26,0.0654
1996-04-29,0.0659
1996-04-30,0.0666
1996-05-01,0.0668
1996-05-02,0.06849999999999999
1996-05-03,0.069
1996-05-06,0.06860000000000001
1996-05-07,0.0687
1996-05-08,0.0678
1996-05-09,0.0684
1996-05-10,0.0675
1996-05-13,0.0672
1996-05-14,0.0666
1996-05-15,0.0665
1996-05-16,0.067
1996-05-17,0.0665
1996-05-20,0.0662
1996-05-21,0.0665
1996-05-22,0.0663
1996-05-23,0.0668
1996-05-24,0.0665
1996-05-28,0.0667
1996-05-29,0.0677
1996-05-30,0.0678
1996-05-31,0.06849999999999999
1996-06-03,0.0687
1996-06-04,0.06860000000000001
1996-06-05,0.0682
1996-06-06,0.0676
1996-06-07,0.0693
1996-06-10,0.0697
1996-06-11,0.0699
1996-06-12,0.0703
1996-06-13,0.0701
1996-06-14,0.0695
1996-06-17,0.069
1996-06-18,0.0693
1996-06-19,0.0696
1996-06-20,0.0698
1996-06-21,0.0696
1996-06-24,0.0694
1996-06-25,0.0691
1996-06-26,0.0691
1996-06-27,0.0683
1996-06-28,0.0673
1996-07-01,0.0674
1996-07-02,0.068
1996-07-03,0.0678
1996-07-05,0.0706
1996-07-08,0.0705
1996-07-09,0.07
1996-07-10,0.0695
1996-07-11,0.069
1996-07-12,0.06849999999999999
1996-07-15,0.0689
1996-07-16,0.0684
1996-07-17,0.0683
1996-07-18,0.0672
1996-07-19,0.0678
1996-07-22,0.0684
1996-07-23,0.068
1996-07-24,0.0687
1996-07-25,0.0687
1996-07-26,0.06849999999999999
1996-07-29,0.0693
1996-07-30,0.0689
1996-07-31,0.068
1996-08-01,0.0665
1996-08-02,0.06509999999999999
1996-08-05,0.0653
1996-08-06,0.0654
1996-08-07,0.0655
1996-08-08,0.06559999999999999
1996-08-09,0.065
1996-08-12,0.0649
1996-08-13,0.06570000000000001
1996-08-14,0.0658
1996-08-15,0.0662
1996-08-16,0.06559999999999999
1996-08-19,0.0659
1996-08-20,0.0659
1996-08-21,0.0661
1996-08-22,0.0662
1996-08-23,0.0672
1996-08-26,0.068
1996-08-27,0.0678
1996-08-28,0.0679
1996-08-29,0.06860000000000001
1996-08-30,0.0696
1996-09-03,0.0692
1996-09-04,0.0694
1996-09-05,0.0698
1996-09-06,0.0694
1996-09-09,0.069
1996-09-10,0.0694
1996-09-11,0.0694
1996-09-12,0.0688
1996-09-13,0.0674
1996-09-16,0.0673
1996-09-17,0.0681
1996-09-18,0.0683
1996-09-19,0.0687
1996-09-20,0.06849999999999999
1996-09-23,0.0683
1996-09-24,0.0677
1996-09-25,0.06709999999999999
1996-09-26,0.0666
1996-09-27,0.0668
1996-09-30,0.0672
1996-10-01,0.0665
1996-10-02,0.0661
1996-10-03,0.0661
1996-10-04,0.06480000000000001
1996-10-07,0.0653
1996-10-08,0.0653
1996-10-09,0.0655
1996-10-10,0.0661
1996-10-11,0.0655
1996-10-15,0.06559999999999999
1996-10-16,0.06570000000000001
1996-10-17,0.06509999999999999
1996-10-18,0.065
1996-10-21,0.0652
1996-10-22,0.06559999999999999
1996-10-23,0.06559999999999999
1996-10-24,0.06570000000000001
1996-10-25,0.0654
1996-10-28,0.06559999999999999
1996-10-29,0.064
1996-10-30,0.064
1996-10-31,0.0637
1996-11-01,0.0638
1996-11-04,0.0636
1996-11-05,0.06280000000000001
1996-11-06,0.063
1996-11-07,0.0626
1996-11-08,0.0629
1996-11-12,0.061900000000000004
1996-11-13,0.062
1996-11-14,0.061500000000000006
1996-11-15,0.061900000000000004
1996-11-18,0.062
1996-11-19,0.0617
1996-11-20,0.061399999999999996
1996-11-21,0.061500000000000006
1996-11-22,0.061500000000000006
1996-11-25,0.0613
1996-11-26,0.0613
1996-11-27,0.061399999999999996
1996-11-29,0.060599999999999994
1996-12-02,0.0608
1996-12-03,0.060599999999999994
1996-12-04,0.0611
1996-12-05,0.0622
1996-12-06,0.0626
1996-12-09,0.0621
1996-12-10,0.0623
1996-12-11,0.0638
1996-12-12,0.064
1996-12-13,0.0633
1996-12-16,0.0639
1996-12-17,0.0642
1996-12-18,0.0646
1996-12-19,0.0636
1996-12-20,0.0635
1996-12-23,0.0634
1996-12-24,0.0636
1996-12-26,0.0635
1996-12-27,0.063
1996-12-30,0.06309999999999999
1996-12-31,0.0643
1997-01-02,0.0654
1997-01-03,0.0652
1997-01-06,0.0654
1997-01-07,0.06570000000000001
1997-01-08,0.066
1997-01-09,0.0652
1997-01-10,0.0663
1997-01-13,0.0663
1997-01-14,0.0653
1997-01-15,0.0653
1997-01-16,0.06570000000000001
1997-01-17,0.06559999999999999
1997-01-21,0.0652
1997-01-22,0.06559999999999999
1997-01-23,0.066
1997-01-24,0.0664
1997-01-27,0.0669
1997-01-28,0.0664
1997-01-29,0.0663
1997-01-30,0.0661
1997-01-31,0.0653
1997-02-03,0.0647
1997-02-04,0.0645
1997-02-05,0.0647
1997-02-06,0.0649
1997-02-07,0.0643
1997-02-10,0.0643
1997-02-11,0.0643
1997-02-12,0.0639
1997-02-13,0.0632
1997-02-14,0.06280000000000001
1997-02-18,0.06280000000000001
1997-02-19,0.063
1997-02-20,0.0638
1997-02-21,0.0636
1997-02-24,0.0639
1997-02-25,0.064
1997-02-26,0.06559999999999999
1997-02-27,0.0658
1997-02-28,0.06559999999999999
1997-03-03,0.0658
1997-03-04,0.066
1997-03-05,0.066
1997-03-06,0.0662
1997-03-07,0.06570000000000001
1997-03-10,0.06559999999999999
1997-03-11,0.06570000000000001
1997-03-12,0.066
1997-03-13,0.0672
1997-03-14,0.06709999999999999
1997-03-17,0.0672
1997-03-18,0.0672
1997-03-19,0.0674
1997-03-20,0.0675
1997-03-21,0.0674
1997-03-24,0.0672
1997-03-25,0.0675
1997-03-26,0.068
1997-03-27,0.069
1997-03-31,0.0692
1997-04-01,0.069
1997-04-02,0.0688
1997-04-03,0.06860000000000001
1997-04-04,0.0692
1997-04-07,0.0687
1997-04-08,0.0691
1997-04-09,0.0691
1997-04-10,0.0691
1997-04-11,0.0698
1997-04-14,0.0698
1997-04-15,0.0688
1997-04-16,0.069
1997-04-17,0.06860000000000001
1997-04-18,0.0684
1997-04-21,0.0687
1997-04-22,0.0684
1997-04-23,0.0689
1997-04-24,0.0693
1997-04-25,0.0694
1997-04-28,0.0692
1997-04-29,0.0677
1997-04-30,0.0672
1997-05-01,0.0669
1997-05-02,0.0668
1997-05-05,0.0667
1997-05-06,0.0667
1997-05-07,0.0676
1997-05-08,0.0672
1997-05-09,0.0667
1997-05-12,0.0665
1997-05-13,0.06709999999999999
1997-05-14,0.0668
1997-05-15,0.0667
1997-05-16,0.067
1997-05-19,0.06709999999999999
1997-05-20,0.067
1997-05-21,0.0674
1997-05-22,0.0676
1997-05-23,0.0674
1997-05-27,0.0679
1997-05-28,0.068
1997-05-29,0.0675
1997-05-30,0.0667
1997-06-02,0.0666
1997-06-03,0.0663
1997-06-04,0.0662
1997-06-05,0.0662
1997-06-06,0.06509999999999999
1997-06-09,0.0655
1997-06-10,0.06570000000000001
1997-06-11,0.06559999999999999
1997-06-12,0.06480000000000001
1997-06-13,0.0643
1997-06-16,0.064
1997-06-17,0.0643
1997-06-18,0.064
1997-06-19,0.064
1997-06-20,0.0637
1997-06-23,0.064
1997-06-24,0.0642
1997-06-25,0.0645
1997-06-26,0.065
1997-06-27,0.0646
1997-06-30,0.06509999999999999
1997-07-01,0.0645
1997-07-02,0.0642
1997-07-03,0.06309999999999999
1997-07-07,0.06269999999999999
1997-07-08,0.06269999999999999
1997-07-09,0.0625
1997-07-10,0.0626
1997-07-11,0.0623
1997-07-14,0.0626
1997-07-15,0.0626
1997-07-16,0.062
1997-07-17,0.061900000000000004
1997-07-18,0.062400000000000004
1997-07-21,0.06269999999999999
1997-07-22,0.061500000000000006
1997-07-23,0.061399999999999996
1997-07-24,0.0616
1997-07-25,0.061799999999999994
1997-07-28,0.0616
1997-07-29,0.0611
1997-07-30,0.0605
1997-07-31,0.0602
1997-08-01,0.062
1997-08-04,0.0623
1997-08-05,0.0623
1997-08-06,0.0621
1997-08-07,0.062400000000000004
1997-08-08,0.0638
1997-08-11,0.0636
1997-08-12,0.0639
1997-08-13,0.0636
1997-08-14,0.06269999999999999
1997-08-15,0.06269999999999999
1997-08-18,0.0621
1997-08-19,0.0621
1997-08-20,0.062400000000000004
1997-08-21,0.063
1997-08-22,0.0638
1997-08-25,0.0639
1997-08-26,0.0638
1997-08-27,0.0638
1997-08-28,0.063
1997-08-29,0.0634
1997-09-02,0.06309999999999999
1997-09-03,0.0633
1997-09-04,0.0633
1997-09-05,0.0637
1997-09-08,0.0633
1997-09-09,0.0634
1997-09-10,0.0637
1997-09-11,0.0639
1997-09-12,0.0629
1997-09-15,0.06280000000000001
1997-09-16,0.0611
1997-09-17,0.061
1997-09-18,0.0611
1997-09-19,0.060899999999999996
1997-09-22,0.060599999999999994
1997-09-23,0.061
1997-09-24,0.0604
1997-09-25,0.0613
1997-09-26,0.0608
1997-09-29,0.061
1997-09-30,0.061200000000000004
1997-10-01,0.0604
1997-10-02,0.0601
1997-10-03,0.0601
1997-10-06,0.0596
1997-10-07,0.0594
1997-10-08,0.0608
1997-10-09,0.060899999999999996
1997-10-10,0.061500000000000006
1997-10-14,0.060700000000000004
1997-10-15,0.061
1997-10-16,0.060899999999999996
1997-10-17,0.0617
1997-10-20,0.061500000000000006
1997-10-21,0.061399999999999996
1997-10-22,0.061200000000000004
1997-10-23,0.0604
1997-10-24,0.0601
1997-10-27,0.0591
1997-10-28,0.059800000000000006
1997-10-29,0.0591
1997-10-30,0.0584
1997-10-31,0.0584
1997-11-03,0.0591
1997-11-04,0.059500000000000004
1997-11-05,0.059500000000000004
1997-11-06,0.059000000000000004
1997-11-07,0.059000000000000004
1997-11-10,0.0591
1997-11-12,0.058899999999999994
1997-11-13,0.0587
1997-11-14,0.058600000000000006
1997-11-17,0.058499999999999996
1997-11-18,0.058499999999999996
1997-11-19,0.0582
1997-11-20,0.0584
1997-11-21,0.0582
1997-11-24,0.058600000000000006
1997-11-25,0.058499999999999996
1997-11-26,0.058600000000000006
1997-11-28,0.058600000000000006
1997-12-01,0.058600000000000006
1997-12-02,0.058600000000000006
1997-12-03,0.0583
1997-12-04,0.0584
1997-12-05,0.0592
1997-12-08,0.0596
1997-12-09,0.059500000000000004
1997-12-10,0.059000000000000004
1997-12-11,0.0582
1997-12-12,0.0574
1997-12-15,0.057800000000000004
1997-12-16,0.057699999999999994
1997-12-17,0.0581
1997-12-18,0.0576
1997-12-19,0.0572
1997-12-22,0.0572
1997-12-23,0.057300000000000004
1997-12-24,0.0576
1997-12-26,0.0575
1997-12-29,0.0576
1997-12-30,0.057999999999999996
1997-12-31,0.0575
1998-01-02,0.0567
1998-01-05,0.0552
1998-01-06,0.054900000000000004
1998-01-07,0.0555
1998-01-08,0.054900000000000004
1998-01-09,0.054000000000000006
1998-01-12,0.053899999999999997
1998-01-13,0.0541
1998-01-14,0.0545
1998-01-15,0.0548
1998-01-16,0.0554
1998-01-20,0.0557
1998-01-21,0.0554
1998-01-22,0.0556
1998-01-23,0.057
1998-01-26,0.056299999999999996
1998-01-27,0.057
1998-01-28,0.056900000000000006
1998-01-29,0.0558
1998-01-30,0.0553
1998-02-02,0.0557
1998-02-03,0.0556
1998-02-04,0.0557
1998-02-05,0.0562
1998-02-06,0.0562
1998-02-09,0.0565
1998-02-10,0.0564
1998-02-11,0.0553
1998-02-12,0.0552
1998-02-13,0.054900000000000004
1998-02-17,0.054400000000000004
1998-02-18,0.054900000000000004
1998-02-19,0.055099999999999996
1998-02-20,0.0554
1998-02-23,0.0558
1998-02-24,0.056900000000000006
1998-02-25,0.056299999999999996
1998-02-26,0.0565
1998-02-27,0.0562
1998-03-02,0.0572
1998-03-03,0.057699999999999994
1998-03-04,0.0576
1998-03-05,0.057800000000000004
1998-03-06,0.057300000000000004
1998-03-09,0.0567
1998-03-10,0.0567
1998-03-11,0.056299999999999996
1998-03-12,0.0556
1998-03-13,0.0558
1998-03-16,0.0554
1998-03-17,0.0556
1998-03-18,0.0558
1998-03-19,0.0558
1998-03-20,0.0557
1998-03-23,0.0557
1998-03-24,0.0558
1998-03-25,0.0564
1998-03-26,0.056799999999999996
1998-03-27,0.056799999999999996
1998-03-30,0.0572
1998-03-31,0.0567
1998-04-01,0.0562
1998-04-02,0.0556
1998-04-03,0.0547
1998-04-06,0.055099999999999996
1998-04-07,0.0553
1998-04-08,0.0558
1998-04-09,0.0559
1998-04-13,0.056600000000000004
1998-04-14,0.056299999999999996
1998-04-15,0.055999999999999994
1998-04-16,0.0559
1998-04-17,0.0559
1998-04-20,0.0565
1998-04-21,0.056799999999999996
1998-04-22,0.056799999999999996
1998-04-23,0.056900000000000006
1998-04-24,0.0567
1998-04-27,0.057999999999999996
1998-04-28,0.057999999999999996
1998-04-29,0.0581
1998-04-30,0.056799999999999996
1998-05-01,0.0567
1998-05-04,0.0567
1998-05-05,0.057
1998-05-06,0.0567
1998-05-07,0.0567
1998-05-08,0.0571
1998-05-11,0.0579
1998-05-12,0.057
1998-05-13,0.0564
1998-05-14,0.0567
1998-05-15,0.056799999999999996
1998-05-18,0.0564
1998-05-19,0.0565
1998-05-20,0.056100000000000004
1998-05-21,0.0565
1998-05-22,0.0564
1998-05-26,0.0559
1998-05-27,0.0556
1998-05-28,0.0558
1998-05-29,0.0556
1998-06-01,0.0553
1998-06-02,0.0556
1998-06-03,0.0557
1998-06-04,0.0559
1998-06-05,0.0558
1998-06-08,0.0558
1998-06-09,0.0559
1998-06-10,0.055099999999999996
1998-06-11,0.054400000000000004
1998-06-12,0.054299999999999994
1998-06-15,0.0538
1998-06-16,0.0545
1998-06-17,0.0554
1998-06-18,0.055
1998-06-19,0.0547
1998-06-22,0.0546
1998-06-23,0.0545
1998-06-24,0.0546
1998-06-25,0.0546
1998-06-26,0.0546
1998-06-29,0.0547
1998-06-30,0.054400000000000004
1998-07-01,0.054400000000000004
1998-07-02,0.0542
1998-07-06,0.053899999999999997
1998-07-07,0.0542
1998-07-08,0.054299999999999994
1998-07-09,0.0541
1998-07-10,0.0542
1998-07-13,0.0546
1998-07-14,0.054900000000000004
1998-07-15,0.0548
1998-07-16,0.055
1998-07-17,0.055099999999999996
1998-07-20,0.0548
1998-07-21,0.0545
1998-07-22,0.0546
1998-07-23,0.0545
1998-07-24,0.0545
1998-07-27,0.0547
1998-07-28,0.055
1998-07-29,0.0552
1998-07-30,0.055
1998-07-31,0.055
1998-08-03,0.0546
1998-08-04,0.054299999999999994
1998-08-05,0.054299999999999994
1998-08-06,0.054400000000000004
1998-08-07,0.054000000000000006
1998-08-10,0.0541
1998-08-11,0.0537
1998-08-12,0.054000000000000006
1998-08-13,0.054400000000000004
1998-08-14,0.054000000000000006
1998-08-17,0.054000000000000006
1998-08-18,0.0541
1998-08-19,0.0542
1998-08-20,0.0538
1998-08-21,0.053200000000000004
1998-08-24,0.053
1998-08-25,0.0525
1998-08-26,0.0526
1998-08-27,0.0512
1998-08-28,0.0509
1998-08-31,0.050499999999999996
1998-09-01,0.050499999999999996
1998-09-02,0.051
1998-09-03,0.050300000000000004
1998-09-04,0.050199999999999995
1998-09-08,0.0504
1998-09-09,0.0495
1998-09-10,0.047599999999999996
1998-09-11,0.048499999999999995
1998-09-14,0.0487
1998-09-15,0.049
1998-09-16,0.048799999999999996
1998-09-17,0.048
1998-09-18,0.047
1998-09-21,0.046900000000000004
1998-09-22,0.0473
1998-09-23,0.046900000000000004
1998-09-24,0.0464
1998-09-25,0.046
1998-09-28,0.0461
1998-09-29,0.045899999999999996
1998-09-30,0.0444
1998-10-01,0.0433
1998-10-02,0.0431
1998-10-05,0.0416
1998-10-06,0.0424
1998-10-07,0.0434
1998-10-08,0.045599999999999995
1998-10-09,0.04769999999999999
1998-10-13,0.0473
1998-10-14,0.0458
1998-10-15,0.0458
1998-10-16,0.0444
1998-10-19,0.0447
1998-10-20,0.045700000000000005
1998-10-21,0.045899999999999996
1998-10-22,0.0462
1998-10-23,0.047
1998-10-26,0.0473
1998-10-27,0.0463
1998-10-28,0.046
1998-10-29,0.0454
1998-10-30,0.0464
1998-11-02,0.04769999999999999
1998-11-03,0.0478
1998-11-04,0.0483
1998-11-05,0.0482
1998-11-06,0.0493
1998-11-09,0.048799999999999996
1998-11-10,0.0481
1998-11-12,0.04769999999999999
1998-11-13,0.0482
1998-11-16,0.048499999999999995
1998-11-17,0.0487
1998-11-18,0.048499999999999995
1998-11-19,0.048499999999999995
1998-11-20,0.0482
1998-11-23,0.0484
1998-11-24,0.048499999999999995
1998-11-25,0.0483
1998-11-27,0.0481
1998-11-30,0.047400000000000005
1998-12-01,0.0467
1998-12-02,0.045899999999999996
1998-12-03,0.0458
1998-12-04,0.0462
1998-12-07,0.046900000000000004
1998-12-08,0.046
1998-12-09,0.045599999999999995
1998-12-10,0.0453
1998-12-11,0.0461
1998-12-14,0.0458
1998-12-15,0.0462
1998-12-16,0.0458
1998-12-17,0.0458
1998-12-18,0.0458
1998-12-21,0.0464
1998-12-22,0.047
1998-12-23,0.0481
1998-12-24,0.048600000000000004
1998-12-28,0.0478
1998-12-29,0.0471
1998-12-30,0.04650000000000001
1998-12-31,0.04650000000000001
1999-01-04,0.046900000000000004
1999-01-05,0.047400000000000005
1999-01-06,0.0473
1999-01-07,0.04769999999999999
1999-01-08,0.048600000000000004
1999-01-11,0.049
1999-01-12,0.0482
1999-01-13,0.047400000000000005
1999-01-14,0.0463
1999-01-15,0.0466
1999-01-19,0.0471
1999-01-20,0.047599999999999996
1999-01-21,0.047
1999-01-22,0.0464
1999-01-25,0.0467
1999-01-26,0.046900000000000004
1999-01-27,0.046799999999999994
1999-01-28,0.0467
1999-01-29,0.0466
1999-02-01,0.0475
1999-02-02,0.0479
1999-02-03,0.0483
1999-02-04,0.0489
1999-02-05,0.049400000000000006
1999-02-08,0.049400000000000006
1999-02-09,0.049100000000000005
1999-02-10,0.049
1999-02-11,0.0493
1999-02-12,0.0506
1999-02-16,0.050300000000000004
1999-02-17,0.049800000000000004
1999-02-18,0.0504
1999-02-19,0.0507
1999-02-22,0.050300000000000004
1999-02-23,0.051
1999-02-24,0.0518
1999-02-25,0.053200000000000004
1999-02-26,0.0529
1999-03-01,0.054000000000000006
1999-03-02,0.0535
1999-03-03,0.053899999999999997
1999-03-04,0.0541
1999-03-05,0.053399999999999996
1999-03-08,0.0529
1999-03-09,0.0518
1999-03-10,0.052000000000000005
1999-03-11,0.0521
1999-03-12,0.0516
1999-03-15,0.051500000000000004
1999-03-16,0.051100000000000007
1999-03-17,0.051399999999999994
1999-03-18,0.051100000000000007
1999-03-19,0.051699999999999996
1999-03-22,0.0521
1999-03-23,0.052000000000000005
1999-03-24,0.051699999999999996
1999-03-25,0.0521
1999-03-26,0.0521
1999-03-29,0.0528
1999-03-30,0.0521
1999-03-31,0.0525
1999-04-01,0.0527
1999-04-02,0.052000000000000005
1999-04-05,0.052000000000000005
1999-04-06,0.0513
1999-04-07,0.051399999999999994
1999-04-08,0.050300000000000004
1999-04-09,0.050499999999999996
1999-04-12,0.0506
1999-04-13,0.0512
1999-04-14,0.0513
1999-04-15,0.0518
1999-04-16,0.052300000000000006
1999-04-19,0.0518
1999-04-20,0.0516
1999-04-21,0.051699999999999996
1999-04-22,0.0525
1999-04-23,0.0526
1999-04-26,0.052300000000000006
1999-04-27,0.052199999999999996
1999-04-28,0.0527
1999-04-29,0.052199999999999996
1999-04-30,0.0536
1999-05-03,0.0538
1999-05-04,0.0542
1999-05-05,0.054000000000000006
1999-05-06,0.0552
1999-05-07,0.0554
1999-05-10,0.0554
1999-05-11,0.0559
1999-05-12,0.055099999999999996
1999-05-13,0.0541
1999-05-14,0.0562
1999-05-17,0.056600000000000004
1999-05-18,0.056799999999999996
1999-05-19,0.055999999999999994
1999-05-20,0.055999999999999994
1999-05-21,0.0552
1999-05-24,0.055
1999-05-25,0.054900000000000004
1999-05-26,0.0555
1999-05-27,0.0562
1999-05-28,0.0564
1999-06-01,0.057800000000000004
1999-06-02,0.057999999999999996
1999-06-03,0.057999999999999996
1999-06-04,0.0582
1999-06-07,0.0581
1999-06-08,0.0583
1999-06-09,0.0587
1999-06-10,0.0592
1999-06-11,0.0602
1999-06-14,0.059800000000000006
1999-06-15,0.059800000000000006
1999-06-16,0.0594
1999-06-17,0.0579
1999-06-18,0.0584
1999-06-21,0.059000000000000004
1999-06-22,0.0594
1999-06-23,0.06
1999-06-24,0.0605
1999-06-25,0.0602
1999-06-28,0.0596
1999-06-29,0.0593
1999-06-30,0.0581
1999-07-01,0.058499999999999996
1999-07-02,0.0582
1999-07-06,0.0588
1999-07-07,0.0592
1999-07-08,0.058499999999999996
1999-07-09,0.0584
1999-07-12,0.0574
1999-07-13,0.0571
1999-07-14,0.0574
1999-07-15,0.0572
1999-07-16,0.056799999999999996
1999-07-19,0.056600000000000004
1999-07-20,0.0565
1999-07-21,0.056600000000000004
1999-07-22,0.057800000000000004
1999-07-23,0.0584
1999-07-26,0.058600000000000006
1999-07-27,0.0582
1999-07-28,0.0581
1999-07-29,0.0588
1999-07-30,0.0592
1999-08-02,0.0592
1999-08-03,0.059500000000000004
1999-08-04,0.0596
1999-08-05,0.0588
1999-08-06,0.0602
1999-08-09,0.0613
1999-08-10,0.0616
1999-08-11,0.0605
1999-08-12,0.0608
1999-08-13,0.059800000000000006
1999-08-16,0.059800000000000006
1999-08-17,0.058899999999999994
1999-08-18,0.0588
1999-08-19,0.059000000000000004
1999-08-20,0.0588
1999-08-23,0.058899999999999994
1999-08-24,0.058499999999999996
1999-08-25,0.057300000000000004
1999-08-26,0.0575
1999-08-27,0.058499999999999996
1999-08-30,0.059500000000000004
1999-08-31,0.059800000000000006
1999-09-01,0.0599
1999-09-02,0.0603
1999-09-03,0.058899999999999994
1999-09-07,0.059500000000000004
1999-09-08,0.0593
1999-09-09,0.059699999999999996
1999-09-10,0.058899999999999994
1999-09-13,0.0592
1999-09-14,0.0596
1999-09-15,0.0594
1999-09-16,0.059000000000000004
1999-09-17,0.0587
1999-09-20,0.0591
1999-09-21,0.0594
1999-09-22,0.0592
1999-09-23,0.0587
1999-09-24,0.0575
1999-09-27,0.0583
1999-09-28,0.058899999999999994
1999-09-29,0.059699999999999996
1999-09-30,0.059000000000000004
1999-10-01,0.06
1999-10-04,0.059500000000000004
1999-10-05,0.0602
1999-10-06,0.0604
1999-10-07,0.0605
1999-10-08,0.0604
1999-10-12,0.060700000000000004
1999-10-13,0.061200000000000004
1999-10-14,0.0617
1999-10-15,0.060899999999999996
1999-10-18,0.061200000000000004
1999-10-19,0.061799999999999994
1999-10-20,0.061900000000000004
1999-10-21,0.062
1999-10-22,0.0621
1999-10-25,0.0622
1999-10-26,0.062400000000000004
1999-10-27,0.061900000000000004
1999-10-28,0.061200000000000004
1999-10-29,0.0602
1999-11-01,0.060599999999999994
1999-11-02,0.0604
1999-11-03,0.0601
1999-11-04,0.059500000000000004
1999-11-05,0.0592
1999-11-08,0.059500000000000004
1999-11-09,0.059699999999999996
1999-11-10,0.06
1999-11-12,0.0593
1999-11-15,0.0594
1999-11-16,0.059699999999999996
1999-11-17,0.0604
1999-11-18,0.060599999999999994
1999-11-19,0.060700000000000004
1999-11-22,0.060899999999999996
1999-11-23,0.0608
1999-11-24,0.060899999999999996
1999-11-26,0.061200000000000004
1999-11-29,0.0621
1999-11-30,0.061799999999999994
1999-12-01,0.0621
1999-12-02,0.062400000000000004
1999-12-03,0.0617
1999-12-06,0.0616
1999-12-07,0.0611
1999-12-08,0.061500000000000006
1999-12-09,0.061399999999999996
1999-12-10,0.0608
1999-12-13,0.0611
1999-12-14,0.0622
1999-12-15,0.0625
1999-12-16,0.06309999999999999
1999-12-17,0.063
1999-12-20,0.0636
1999-12-21,0.0638
1999-12-22,0.0639
1999-12-23,0.0641
1999-12-27,0.064
1999-12-28,0.0643
1999-12-29,0.064
1999-12-30,0.0639
1999-12-31,0.0645
2000-01-03,0.0658
2000-01-04,0.0649
2000-01-05,0.0662
2000-01-06,0.06570000000000001
2000-01-07,0.0652
2000-01-10,0.06570000000000001
2000-01-11,0.0667
2000-01-12,0.0672
2000-01-13,0.0663
2000-01-14,0.0669
2000-01-18,0.0675
2000-01-19,0.0673
2000-01-20,0.0679
2000-01-21,0.0679
2000-01-24,0.0669
2000-01-25,0.067
2000-01-26,0.0669
2000-01-27,0.0668
2000-01-28,0.0666
2000-01-31,0.0668
2000-02-01,0.0662
2000-02-02,0.066
2000-02-03,0.0649
2000-02-04,0.0653
2000-02-07,0.0664
2000-02-08,0.0659
2000-02-09,0.06559999999999999
2000-02-10,0.0667
2000-02-11,0.0663
2000-02-14,0.06559999999999999
2000-02-15,0.06559999999999999
2000-02-16,0.06559999999999999
2000-02-17,0.0658
2000-02-18,0.0649
2000-02-22,0.0636
2000-02-23,0.0644
2000-02-24,0.0636
2000-02-25,0.0636
2000-02-28,0.0637
2000-02-29,0.0642
2000-03-01,0.0639
2000-03-02,0.064
2000-03-03,0.0639
2000-03-06,0.0642
2000-03-07,0.0639
2000-03-08,0.0638
2000-03-09,0.0635
2000-03-10,0.0639
2000-03-13,0.0636
2000-03-14,0.06309999999999999
2000-03-15,0.0629
2000-03-16,0.0626
2000-03-17,0.062
2000-03-20,0.061799999999999994
2000-03-21,0.0613
2000-03-22,0.0613
2000-03-23,0.0608
2000-03-24,0.062
2000-03-27,0.0621
2000-03-28,0.0617
2000-03-29,0.061799999999999994
2000-03-30,0.060599999999999994
2000-03-31,0.0603
2000-04-03,0.06
2000-04-04,0.059000000000000004
2000-04-05,0.059000000000000004
2000-04-06,0.0593
2000-04-07,0.058600000000000006
2000-04-10,0.057999999999999996
2000-04-11,0.058899999999999994
2000-04-12,0.059699999999999996
2000-04-13,0.0594
2000-04-14,0.058499999999999996
2000-04-17,0.0601
2000-04-18,0.0605
2000-04-19,0.0599
2000-04-20,0.0599
2000-04-24,0.06
2000-04-25,0.061399999999999996
2000-04-26,0.061399999999999996
2000-04-27,0.0623
2000-04-28,0.0623
2000-05-01,0.0629
2000-05-02,0.0632
2000-05-03,0.064
2000-05-04,0.0646
2000-05-05,0.06509999999999999
2000-05-08,0.06570000000000001
2000-05-09,0.0653
2000-05-10,0.0647
2000-05-11,0.0643
2000-05-12,0.06509999999999999
2000-05-15,0.0647
2000-05-16,0.0643
2000-05-17,0.06480000000000001
2000-05-18,0.06559999999999999
2000-05-19,0.06509999999999999
2000-05-22,0.0644
2000-05-23,0.0645
2000-05-24,0.0647
2000-05-25,0.0639
2000-05-26,0.0633
2000-05-30,0.0638
2000-05-31,0.0629
2000-06-01,0.062
2000-06-02,0.061500000000000006
2000-06-05,0.061200000000000004
2000-06-06,0.061399999999999996
2000-06-07,0.0613
2000-06-08,0.0613
2000-06-09,0.0613
2000-06-12,0.060899999999999996
2000-06-13,0.0611
2000-06-14,0.060599999999999994
2000-06-15,0.0605
2000-06-16,0.0599
2000-06-19,0.06
2000-06-20,0.0603
2000-06-21,0.0611
2000-06-22,0.061200000000000004
2000-06-23,0.061900000000000004
2000-06-26,0.0611
2000-06-27,0.061
2000-06-28,0.0611
2000-06-29,0.0604
2000-06-30,0.0603
2000-07-03,0.06
2000-07-05,0.0599
2000-07-06,0.0605
2000-07-07,0.0601
2000-07-10,0.0604
2000-07-11,0.060599999999999994
2000-07-12,0.060899999999999996
2000-07-13,0.0601
2000-07-14,0.061
2000-07-17,0.0617
2000-07-18,0.0616
2000-07-19,0.0616
2000-07-20,0.0601
2000-07-21,0.0601
2000-07-24,0.0604
2000-07-25,0.0604
2000-07-26,0.0604
2000-07-27,0.0602
2000-07-28,0.0604
2000-07-31,0.0604
2000-08-01,0.06
2000-08-02,0.059800000000000006
2000-08-03,0.059500000000000004
2000-08-04,0.0591
2000-08-07,0.059699999999999996
2000-08-08,0.0593
2000-08-09,0.0581
2000-08-10,0.0576
2000-08-11,0.0579
2000-08-14,0.057800000000000004
2000-08-15,0.0581
2000-08-16,0.0583
2000-08-17,0.0581
2000-08-18,0.057800000000000004
2000-08-21,0.0579
2000-08-22,0.057800000000000004
2000-08-23,0.057300000000000004
2000-08-24,0.057300000000000004
2000-08-25,0.057300000000000004
2000-08-28,0.057800000000000004
2000-08-29,0.0581
2000-08-30,0.0581
2000-08-31,0.057300000000000004
2000-09-01,0.056799999999999996
2000-09-05,0.056900000000000006
2000-09-06,0.0572
2000-09-07,0.0576
2000-09-08,0.057300000000000004
2000-09-11,0.057699999999999994
2000-09-12,0.057800000000000004
2000-09-13,0.0574
2000-09-14,0.0579
2000-09-15,0.0584
2000-09-18,0.0588
2000-09-19,0.058600000000000006
2000-09-20,0.0591
2000-09-21,0.0588
2000-09-22,0.058499999999999996
2000-09-25,0.0584
2000-09-26,0.0581
2000-09-27,0.0583
2000-09-28,0.0582
2000-09-29,0.057999999999999996
2000-10-02,0.0583
2000-10-03,0.0587
2000-10-04,0.059000000000000004
2000-10-05,0.0587
2000-10-06,0.0582
2000-10-10,0.057999999999999996
2000-10-11,0.057699999999999994
2000-10-12,0.057300000000000004
2000-10-13,0.057300000000000004
2000-10-16,0.0574
2000-10-17,0.056799999999999996
2000-10-18,0.056600000000000004
2000-10-19,0.056600000000000004
2000-10-20,0.0564
2000-10-23,0.0559
2000-10-24,0.056299999999999996
2000-10-25,0.0567
2000-10-26,0.056900000000000006
2000-10-27,0.0572
2000-10-30,0.0574
2000-10-31,0.057699999999999994
2000-11-01,0.0574
2000-11-02,0.0574
2000-11-03,0.0583
2000-11-06,0.0587
2000-11-07,0.0587
2000-11-08,0.0587
2000-11-09,0.0582
2000-11-10,0.0582
2000-11-13,0.057699999999999994
2000-11-14,0.0576
2000-11-15,0.0572
2000-11-16,0.056799999999999996
2000-11-17,0.0571
2000-11-20,0.056799999999999996
2000-11-21,0.0567
2000-11-22,0.0562
2000-11-24,0.056299999999999996
2000-11-27,0.0564
2000-11-28,0.0559
2000-11-29,0.0555
2000-11-30,0.0548
2000-12-01,0.0552
2000-12-04,0.0553
2000-12-05,0.054299999999999994
2000-12-06,0.053200000000000004
2000-12-07,0.053200000000000004
2000-12-08,0.0535
2000-12-11,0.0537
2000-12-12,0.0536
2000-12-13,0.0529
2000-12-14,0.052300000000000006
2000-12-15,0.052000000000000005
2000-12-18,0.051699999999999996
2000-12-19,0.0519
2000-12-20,0.0508
2000-12-21,0.050300000000000004
2000-12-22,0.050199999999999995
2000-12-26,0.0504
2000-12-27,0.051100000000000007
2000-12-28,0.0513
2000-12-29,0.0512
2001-01-02,0.0492
2001-01-03,0.051399999999999994
2001-01-04,0.050300000000000004
2001-01-05,0.0493
2001-01-08,0.049400000000000006
2001-01-09,0.049800000000000004
2001-01-10,0.051
2001-01-11,0.051399999999999994
2001-01-12,0.0525
2001-01-16,0.0524
2001-01-17,0.0519
2001-01-18,0.0512
2001-01-19,0.0519
2001-01-22,0.0525
2001-01-23,0.053
2001-01-24,0.0533
2001-01-25,0.0529
2001-01-26,0.0529
2001-01-29,0.053200000000000004
2001-01-30,0.0524
2001-01-31,0.0519
2001-02-01,0.051
2001-02-02,0.051699999999999996
2001-02-05,0.0518
2001-02-06,0.052199999999999996
2001-02-07,0.051
2001-02-08,0.051
2001-02-09,0.050300000000000004
2001-02-12,0.050499999999999996
2001-02-13,0.0507
2001-02-14,0.0513
2001-02-15,0.0519
2001-02-16,0.051100000000000007
2001-02-20,0.051100000000000007
2001-02-21,0.051399999999999994
2001-02-22,0.051500000000000004
2001-02-23,0.051
2001-02-26,0.050499999999999996
2001-02-27,0.0496
2001-02-28,0.0492
2001-03-01,0.0487
2001-03-02,0.0495
2001-03-05,0.049800000000000004
2001-03-06,0.0499
2001-03-07,0.0492
2001-03-08,0.0489
2001-03-09,0.0495
2001-03-12,0.0492
2001-03-13,0.0495
2001-03-14,0.0484
2001-03-15,0.0481
2001-03-16,0.0478
2001-03-19,0.0482
2001-03-20,0.0478
2001-03-21,0.04769999999999999
2001-03-22,0.0473
2001-03-23,0.048
2001-03-26,0.048499999999999995
2001-03-27,0.05
2001-03-28,0.049699999999999994
2001-03-29,0.049800000000000004
2001-03-30,0.0493
2001-04-02,0.049800000000000004
2001-04-03,0.049400000000000006
2001-04-04,0.049400000000000006
2001-04-05,0.049800000000000004
2001-04-06,0.0489
2001-04-09,0.0493
2001-04-10,0.0509
2001-04-11,0.0512
2001-04-12,0.051699999999999996
2001-04-16,0.0528
2001-04-17,0.0521
2001-04-18,0.051399999999999994
2001-04-19,0.0527
2001-04-20,0.0529
2001-04-23,0.052000000000000005
2001-04-24,0.052199999999999996
2001-04-25,0.0528
2001-04-26,0.052000000000000005
2001-04-27,0.053399999999999996
2001-04-30,0.0535
2001-05-01,0.053
2001-05-02,0.053099999999999994
2001-05-03,0.052199999999999996
2001-05-04,0.0521
2001-05-07,0.0521
2001-05-08,0.0524
2001-05-09,0.052000000000000005
2001-05-10,0.053099999999999994
2001-05-11,0.055099999999999996
2001-05-14,0.0546
2001-05-15,0.055
2001-05-16,0.0548
2001-05-17,0.0546
2001-05-18,0.0541
2001-05-21,0.0541
2001-05-22,0.0542
2001-05-23,0.0541
2001-05-24,0.0552
2001-05-25,0.0552
2001-05-29,0.0554
2001-05-30,0.0554
2001-05-31,0.054299999999999994
2001-06-01,0.053899999999999997
2001-06-04,0.0535
2001-06-05,0.0529
2001-06-06,0.0527
2001-06-07,0.0533
2001-06-08,0.0538
2001-06-11,0.053200000000000004
2001-06-12,0.0527
2001-06-13,0.0528
2001-06-14,0.0526
2001-06-15,0.0527
2001-06-18,0.0527
2001-06-19,0.0526
2001-06-20,0.0524
2001-06-21,0.052199999999999996
2001-06-22,0.051399999999999994
2001-06-25,0.0516
2001-06-26,0.0524
2001-06-27,0.0526
2001-06-28,0.0535
2001-06-29,0.0542
2001-07-02,0.0537
2001-07-03,0.0541
2001-07-05,0.054400000000000004
2001-07-06,0.0541
2001-07-09,0.0537
2001-07-10,0.053200000000000004
2001-07-11,0.053099999999999994
2001-07-12,0.0527
2001-07-13,0.0527
2001-07-16,0.0521
2001-07-17,0.052199999999999996
2001-07-18,0.0512
2001-07-19,0.0513
2001-07-20,0.051500000000000004
2001-07-23,0.0513
2001-07-24,0.0513
2001-07-25,0.052000000000000005
2001-07-26,0.0519
2001-07-27,0.0513
2001-07-30,0.051100000000000007
2001-07-31,0.0507
2001-08-01,0.051100000000000007
2001-08-02,0.051699999999999996
2001-08-03,0.052000000000000005
2001-08-06,0.0519
2001-08-07,0.052000000000000005
2001-08-08,0.0499
2001-08-09,0.0504
2001-08-10,0.0499
2001-08-13,0.049699999999999994
2001-08-14,0.049699999999999994
2001-08-15,0.05
2001-08-16,0.0495
2001-08-17,0.0484
2001-08-20,0.049100000000000005
2001-08-21,0.0487
2001-08-22,0.049100000000000005
2001-08-23,0.0489
2001-08-24,0.0493
2001-08-27,0.049400000000000006
2001-08-28,0.048499999999999995
2001-08-29,0.0478
2001-08-30,0.0479
2001-08-31,0.048499999999999995
2001-09-04,0.0499
2001-09-05,0.049699999999999994
2001-09-06,0.048600000000000004
2001-09-07,0.048
2001-09-10,0.0484
2001-09-13,0.0464
2001-09-14,0.045700000000000005
2001-09-17,0.0463
2001-09-18,0.0472
2001-09-19,0.046900000000000004
2001-09-20,0.0475
2001-09-21,0.047
2001-09-24,0.0473
2001-09-25,0.0472
2001-09-26,0.04650000000000001
2001-09-27,0.0458
2001-09-28,0.046
2001-10-01,0.0455
2001-10-02,0.0453
2001-10-03,0.045
2001-10-04,0.0453
2001-10-05,0.0452
2001-10-09,0.0462
2001-10-10,0.0461
2001-10-11,0.046900000000000004
2001-10-12,0.046799999999999994
2001-10-15,0.0462
2001-10-16,0.045899999999999996
2001-10-17,0.045899999999999996
2001-10-18,0.0458
2001-10-19,0.0463
2001-10-22,0.0463
2001-10-23,0.0466
2001-10-24,0.0461
2001-10-25,0.045599999999999995
2001-10-26,0.0453
2001-10-29,0.045
2001-10-30,0.0444
2001-10-31,0.043
2001-11-01,0.0424
2001-11-02,0.0437
2001-11-05,0.0431
2001-11-06,0.043
2001-11-07,0.042199999999999994
2001-11-08,0.0432
2001-11-09,0.0434
2001-11-13,0.0441
2001-11-14,0.0454
2001-11-15,0.0479
2001-11-16,0.049100000000000005
2001-11-19,0.048
2001-11-20,0.048799999999999996
2001-11-21,0.049800000000000004
2001-11-23,0.0504
2001-11-26,0.050499999999999996
2001-11-27,0.049800000000000004
2001-11-28,0.049800000000000004
2001-11-29,0.0479
2001-11-30,0.0478
2001-12-03,0.0475
2001-12-04,0.047
2001-12-05,0.0492
2001-12-06,0.0504
2001-12-07,0.052000000000000005
2001-12-10,0.051699999999999996
2001-12-11,0.0513
2001-12-12,0.050199999999999995
2001-12-13,0.0513
2001-12-14,0.0524
2001-12-17,0.0526
2001-12-18,0.0516
2001-12-19,0.0508
2001-12-20,0.0508
2001-12-21,0.0512
2001-12-24,0.0518
2001-12-26,0.052199999999999996
2001-12-27,0.0513
2001-12-28,0.051500000000000004
2001-12-31,0.0507
2002-01-02,0.052000000000000005
2002-01-03,0.0516
2002-01-04,0.0518
2002-01-07,0.0509
2002-01-08,0.051
2002-01-09,0.051
2002-01-10,0.05
2002-01-11,0.0492
2002-01-14,0.049100000000000005
2002-01-15,0.048799999999999996
2002-01-16,0.048799999999999996
2002-01-17,0.049800000000000004
2002-01-18,0.049400000000000006
2002-01-22,0.0496
2002-01-23,0.050499999999999996
2002-01-24,0.0507
2002-01-25,0.051
2002-01-28,0.0512
2002-01-29,0.050199999999999995
2002-01-30,0.050199999999999995
2002-01-31,0.0507
2002-02-01,0.050199999999999995
2002-02-04,0.049400000000000006
2002-02-05,0.0492
2002-02-06,0.0492
2002-02-07,0.0493
2002-02-08,0.049
2002-02-11,0.049100000000000005
2002-02-12,0.049699999999999994
2002-02-13,0.0501
2002-02-14,0.0495
2002-02-15,0.048600000000000004
2002-02-19,0.048799999999999996
2002-02-20,0.048799999999999996
2002-02-21,0.048799999999999996
2002-02-22,0.0484
2002-02-25,0.048600000000000004
2002-02-26,0.0493
2002-02-27,0.0484
2002-02-28,0.048799999999999996
2002-03-01,0.049800000000000004
2002-03-04,0.050199999999999995
2002-03-05,0.050199999999999995
2002-03-06,0.0506
2002-03-07,0.052199999999999996
2002-03-08,0.0533
2002-03-11,0.0533
2002-03-12,0.053200000000000004
2002-03-13,0.0528
2002-03-14,0.054000000000000006
2002-03-15,0.0535
2002-03-18,0.053200000000000004
2002-03-19,0.0533
2002-03-20,0.054000000000000006
2002-03-21,0.053899999999999997
2002-03-22,0.054000000000000006
2002-03-25,0.0541
2002-03-26,0.0535
2002-03-27,0.0535
2002-03-28,0.0542
2002-04-01,0.054400000000000004
2002-04-02,0.0536
2002-04-03,0.053
2002-04-04,0.0528
2002-04-05,0.052199999999999996
2002-04-08,0.0525
2002-04-09,0.052199999999999996
2002-04-10,0.0524
2002-04-11,0.052199999999999996
2002-04-12,0.0518
2002-04-15,0.051500000000000004
2002-04-16,0.052000000000000005
2002-04-17,0.0524
2002-04-18,0.052300000000000006
2002-04-19,0.0521
2002-04-22,0.0519
2002-04-23,0.0518
2002-04-24,0.051100000000000007
2002-04-25,0.051
2002-04-26,0.0508
2002-04-29,0.0513
2002-04-30,0.051100000000000007
2002-05-01,0.0508
2002-05-02,0.0513
2002-05-03,0.0508
2002-05-06,0.051
2002-05-07,0.0509
2002-05-08,0.0524
2002-05-09,0.052000000000000005
2002-05-10,0.051500000000000004
2002-05-13,0.052300000000000006
2002-05-14,0.053200000000000004
2002-05-15,0.0528
2002-05-16,0.052000000000000005
2002-05-17,0.0527
2002-05-20,0.0521
2002-05-21,0.0518
2002-05-22,0.0513
2002-05-23,0.0516
2002-05-24,0.0516
2002-05-28,0.0516
2002-05-29,0.051100000000000007
2002-05-30,0.0506
2002-05-31,0.0508
2002-06-03,0.0506
2002-06-04,0.0504
2002-06-05,0.0508
2002-06-06,0.0504
2002-06-07,0.051
2002-06-10,0.0507
2002-06-11,0.050199999999999995
2002-06-12,0.049800000000000004
2002-06-13,0.049400000000000006
2002-06-14,0.0483
2002-06-17,0.0489
2002-06-18,0.048799999999999996
2002-06-19,0.047599999999999996
2002-06-20,0.048499999999999995
2002-06-21,0.0479
2002-06-24,0.0487
2002-06-25,0.048799999999999996
2002-06-26,0.0475
2002-06-27,0.0484
2002-06-28,0.048600000000000004
2002-07-01,0.048499999999999995
2002-07-02,0.04769999999999999
2002-07-03,0.0478
2002-07-05,0.049
2002-07-08,0.0484
2002-07-09,0.0478
2002-07-10,0.0466
2002-07-11,0.0466
2002-07-12,0.0463
2002-07-15,0.0466
2002-07-16,0.0475
2002-07-17,0.0471
2002-07-18,0.0466
2002-07-19,0.0461
2002-07-22,0.0451
2002-07-23,0.0447
2002-07-24,0.0449
2002-07-25,0.0443
2002-07-26,0.0443
2002-07-29,0.0462
2002-07-30,0.04650000000000001
2002-07-31,0.0451
2002-08-01,0.0447
2002-08-02,0.0433
2002-08-05,0.0429
2002-08-06,0.044199999999999996
2002-08-07,0.0435
2002-08-08,0.044000000000000004
2002-08-09,0.042699999999999995
2002-08-12,0.042199999999999994
2002-08-13,0.0412
2002-08-14,0.0406
2002-08-15,0.0417
2002-08-16,0.0432
2002-08-19,0.0429
2002-08-20,0.0417
2002-08-21,0.042
2002-08-22,0.043
2002-08-23,0.0425
2002-08-26,0.042199999999999994
2002-08-27,0.0429
2002-08-28,0.042199999999999994
2002-08-29,0.0416
2002-08-30,0.0414
2002-09-03,0.0398
2002-09-04,0.039599999999999996
2002-09-05,0.0391
2002-09-06,0.0405
2002-09-09,0.0405
2002-09-10,0.04
2002-09-11,0.0407
2002-09-12,0.0398
2002-09-13,0.0392
2002-09-16,0.039
2002-09-17,0.0387
2002-09-18,0.038599999999999995
2002-09-19,0.0379
2002-09-20,0.0379
2002-09-23,0.037000000000000005
2002-09-24,0.0369
2002-09-25,0.0377
2002-09-26,0.0379
2002-09-27,0.0369
2002-09-30,0.0363
2002-10-01,0.037200000000000004
2002-10-02,0.0371
2002-10-03,0.037000000000000005
2002-10-04,0.0369
2002-10-07,0.0364
2002-10-08,0.0365
2002-10-09,0.0361
2002-10-10,0.0368
2002-10-11,0.0383
2002-10-15,0.0407
2002-10-16,0.0406
2002-10-17,0.0416
2002-10-18,0.0414
2002-10-21,0.0424
2002-10-22,0.042699999999999995
2002-10-23,0.0426
2002-10-24,0.0416
2002-10-25,0.0412
2002-10-28,0.040999999999999995
2002-10-29,0.0397
2002-10-30,0.039900000000000005
2002-10-31,0.0393
2002-11-01,0.0401
2002-11-04,0.0407
2002-11-05,0.040999999999999995
2002-11-06,0.0409
2002-11-07,0.0388
2002-11-08,0.0385
2002-11-12,0.0384
2002-11-13,0.0384
2002-11-14,0.0403
2002-11-15,0.0405
2002-11-18,0.04019999999999999
2002-11-19,0.039900000000000005
2002-11-20,0.0408
2002-11-21,0.0414
2002-11-22,0.0418
2002-11-25,0.04190000000000001
2002-11-26,0.0408
2002-11-27,0.0426
2002-11-29,0.042199999999999994
2002-12-02,0.042199999999999994
2002-12-03,0.0424
2002-12-04,0.0418
2002-12-05,0.041299999999999996
2002-12-06,0.0409
2002-12-09,0.0406
2002-12-10,0.0406
2002-12-11,0.0401
2002-12-12,0.0401
2002-12-13,0.0407
2002-12-16,0.0415
2002-12-17,0.041299999999999996
2002-12-18,0.0406
2002-12-19,0.039599999999999996
2002-12-20,0.0397
2002-12-23,0.0398
2002-12-24,0.0395
2002-12-26,0.0393
2002-12-27,0.0383
2002-12-30,0.0382
2002-12-31,0.0383
2003-01-02,0.0407
2003-01-03,0.0405
2003-01-06,0.0409
2003-01-07,0.0404
2003-01-08,0.04
2003-01-09,0.04190000000000001
2003-01-10,0.0416
2003-01-13,0.0415
2003-01-14,0.040999999999999995
2003-01-15,0.040999999999999995
2003-01-16,0.040999999999999995
2003-01-17,0.0405
2003-01-21,0.0401
2003-01-22,0.0395
2003-01-23,0.0398
2003-01-24,0.0394
2003-01-27,0.0398
2003-01-28,0.04
2003-01-29,0.0406
2003-01-30,0.04
2003-01-31,0.04
2003-02-03,0.0401
2003-02-04,0.039599999999999996
2003-02-05,0.04019999999999999
2003-02-06,0.0397
2003-02-07,0.039599999999999996
2003-02-10,0.039900000000000005
2003-02-11,0.0398
2003-02-12,0.0393
2003-02-13,0.038900000000000004
2003-02-14,0.0395
2003-02-18,0.0394
2003-02-19,0.0388
2003-02-20,0.0385
2003-02-21,0.039
2003-02-24,0.038599999999999995
2003-02-25,0.0381
2003-02-26,0.0378
2003-02-27,0.037599999999999995
2003-02-28,0.0371
2003-03-03,0.0368
2003-03-04,0.0365
2003-03-05,0.0363
2003-03-06,0.036699999999999997
2003-03-07,0.0363
2003-03-10,0.0359
2003-03-11,0.036000000000000004
2003-03-12,0.036000000000000004
2003-03-13,0.0374
2003-03-14,0.037200000000000004
2003-03-17,0.0382
2003-03-18,0.0391
2003-03-19,0.0398
2003-03-20,0.0401
2003-03-21,0.041100000000000005
2003-03-24,0.0398
2003-03-25,0.0397
2003-03-26,0.039599999999999996
2003-03-27,0.0395
2003-03-28,0.0392
2003-03-31,0.0383
2003-04-01,0.0384
2003-04-02,0.0394
2003-04-03,0.0393
2003-04-04,0.039599999999999996
2003-04-07,0.0403
2003-04-08,0.0395
2003-04-09,0.0393
2003-04-10,0.0395
2003-04-11,0.04
2003-04-14,0.0404
2003-04-15,0.0398
2003-04-16,0.039599999999999996
2003-04-17,0.0398
2003-04-21,0.04
2003-04-22,0.0401
2003-04-23,0.04019999999999999
2003-04-24,0.0393
2003-04-25,0.0391
2003-04-28,0.0392
2003-04-29,0.039599999999999996
2003-04-30,0.038900000000000004
2003-05-01,0.0388
2003-05-02,0.0394
2003-05-05,0.0392
2003-05-06,0.0384
2003-05-07,0.037200000000000004
2003-05-08,0.037000000000000005
2003-05-09,0.0369
2003-05-12,0.0364
2003-05-13,0.0363
2003-05-14,0.0353
2003-05-15,0.0353
2003-05-16,0.0346
2003-05-19,0.0346
2003-05-20,0.0338
2003-05-21,0.0339
2003-05-22,0.0334
2003-05-23,0.0334
2003-05-27,0.0341
2003-05-28,0.0344
2003-05-29,0.0334
2003-05-30,0.0337
2003-06-02,0.034300000000000004
2003-06-03,0.0334
2003-06-04,0.033
2003-06-05,0.0334
2003-06-06,0.0337
2003-06-09,0.0329
2003-06-10,0.032
2003-06-11,0.0321
2003-06-12,0.0318
2003-06-13,0.0313
2003-06-16,0.0318
2003-06-17,0.0327
2003-06-18,0.0337
2003-06-19,0.0335
2003-06-20,0.034
2003-06-23,0.0332
2003-06-24,0.0329
2003-06-25,0.0338
2003-06-26,0.0355
2003-06-27,0.0358
2003-06-30,0.0354
2003-07-01,0.0356
2003-07-02,0.0356
2003-07-03,0.036699999999999997
2003-07-07,0.0374
2003-07-08,0.0375
2003-07-09,0.0373
2003-07-10,0.037000000000000005
2003-07-11,0.0366
2003-07-14,0.0374
2003-07-15,0.0394
2003-07-16,0.0397
2003-07-17,0.0398
2003-07-18,0.04
2003-07-21,0.04190000000000001
2003-07-22,0.0417
2003-07-23,0.0412
2003-07-24,0.042
2003-07-25,0.042199999999999994
2003-07-28,0.0431
2003-07-29,0.044199999999999996
2003-07-30,0.0434
2003-07-31,0.0449
2003-08-01,0.0444
2003-08-04,0.0435
2003-08-05,0.0447
2003-08-06,0.0432
2003-08-07,0.043
2003-08-08,0.042699999999999995
2003-08-11,0.0438
2003-08-12,0.0437
2003-08-13,0.0458
2003-08-14,0.0455
2003-08-15,0.0455
2003-08-18,0.0449
2003-08-19,0.0438
2003-08-20,0.044500000000000005
2003-08-21,0.0453
2003-08-22,0.044800000000000006
2003-08-25,0.0453
2003-08-26,0.045
2003-08-27,0.0454
2003-08-28,0.044199999999999996
2003-08-29,0.044500000000000005
2003-09-02,0.0461
2003-09-03,0.046
2003-09-04,0.0452
2003-09-05,0.0435
2003-09-08,0.0441
2003-09-09,0.0437
2003-09-10,0.042800000000000005
2003-09-11,0.0435
2003-09-12,0.042699999999999995
2003-09-15,0.042800000000000005
2003-09-16,0.0429
2003-09-17,0.042
2003-09-18,0.04190000000000001
2003-09-19,0.0417
2003-09-22,0.0426
2003-09-23,0.0424
2003-09-24,0.0416
2003-09-25,0.0412
2003-09-26,0.0404
2003-09-29,0.0409
2003-09-30,0.039599999999999996
2003-10-01,0.039599999999999996
2003-10-02,0.0403
2003-10-03,0.0421
2003-10-06,0.0417
2003-10-07,0.042699999999999995
2003-10-08,0.042699999999999995
2003-10-09,0.0432
2003-10-10,0.0429
2003-10-14,0.0437
2003-10-15,0.0443
2003-10-16,0.0447
2003-10-17,0.0441
2003-10-20,0.0441
2003-10-21,0.0438
2003-10-22,0.0429
2003-10-23,0.0434
2003-10-24,0.0424
2003-10-27,0.043
2003-10-28,0.042300000000000004
2003-10-29,0.0431
2003-10-30,0.0436
2003-10-31,0.0433
2003-11-03,0.044000000000000004
2003-11-04,0.0433
2003-11-05,0.0438
2003-11-06,0.044500000000000005
2003-11-07,0.044800000000000006
2003-11-10,0.0449
2003-11-12,0.0444
2003-11-13,0.043
2003-11-14,0.042199999999999994
2003-11-17,0.0418
2003-11-18,0.0417
2003-11-19,0.0424
2003-11-20,0.0416
2003-11-21,0.0415
2003-11-24,0.042300000000000004
2003-11-25,0.04190000000000001
2003-11-26,0.0425
2003-11-28,0.0434
2003-12-01,0.044000000000000004
2003-12-02,0.0438
2003-12-03,0.0441
2003-12-04,0.0438
2003-12-05,0.042300000000000004
2003-12-08,0.0429
2003-12-09,0.0432
2003-12-10,0.043
2003-12-11,0.042699999999999995
2003-12-12,0.0426
2003-12-15,0.042800000000000005
2003-12-16,0.0424
2003-12-17,0.04190000000000001
2003-12-18,0.0416
2003-12-19,0.0415
2003-12-22,0.0418
2003-12-23,0.042800000000000005
2003-12-24,0.042
2003-12-26,0.0417
2003-12-29,0.0424
2003-12-30,0.0429
2003-12-31,0.042699999999999995
2004-01-02,0.0438
2004-01-05,0.0441
2004-01-06,0.0429
2004-01-07,0.042699999999999995
2004-01-08,0.042699999999999995
2004-01-09,0.041100000000000005
2004-01-12,0.041100000000000005
2004-01-13,0.0405
2004-01-14,0.0401
2004-01-15,0.039900000000000005
2004-01-16,0.0404
2004-01-20,0.0408
2004-01-21,0.0405
2004-01-22,0.039900000000000005
2004-01-23,0.0409
2004-01-26,0.0416
2004-01-27,0.041100000000000005
2004-01-28,0.042199999999999994
2004-01-29,0.042199999999999994
2004-01-30,0.0416
2004-02-02,0.0418
2004-02-03,0.041299999999999996
2004-02-04,0.0415
2004-02-05,0.042
2004-02-06,0.0412
2004-02-09,0.0409
2004-02-10,0.041299999999999996
2004-02-11,0.0405
2004-02-12,0.040999999999999995
2004-02-13,0.0405
2004-02-17,0.0405
2004-02-18,0.0405
2004-02-19,0.0405
2004-02-20,0.040999999999999995
2004-02-23,0.0405
2004-02-24,0.0404
2004-02-25,0.04019999999999999
2004-02-26,0.0405
2004-02-27,0.039900000000000005
2004-03-01,0.04
2004-03-02,0.0405
2004-03-03,0.0407
2004-03-04,0.0404
2004-03-05,0.0385
2004-03-08,0.0378
2004-03-09,0.0373
2004-03-10,0.0374
2004-03-11,0.0374
2004-03-12,0.0378
2004-03-15,0.0378
2004-03-16,0.037000000000000005
2004-03-17,0.0371
2004-03-18,0.037599999999999995
2004-03-19,0.038
2004-03-22,0.0374
2004-03-23,0.0373
2004-03-24,0.0373
2004-03-25,0.0375
2004-03-26,0.0385
2004-03-29,0.0391
2004-03-30,0.0391
2004-03-31,0.038599999999999995
2004-04-01,0.0391
2004-04-02,0.0415
2004-04-05,0.0424
2004-04-06,0.04190000000000001
2004-04-07,0.04190000000000001
2004-04-08,0.0421
2004-04-12,0.0425
2004-04-13,0.0435
2004-04-14,0.044000000000000004
2004-04-15,0.044199999999999996
2004-04-16,0.0437
2004-04-19,0.043899999999999995
2004-04-20,0.0443
2004-04-21,0.044500000000000005
2004-04-22,0.044000000000000004
2004-04-23,0.044800000000000006
2004-04-26,0.0446
2004-04-27,0.0443
2004-04-28,0.045
2004-04-29,0.0455
2004-04-30,0.0453
2004-05-03,0.0453
2004-05-04,0.045599999999999995
2004-05-05,0.0461
2004-05-06,0.0463
2004-05-07,0.0479
2004-05-10,0.0481
2004-05-11,0.0479
2004-05-12,0.0483
2004-05-13,0.048499999999999995
2004-05-14,0.0479
2004-05-17,0.047
2004-05-18,0.047400000000000005
2004-05-19,0.0479
2004-05-20,0.0472
2004-05-21,0.047599999999999996
2004-05-24,0.0475
2004-05-25,0.0473
2004-05-26,0.0467
2004-05-27,0.046
2004-05-28,0.0466
2004-06-01,0.0471
2004-06-02,0.047400000000000005
2004-06-03,0.0471
2004-06-04,0.0478
2004-06-07,0.0478
2004-06-08,0.0478
2004-06-09,0.0482
2004-06-10,0.0481
2004-06-14,0.0489
2004-06-15,0.046900000000000004
2004-06-16,0.047400000000000005
2004-06-17,0.0471
2004-06-18,0.0472
2004-06-21,0.047
2004-06-22,0.0472
2004-06-23,0.0471
2004-06-24,0.0466
2004-06-25,0.0466
2004-06-28,0.047599999999999996
2004-06-29,0.047
2004-06-30,0.0462
2004-07-01,0.045700000000000005
2004-07-02,0.044800000000000006
2004-07-06,0.0449
2004-07-07,0.045
2004-07-08,0.0449
2004-07-09,0.0449
2004-07-12,0.0446
2004-07-13,0.045
2004-07-14,0.045
2004-07-15,0.045
2004-07-16,0.0438
2004-07-19,0.0438
2004-07-20,0.0447
2004-07-21,0.045
2004-07-22,0.044800000000000006
2004-07-23,0.044500000000000005
2004-07-26,0.0449
2004-07-27,0.0462
2004-07-28,0.0461
2004-07-29,0.046
2004-07-30,0.045
2004-08-02,0.044800000000000006
2004-08-03,0.044500000000000005
2004-08-04,0.044500000000000005
2004-08-05,0.0443
2004-08-06,0.0424
2004-08-09,0.042800000000000005
2004-08-10,0.0432
2004-08-11,0.043
2004-08-12,0.042699999999999995
2004-08-13,0.042199999999999994
2004-08-16,0.0426
2004-08-17,0.0421
2004-08-18,0.042300000000000004
2004-08-19,0.042199999999999994
2004-08-20,0.0424
2004-08-23,0.042800000000000005
2004-08-24,0.042800000000000005
2004-08-25,0.0426
2004-08-26,0.042199999999999994
2004-08-27,0.042300000000000004
2004-08-30,0.04190000000000001
2004-08-31,0.041299999999999996
2004-09-01,0.041299999999999996
2004-09-02,0.042
2004-09-03,0.043
2004-09-07,0.0426
2004-09-08,0.0418
2004-09-09,0.042199999999999994
2004-09-10,0.04190000000000001
2004-09-13,0.0416
2004-09-14,0.0415
2004-09-15,0.0418
2004-09-16,0.0408
2004-09-17,0.0414
2004-09-20,0.0407
2004-09-21,0.0405
2004-09-22,0.04
2004-09-23,0.04019999999999999
2004-09-24,0.0404
2004-09-27,0.0401
2004-09-28,0.04019999999999999
2004-09-29,0.040999999999999995
2004-09-30,0.0414
2004-10-01,0.0421
2004-10-04,0.04190000000000001
2004-10-05,0.0418
2004-10-06,0.042300000000000004
2004-10-07,0.0426
2004-10-08,0.0415
2004-10-12,0.0412
2004-10-13,0.0409
2004-10-14,0.0403
2004-10-15,0.0407
2004-10-18,0.0407
2004-10-19,0.0407
2004-10-20,0.0401
2004-10-21,0.0401
2004-10-22,0.04
2004-10-25,0.039900000000000005
2004-10-26,0.0401
2004-10-27,0.041100000000000005
2004-10-28,0.0409
2004-10-29,0.0405
2004-11-01,0.041100000000000005
2004-11-02,0.040999999999999995
2004-11-03,0.0409
2004-11-04,0.040999999999999995
2004-11-05,0.0421
2004-11-08,0.042199999999999994
2004-11-09,0.042199999999999994
2004-11-10,0.0425
2004-11-12,0.042
2004-11-15,0.042
2004-11-16,0.0421
2004-11-17,0.0414
2004-11-18,0.0412
2004-11-19,0.042
2004-11-22,0.0418
2004-11-23,0.04190000000000001
2004-11-24,0.042
2004-11-26,0.0424
2004-11-29,0.0434
2004-11-30,0.0436
2004-12-01,0.0438
2004-12-02,0.044000000000000004
2004-12-03,0.042699999999999995
2004-12-06,0.0424
2004-12-07,0.042300000000000004
2004-12-08,0.0414
2004-12-09,0.04190000000000001
2004-12-10,0.0416
2004-12-13,0.0416
2004-12-14,0.0414
2004-12-15,0.0409
2004-12-16,0.04190000000000001
2004-12-17,0.0421
2004-12-20,0.0421
2004-12-21,0.0418
2004-12-22,0.0421
2004-12-23,0.042300000000000004
2004-12-27,0.043
2004-12-28,0.0431
2004-12-29,0.0433
2004-12-30,0.042699999999999995
2004-12-31,0.0424
2005-01-03,0.042300000000000004
2005-01-04,0.0429
2005-01-05,0.0429
2005-01-06,0.0429
2005-01-07,0.0429
2005-01-10,0.0429
2005-01-11,0.0426
2005-01-12,0.0425
2005-01-13,0.042
2005-01-14,0.042300000000000004
2005-01-18,0.0421
2005-01-19,0.042
2005-01-20,0.0417
2005-01-21,0.0416
2005-01-24,0.0414
2005-01-25,0.042
2005-01-26,0.0421
2005-01-27,0.042199999999999994
2005-01-28,0.0416
2005-01-31,0.0414
2005-02-01,0.0415
2005-02-02,0.0415
2005-02-03,0.0418
2005-02-04,0.0409
2005-02-07,0.0407
2005-02-08,0.0405
2005-02-09,0.04
2005-02-10,0.0407
2005-02-11,0.040999999999999995
2005-02-14,0.0408
2005-02-15,0.040999999999999995
2005-02-16,0.0416
2005-02-17,0.04190000000000001
2005-02-18,0.042699999999999995
2005-02-22,0.0429
2005-02-23,0.042699999999999995
2005-02-24,0.0429
2005-02-25,0.042699999999999995
2005-02-28,0.0436
2005-03-01,0.0438
2005-03-02,0.0438
2005-03-03,0.043899999999999995
2005-03-04,0.0432
2005-03-07,0.0431
2005-03-08,0.0438
2005-03-09,0.0452
2005-03-10,0.044800000000000006
2005-03-11,0.045599999999999995
2005-03-14,0.0452
2005-03-15,0.0454
2005-03-16,0.0452
2005-03-17,0.0447
2005-03-18,0.0451
2005-03-21,0.0453
2005-03-22,0.0463
2005-03-23,0.0461
2005-03-24,0.046
2005-03-28,0.0464
2005-03-29,0.046
2005-03-30,0.045599999999999995
2005-03-31,0.045
2005-04-01,0.0446
2005-04-04,0.0447
2005-04-05,0.044800000000000006
2005-04-06,0.0444
2005-04-07,0.0449
2005-04-08,0.045
2005-04-11,0.044500000000000005
2005-04-12,0.0438
2005-04-13,0.0438
2005-04-14,0.0437
2005-04-15,0.042699999999999995
2005-04-18,0.042699999999999995
2005-04-19,0.0421
2005-04-20,0.042199999999999994
2005-04-21,0.0432
2005-04-22,0.0426
2005-04-25,0.0426
2005-04-26,0.042800000000000005
2005-04-27,0.0425
2005-04-28,0.04190000000000001
2005-04-29,0.0421
2005-05-02,0.0421
2005-05-03,0.0421
2005-05-04,0.042
2005-05-05,0.04190000000000001
2005-05-06,0.042800000000000005
2005-05-09,0.0429
2005-05-10,0.042300000000000004
2005-05-11,0.0421
2005-05-12,0.0418
2005-05-13,0.0412
2005-05-16,0.041299999999999996
2005-05-17,0.0412
2005-05-18,0.0407
2005-05-19,0.041100000000000005
2005-05-20,0.041299999999999996
2005-05-23,0.0407
2005-05-24,0.0404
2005-05-25,0.0408
2005-05-26,0.0408
2005-05-27,0.0408
2005-05-31,0.04
2005-06-01,0.0391
2005-06-02,0.038900000000000004
2005-06-03,0.0398
2005-06-06,0.039599999999999996
2005-06-07,0.0392
2005-06-08,0.0395
2005-06-09,0.0398
2005-06-10,0.0405
2005-06-13,0.0409
2005-06-14,0.041299999999999996
2005-06-15,0.0412
2005-06-16,0.0409
2005-06-17,0.0409
2005-06-20,0.041100000000000005
2005-06-21,0.0406
2005-06-22,0.0395
2005-06-23,0.039599999999999996
2005-06-24,0.0392
2005-06-27,0.039
2005-06-28,0.0397
2005-06-29,0.039900000000000005
2005-06-30,0.0394
2005-07-01,0.0406
2005-07-05,0.041100000000000005
2005-07-06,0.0408
2005-07-07,0.0405
2005-07-08,0.041100000000000005
2005-07-11,0.041100000000000005
2005-07-12,0.0415
2005-07-13,0.0417
2005-07-14,0.04190000000000001
2005-07-15,0.0418
2005-07-18,0.042199999999999994
2005-07-19,0.042
2005-07-20,0.0417
2005-07-21,0.042800000000000005
2005-07-22,0.042300000000000004
2005-07-25,0.0425
2005-07-26,0.0424
2005-07-27,0.042699999999999995
2005-07-28,0.042
2005-07-29,0.042800000000000005
2005-08-01,0.0432
2005-08-02,0.0434
2005-08-03,0.043
2005-08-04,0.0432
2005-08-05,0.044000000000000004
2005-08-08,0.044199999999999996
2005-08-09,0.0441
2005-08-10,0.044000000000000004
2005-08-11,0.0432
2005-08-12,0.0424
2005-08-15,0.042699999999999995
2005-08-16,0.042300000000000004
2005-08-17,0.042800000000000005
2005-08-18,0.0421
2005-08-19,0.0421
2005-08-22,0.042199999999999994
2005-08-23,0.042
2005-08-24,0.04190000000000001
2005-08-25,0.0418
2005-08-26,0.042
2005-08-29,0.042
2005-08-30,0.0416
2005-08-31,0.04019999999999999
2005-09-01,0.04019999999999999
2005-09-02,0.0403
2005-09-06,0.0409
2005-09-07,0.0415
2005-09-08,0.0415
2005-09-09,0.0414
2005-09-12,0.0418
2005-09-13,0.0414
2005-09-14,0.0417
2005-09-15,0.042199999999999994
2005-09-16,0.0426
2005-09-19,0.0425
2005-09-20,0.0426
2005-09-21,0.04190000000000001
2005-09-22,0.04190000000000001
2005-09-23,0.0425
2005-09-26,0.043
2005-09-27,0.043
2005-09-28,0.0426
2005-09-29,0.0429
2005-09-30,0.0434
2005-10-03,0.043899999999999995
2005-10-04,0.0438
2005-10-05,0.0436
2005-10-06,0.0437
2005-10-07,0.0435
2005-10-11,0.043899999999999995
2005-10-12,0.044500000000000005
2005-10-13,0.044800000000000006
2005-10-14,0.044800000000000006
2005-10-17,0.045
2005-10-18,0.0449
2005-10-19,0.0447
2005-10-20,0.0446
2005-10-21,0.043899999999999995
2005-10-24,0.044500000000000005
2005-10-25,0.0454
2005-10-26,0.046
2005-10-27,0.045700000000000005
2005-10-28,0.0458
2005-10-31,0.045700000000000005
2005-11-01,0.0458
2005-11-02,0.0461
2005-11-03,0.04650000000000001
2005-11-04,0.0466
2005-11-07,0.04650000000000001
2005-11-08,0.045700000000000005
2005-11-09,0.0464
2005-11-10,0.0455
2005-11-14,0.0461
2005-11-15,0.045599999999999995
2005-11-16,0.0449
2005-11-17,0.0446
2005-11-18,0.045
2005-11-21,0.0446
2005-11-22,0.0443
2005-11-23,0.0447
2005-11-25,0.0443
2005-11-28,0.0441
2005-11-29,0.044800000000000006
2005-11-30,0.0449
2005-12-01,0.0452
2005-12-02,0.0452
2005-12-05,0.045700000000000005
2005-12-06,0.0449
2005-12-07,0.0452
2005-12-08,0.0447
2005-12-09,0.0454
2005-12-12,0.045599999999999995
2005-12-13,0.0454
2005-12-14,0.044500000000000005
2005-12-15,0.0447
2005-12-16,0.044500000000000005
2005-12-19,0.044500000000000005
2005-12-20,0.0447
2005-12-21,0.0449
2005-12-22,0.0444
2005-12-23,0.0438
2005-12-27,0.0434
2005-12-28,0.0438
2005-12-29,0.0437
2005-12-30,0.043899999999999995
2006-01-03,0.0437
2006-01-04,0.0436
2006-01-05,0.0436
2006-01-06,0.0438
2006-01-09,0.0438
2006-01-10,0.0443
2006-01-11,0.0446
2006-01-12,0.044199999999999996
2006-01-13,0.0436
2006-01-17,0.0434
2006-01-18,0.0434
2006-01-19,0.0438
2006-01-20,0.0437
2006-01-23,0.0436
2006-01-24,0.044000000000000004
2006-01-25,0.0449
2006-01-26,0.0453
2006-01-27,0.0452
2006-01-30,0.0454
2006-01-31,0.0453
2006-02-01,0.045700000000000005
2006-02-02,0.045700000000000005
2006-02-03,0.0454
2006-02-06,0.0455
2006-02-07,0.045700000000000005
2006-02-08,0.045599999999999995
2006-02-09,0.0454
2006-02-10,0.045899999999999996
2006-02-13,0.0458
2006-02-14,0.0462
2006-02-15,0.0461
2006-02-16,0.045899999999999996
2006-02-17,0.0454
2006-02-21,0.045700000000000005
2006-02-22,0.0453
2006-02-23,0.045599999999999995
2006-02-24,0.0458
2006-02-27,0.045899999999999996
2006-02-28,0.0455
2006-03-01,0.045899999999999996
2006-03-02,0.0464
2006-03-03,0.046799999999999994
2006-03-06,0.047400000000000005
2006-03-07,0.047400000000000005
2006-03-08,0.0473
2006-03-09,0.047400000000000005
2006-03-10,0.047599999999999996
2006-03-13,0.04769999999999999
2006-03-14,0.0471
2006-03-15,0.0473
2006-03-16,0.04650000000000001
2006-03-17,0.046799999999999994
2006-03-20,0.0466
2006-03-21,0.0471
2006-03-22,0.047
2006-03-23,0.0473
2006-03-24,0.0467
2006-03-27,0.047
2006-03-28,0.0479
2006-03-29,0.0481
2006-03-30,0.048600000000000004
2006-03-31,0.048600000000000004
2006-04-03,0.048799999999999996
2006-04-04,0.0487
2006-04-05,0.0484
2006-04-06,0.049
2006-04-07,0.049699999999999994
2006-04-10,0.049699999999999994
2006-04-11,0.0493
2006-04-12,0.049800000000000004
2006-04-13,0.050499999999999996
2006-04-17,0.0501
2006-04-18,0.0499
2006-04-19,0.0504
2006-04-20,0.0504
2006-04-21,0.0501
2006-04-24,0.0499
2006-04-25,0.0507
2006-04-26,0.0512
2006-04-27,0.0509
2006-04-28,0.0507
2006-05-01,0.051399999999999994
2006-05-02,0.0512
2006-05-03,0.051500000000000004
2006-05-04,0.0516
2006-05-05,0.0512
2006-05-08,0.0512
2006-05-09,0.0513
2006-05-10,0.0513
2006-05-11,0.051399999999999994
2006-05-12,0.0519
2006-05-15,0.051500000000000004
2006-05-16,0.051
2006-05-17,0.0516
2006-05-18,0.0508
2006-05-19,0.050499999999999996
2006-05-22,0.0504
2006-05-23,0.0507
2006-05-24,0.050300000000000004
2006-05-25,0.0507
2006-05-26,0.0506
2006-05-30,0.0509
2006-05-31,0.0512
2006-06-01,0.051100000000000007
2006-06-02,0.05
2006-06-05,0.050199999999999995
2006-06-06,0.0501
2006-06-07,0.050199999999999995
2006-06-08,0.05
2006-06-09,0.049800000000000004
2006-06-12,0.0499
2006-06-13,0.049699999999999994
2006-06-14,0.050499999999999996
2006-06-15,0.051
2006-06-16,0.0513
2006-06-19,0.051399999999999994
2006-06-20,0.051500000000000004
2006-06-21,0.0516
2006-06-22,0.052000000000000005
2006-06-23,0.052300000000000006
2006-06-26,0.0525
2006-06-27,0.0521
2006-06-28,0.0525
2006-06-29,0.052199999999999996
2006-06-30,0.051500000000000004
2006-07-03,0.051500000000000004
2006-07-05,0.052300000000000006
2006-07-06,0.0519
2006-07-07,0.051399999999999994
2006-07-10,0.0513
2006-07-11,0.051
2006-07-12,0.051
2006-07-13,0.0508
2006-07-14,0.0507
2006-07-17,0.0507
2006-07-18,0.0513
2006-07-19,0.0506
2006-07-20,0.050300000000000004
2006-07-21,0.050499999999999996
2006-07-24,0.050499999999999996
2006-07-25,0.0507
2006-07-26,0.0504
2006-07-27,0.0507
2006-07-28,0.05
2006-07-31,0.0499
2006-08-01,0.0499
2006-08-02,0.0496
2006-08-03,0.0496
2006-08-04,0.049100000000000005
2006-08-07,0.0493
2006-08-08,0.0493
2006-08-09,0.0492
2006-08-10,0.0493
2006-08-11,0.049699999999999994
2006-08-14,0.05
2006-08-15,0.0493
2006-08-16,0.0487
2006-08-17,0.0487
2006-08-18,0.0484
2006-08-21,0.0482
2006-08-22,0.0482
2006-08-23,0.0482
2006-08-24,0.0481
2006-08-25,0.0479
2006-08-28,0.048
2006-08-29,0.0479
2006-08-30,0.047599999999999996
2006-08-31,0.047400000000000005
2006-09-01,0.0473
2006-09-05,0.0478
2006-09-06,0.048
2006-09-07,0.048
2006-09-08,0.0478
2006-09-11,0.048
2006-09-12,0.0478
2006-09-13,0.04769999999999999
2006-09-14,0.0479
2006-09-15,0.048
2006-09-18,0.0481
2006-09-19,0.047400000000000005
2006-09-20,0.0473
2006-09-21,0.04650000000000001
2006-09-22,0.046
2006-09-25,0.045599999999999995
2006-09-26,0.045899999999999996
2006-09-27,0.046
2006-09-28,0.0463
2006-09-29,0.0464
2006-10-02,0.0462
2006-10-03,0.0462
2006-10-04,0.045700000000000005
2006-10-05,0.0461
2006-10-06,0.047
2006-10-10,0.0475
2006-10-11,0.0478
2006-10-12,0.0479
2006-10-13,0.0481
2006-10-16,0.0479
2006-10-17,0.0478
2006-10-18,0.04769999999999999
2006-10-19,0.0479
2006-10-20,0.0479
2006-10-23,0.0483
2006-10-24,0.0483
2006-10-25,0.0478
2006-10-26,0.0473
2006-10-27,0.046799999999999994
2006-10-30,0.046799999999999994
2006-10-31,0.0461
2006-11-01,0.045700000000000005
2006-11-02,0.046
2006-11-03,0.0472
2006-11-06,0.0471
2006-11-07,0.0466
2006-11-08,0.0464
2006-11-09,0.0462
2006-11-10,0.045899999999999996
2006-11-13,0.0461
2006-11-14,0.045700000000000005
2006-11-15,0.0461
2006-11-16,0.0466
2006-11-17,0.0461
2006-11-20,0.046
2006-11-21,0.0458
2006-11-22,0.045700000000000005
2006-11-24,0.0455
2006-11-27,0.0454
2006-11-28,0.0451
2006-11-29,0.0452
2006-11-30,0.0446
2006-12-01,0.0443
2006-12-04,0.0443
2006-12-05,0.044500000000000005
2006-12-06,0.044800000000000006
2006-12-07,0.0449
2006-12-08,0.045599999999999995
2006-12-11,0.0452
2006-12-12,0.0449
2006-12-13,0.0458
2006-12-14,0.046
2006-12-15,0.046
2006-12-18,0.046
2006-12-19,0.046
2006-12-20,0.046
2006-12-21,0.0455
2006-12-22,0.0463
2006-12-26,0.0461
2006-12-27,0.0466
2006-12-28,0.047
2006-12-29,0.0471
2007-01-02,0.046799999999999994
2007-01-03,0.0467
2007-01-04,0.0462
2007-01-05,0.04650000000000001
2007-01-08,0.0466
2007-01-09,0.0466
2007-01-10,0.046900000000000004
2007-01-11,0.047400000000000005
2007-01-12,0.04769999999999999
2007-01-16,0.0475
2007-01-17,0.0479
2007-01-18,0.0475
2007-01-19,0.0478
2007-01-22,0.047599999999999996
2007-01-23,0.0481
2007-01-24,0.0481
2007-01-25,0.0487
2007-01-26,0.048799999999999996
2007-01-29,0.049
2007-01-30,0.048799999999999996
2007-01-31,0.0483
2007-02-01,0.0484
2007-02-02,0.0483
2007-02-05,0.0481
2007-02-06,0.04769999999999999
2007-02-07,0.047400000000000005
2007-02-08,0.0473
2007-02-09,0.0479
2007-02-12,0.048
2007-02-13,0.0482
2007-02-14,0.047400000000000005
2007-02-15,0.047
2007-02-16,0.046900000000000004
2007-02-20,0.046799999999999994
2007-02-21,0.046900000000000004
2007-02-22,0.0473
2007-02-23,0.046799999999999994
2007-02-26,0.0463
2007-02-27,0.045
2007-02-28,0.045599999999999995
2007-03-01,0.045599999999999995
2007-03-02,0.0452
2007-03-05,0.0451
2007-03-06,0.0453
2007-03-07,0.045
2007-03-08,0.0451
2007-03-09,0.045899999999999996
2007-03-12,0.045599999999999995
2007-03-13,0.045
2007-03-14,0.0453
2007-03-15,0.0454
2007-03-16,0.0455
2007-03-19,0.0458
2007-03-20,0.045599999999999995
2007-03-21,0.0453
2007-03-22,0.046
2007-03-23,0.0462
2007-03-26,0.046
2007-03-27,0.0462
2007-03-28,0.0462
2007-03-29,0.0464
2007-03-30,0.04650000000000001
2007-04-02,0.04650000000000001
2007-04-03,0.0467
2007-04-04,0.0466
2007-04-05,0.046799999999999994
2007-04-06,0.047599999999999996
2007-04-09,0.0475
2007-04-10,0.0473
2007-04-11,0.047400000000000005
2007-04-12,0.047400000000000005
2007-04-13,0.047599999999999996
2007-04-16,0.047400000000000005
2007-04-17,0.046900000000000004
2007-04-18,0.0466
2007-04-19,0.046799999999999994
2007-04-20,0.046799999999999994
2007-04-23,0.0466
2007-04-24,0.0463
2007-04-25,0.0466
2007-04-26,0.046900000000000004
2007-04-27,0.0471
2007-04-30,0.0463
2007-05-01,0.0464
2007-05-02,0.04650000000000001
2007-05-03,0.046799999999999994
2007-05-04,0.04650000000000001
2007-05-07,0.0464
2007-05-08,0.0463
2007-05-09,0.0467
2007-05-10,0.04650000000000001
2007-05-11,0.0467
2007-05-14,0.046900000000000004
2007-05-15,0.0471
2007-05-16,0.0471
2007-05-17,0.047599999999999996
2007-05-18,0.0481
2007-05-21,0.0479
2007-05-22,0.0483
2007-05-23,0.048600000000000004
2007-05-24,0.048600000000000004
2007-05-25,0.048600000000000004
2007-05-29,0.048799999999999996
2007-05-30,0.048799999999999996
2007-05-31,0.049
2007-06-01,0.0495
2007-06-04,0.0493
2007-06-05,0.049800000000000004
2007-06-06,0.049699999999999994
2007-06-07,0.051100000000000007
2007-06-08,0.0512
2007-06-11,0.051399999999999994
2007-06-12,0.0526
2007-06-13,0.052000000000000005
2007-06-14,0.052300000000000006
2007-06-15,0.0516
2007-06-18,0.051500000000000004
2007-06-19,0.0509
2007-06-20,0.051399999999999994
2007-06-21,0.0516
2007-06-22,0.051399999999999994
2007-06-25,0.0509
2007-06-26,0.051
2007-06-27,0.0509
2007-06-28,0.0512
2007-06-29,0.050300000000000004
2007-07-02,0.05
2007-07-03,0.050499999999999996
2007-07-05,0.0516
2007-07-06,0.0519
2007-07-09,0.0516
2007-07-10,0.050300000000000004
2007-07-11,0.0509
2007-07-12,0.0513
2007-07-13,0.051100000000000007
2007-07-16,0.050499999999999996
2007-07-17,0.0508
2007-07-18,0.050199999999999995
2007-07-19,0.0504
2007-07-20,0.0496
2007-07-23,0.049699999999999994
2007-07-24,0.049400000000000006
2007-07-25,0.0492
2007-07-26,0.0479
2007-07-27,0.048
2007-07-30,0.0482
2007-07-31,0.0478
2007-08-01,0.047599999999999996
2007-08-02,0.04769999999999999
2007-08-03,0.0471
2007-08-06,0.0472
2007-08-07,0.04769999999999999
2007-08-08,0.0484
2007-08-09,0.0479
2007-08-10,0.0481
2007-08-13,0.0478
2007-08-14,0.0473
2007-08-15,0.046900000000000004
2007-08-16,0.046
2007-08-17,0.046799999999999994
2007-08-20,0.0464
2007-08-21,0.046
2007-08-22,0.0463
2007-08-23,0.0462
2007-08-24,0.0463
2007-08-27,0.046
2007-08-28,0.0453
2007-08-29,0.045700000000000005
2007-08-30,0.0451
2007-08-31,0.0454
2007-09-04,0.045599999999999995
2007-09-05,0.044800000000000006
2007-09-06,0.0451
2007-09-07,0.0438
2007-09-10,0.0434
2007-09-11,0.0437
2007-09-12,0.0441
2007-09-13,0.0449
2007-09-14,0.0447
2007-09-17,0.044800000000000006
2007-09-18,0.045
2007-09-19,0.0453
2007-09-20,0.046900000000000004
2007-09-21,0.0464
2007-09-24,0.0463
2007-09-25,0.0463
2007-09-26,0.0463
2007-09-27,0.0458
2007-09-28,0.045899999999999996
2007-10-01,0.045599999999999995
2007-10-02,0.0454
2007-10-03,0.0455
2007-10-04,0.0454
2007-10-05,0.04650000000000001
2007-10-09,0.0467
2007-10-10,0.04650000000000001
2007-10-11,0.0466
2007-10-12,0.047
2007-10-15,0.046900000000000004
2007-10-16,0.0466
2007-10-17,0.045700000000000005
2007-10-18,0.0452
2007-10-19,0.0441
2007-10-22,0.044199999999999996
2007-10-23,0.0441
2007-10-24,0.0436
2007-10-25,0.0437
2007-10-26,0.0441
2007-10-29,0.043899999999999995
2007-10-30,0.044000000000000004
2007-10-31,0.044800000000000006
2007-11-01,0.0436
2007-11-02,0.0431
2007-11-05,0.0435
2007-11-06,0.0438
2007-11-07,0.0434
2007-11-08,0.042800000000000005
2007-11-09,0.042300000000000004
2007-11-13,0.0426
2007-11-14,0.042800000000000005
2007-11-15,0.0417
2007-11-16,0.0415
2007-11-19,0.0407
2007-11-20,0.0406
2007-11-21,0.04
2007-11-23,0.0401
2007-11-26,0.0383
2007-11-27,0.0395
2007-11-28,0.0403
2007-11-29,0.0394
2007-11-30,0.0397
2007-12-03,0.038900000000000004
2007-12-04,0.038900000000000004
2007-12-05,0.0392
2007-12-06,0.04019999999999999
2007-12-07,0.0412
2007-12-10,0.0415
2007-12-11,0.0398
2007-12-12,0.0405
2007-12-13,0.0418
2007-12-14,0.0424
2007-12-17,0.042
2007-12-18,0.0414
2007-12-19,0.0406
2007-12-20,0.0404
2007-12-21,0.0418
2007-12-24,0.042300000000000004
2007-12-26,0.043
2007-12-27,0.0421
2007-12-28,0.041100000000000005
2007-12-31,0.0404
2008-01-02,0.0391
2008-01-03,0.0391
2008-01-04,0.0388
2008-01-07,0.038599999999999995
2008-01-08,0.038599999999999995
2008-01-09,0.0382
2008-01-10,0.0391
2008-01-11,0.0382
2008-01-14,0.0381
2008-01-15,0.037200000000000004
2008-01-16,0.0374
2008-01-17,0.0366
2008-01-18,0.0366
2008-01-22,0.0352
2008-01-23,0.0351
2008-01-24,0.0368
2008-01-25,0.0361
2008-01-28,0.0361
2008-01-29,0.0369
2008-01-30,0.0378
2008-01-31,0.036699999999999997
2008-02-01,0.0362
2008-02-04,0.0368
2008-02-05,0.0361
2008-02-06,0.0361
2008-02-07,0.0374
2008-02-08,0.0364
2008-02-11,0.0362
2008-02-12,0.0366
2008-02-13,0.037000000000000005
2008-02-14,0.0385
2008-02-15,0.037599999999999995
2008-02-19,0.038900000000000004
2008-02-20,0.0393
2008-02-21,0.0377
2008-02-22,0.0379
2008-02-25,0.0391
2008-02-26,0.0388
2008-02-27,0.0385
2008-02-28,0.0371
2008-02-29,0.0353
2008-03-03,0.0354
2008-03-04,0.0363
2008-03-05,0.037000000000000005
2008-03-06,0.0362
2008-03-07,0.0356
2008-03-10,0.0346
2008-03-11,0.036000000000000004
2008-03-12,0.0349
2008-03-13,0.0356
2008-03-14,0.0344
2008-03-17,0.0334
2008-03-18,0.0348
2008-03-19,0.0338
2008-03-20,0.0334
2008-03-24,0.0356
2008-03-25,0.0351
2008-03-26,0.0351
2008-03-27,0.0356
2008-03-28,0.0347
2008-03-31,0.0345
2008-04-01,0.035699999999999996
2008-04-02,0.036000000000000004
2008-04-03,0.0361
2008-04-04,0.035
2008-04-07,0.035699999999999996
2008-04-08,0.0358
2008-04-09,0.0349
2008-04-10,0.0355
2008-04-11,0.0349
2008-04-14,0.0353
2008-04-15,0.036000000000000004
2008-04-16,0.037200000000000004
2008-04-17,0.0375
2008-04-18,0.0377
2008-04-21,0.0375
2008-04-22,0.0374
2008-04-23,0.0377
2008-04-24,0.0387
2008-04-25,0.0391
2008-04-28,0.038599999999999995
2008-04-29,0.0385
2008-04-30,0.0377
2008-05-01,0.0378
2008-05-02,0.038900000000000004
2008-05-05,0.0388
2008-05-06,0.0393
2008-05-07,0.0387
2008-05-08,0.0379
2008-05-09,0.0377
2008-05-12,0.0378
2008-05-13,0.039
2008-05-14,0.0392
2008-05-15,0.0383
2008-05-16,0.0385
2008-05-19,0.0383
2008-05-20,0.0378
2008-05-21,0.0381
2008-05-22,0.0392
2008-05-23,0.0385
2008-05-27,0.0393
2008-05-28,0.0403
2008-05-29,0.0408
2008-05-30,0.0406
2008-06-02,0.0398
2008-06-03,0.0392
2008-06-04,0.0398
2008-06-05,0.0406
2008-06-06,0.0394
2008-06-09,0.04019999999999999
2008-06-10,0.041100000000000005
2008-06-11,0.040999999999999995
2008-06-12,0.042300000000000004
2008-06-13,0.042699999999999995
2008-06-16,0.0425
2008-06-17,0.042300000000000004
2008-06-18,0.0416
2008-06-19,0.042199999999999994
2008-06-20,0.0416
2008-06-23,0.04190000000000001
2008-06-24,0.040999999999999995
2008-06-25,0.0412
2008-06-26,0.0407
2008-06-27,0.039900000000000005
2008-06-30,0.039900000000000005
2008-07-01,0.0401
2008-07-02,0.039900000000000005
2008-07-03,0.039900000000000005
2008-07-07,0.0395
2008-07-08,0.0391
2008-07-09,0.0385
2008-07-10,0.0383
2008-07-11,0.039599999999999996
2008-07-14,0.039
2008-07-15,0.0387
2008-07-16,0.0397
2008-07-17,0.0407
2008-07-18,0.041100000000000005
2008-07-21,0.0409
2008-07-22,0.0414
2008-07-23,0.0416
2008-07-24,0.0403
2008-07-25,0.041299999999999996
2008-07-28,0.0406
2008-07-29,0.0409
2008-07-30,0.0407
2008-07-31,0.039900000000000005
2008-08-01,0.0397
2008-08-04,0.0398
2008-08-05,0.0404
2008-08-06,0.0406
2008-08-07,0.0392
2008-08-08,0.0394
2008-08-11,0.039900000000000005
2008-08-12,0.0391
2008-08-13,0.0394
2008-08-14,0.038900000000000004
2008-08-15,0.0384
2008-08-18,0.0382
2008-08-19,0.0383
2008-08-20,0.0379
2008-08-21,0.0384
2008-08-22,0.0387
2008-08-25,0.0379
2008-08-26,0.0379
2008-08-27,0.0377
2008-08-28,0.0379
2008-08-29,0.0383
2008-09-02,0.0374
2008-09-03,0.0371
2008-09-04,0.0364
2008-09-05,0.0366
2008-09-08,0.0366
2008-09-09,0.0362
2008-09-10,0.0365
2008-09-11,0.0364
2008-09-12,0.0374
2008-09-15,0.0347
2008-09-16,0.0348
2008-09-17,0.0341
2008-09-18,0.0354
2008-09-19,0.0378
2008-09-22,0.0383
2008-09-23,0.0385
2008-09-24,0.038
2008-09-25,0.0388
2008-09-26,0.0385
2008-09-29,0.0361
2008-09-30,0.0385
2008-10-01,0.0377
2008-10-02,0.0366
2008-10-03,0.0363
2008-10-06,0.0348
2008-10-07,0.035
2008-10-08,0.037200000000000004
2008-10-09,0.0384
2008-10-10,0.038900000000000004
2008-10-14,0.0408
2008-10-15,0.0404
2008-10-16,0.039900000000000005
2008-10-17,0.0398
2008-10-20,0.0391
2008-10-21,0.037599999999999995
2008-10-22,0.0365
2008-10-23,0.0363
2008-10-24,0.037599999999999995
2008-10-27,0.0379
2008-10-28,0.038900000000000004
2008-10-29,0.0393
2008-10-30,0.04
2008-10-31,0.0401
2008-11-03,0.039599999999999996
2008-11-04,0.0381
2008-11-05,0.0373
2008-11-06,0.0375
2008-11-07,0.0383
2008-11-10,0.0382
2008-11-12,0.0375
2008-11-13,0.0384
2008-11-14,0.037200000000000004
2008-11-17,0.0368
2008-11-18,0.0353
2008-11-19,0.0338
2008-11-20,0.031
2008-11-21,0.032
2008-11-24,0.0335
2008-11-25,0.0311
2008-11-26,0.029900000000000003
2008-11-28,0.029300000000000003
2008-12-01,0.027200000000000002
2008-12-02,0.0268
2008-12-03,0.026699999999999998
2008-12-04,0.0255
2008-12-05,0.026699999999999998
2008-12-08,0.0277
2008-12-09,0.026699999999999998
2008-12-10,0.0269
2008-12-11,0.0264
2008-12-12,0.026000000000000002
2008-12-15,0.0253
2008-12-16,0.023700000000000002
2008-12-17,0.022000000000000002
2008-12-18,0.0208
2008-12-19,0.0213
2008-12-22,0.0216
2008-12-23,0.0218
2008-12-24,0.022000000000000002
2008-12-26,0.0216
2008-12-29,0.0213
2008-12-30,0.021099999999999997
2008-12-31,0.0225
2009-01-02,0.0246
2009-01-05,0.024900000000000002
2009-01-06,0.025099999999999997
2009-01-07,0.0252
2009-01-08,0.024700000000000003
2009-01-09,0.024300000000000002
2009-01-12,0.023399999999999997
2009-01-13,0.0233
2009-01-14,0.022400000000000003
2009-01-15,0.0223
2009-01-16,0.0236
2009-01-20,0.024
2009-01-21,0.0256
2009-01-22,0.0262
2009-01-23,0.0265
2009-01-26,0.027000000000000003
2009-01-27,0.0259
2009-01-28,0.0271
2009-01-29,0.0287
2009-01-30,0.0287
2009-02-02,0.0276
2009-02-03,0.028900000000000002
2009-02-04,0.029500000000000002
2009-02-05,0.029500000000000002
2009-02-06,0.0305
2009-02-09,0.030699999999999998
2009-02-10,0.028999999999999998
2009-02-11,0.0278
2009-02-12,0.0275
2009-02-13,0.028900000000000002
2009-02-17,0.0264
2009-02-18,0.0274
2009-02-19,0.0285
2009-02-20,0.0278
2009-02-23,0.0278
2009-02-24,0.027999999999999997
2009-02-25,0.029500000000000002
2009-02-26,0.0298
2009-02-27,0.0302
2009-03-02,0.0291
2009-03-03,0.029300000000000003
2009-03-04,0.0301
2009-03-05,0.028300000000000002
2009-03-06,0.028300000000000002
2009-03-09,0.028900000000000002
2009-03-10,0.029900000000000003
2009-03-11,0.029500000000000002
2009-03-12,0.028900000000000002
2009-03-13,0.028900000000000002
2009-03-16,0.0297
2009-03-17,0.0302
2009-03-18,0.025099999999999997
2009-03-19,0.026099999999999998
2009-03-20,0.0265
2009-03-23,0.0268
2009-03-24,0.0268
2009-03-25,0.0281
2009-03-26,0.0276
2009-03-27,0.0278
2009-03-30,0.0273
2009-03-31,0.0271
2009-04-01,0.0268
2009-04-02,0.0277
2009-04-03,0.0291
2009-04-06,0.029500000000000002
2009-04-07,0.029300000000000003
2009-04-08,0.0286
2009-04-09,0.0296
2009-04-13,0.0288
2009-04-14,0.027999999999999997
2009-04-15,0.0282
2009-04-16,0.0286
2009-04-17,0.0298
2009-04-20,0.0288
2009-04-21,0.0294
2009-04-22,0.0298
2009-04-23,0.0296
2009-04-24,0.030299999999999997
2009-04-27,0.029500000000000002
2009-04-28,0.0305
2009-04-29,0.031200000000000002
2009-04-30,0.0316
2009-05-01,0.0321
2009-05-04,0.0319
2009-05-05,0.032
2009-05-06,0.0318
2009-05-07,0.0329
2009-05-08,0.0329
2009-05-11,0.0317
2009-05-12,0.0317
2009-05-13,0.0311
2009-05-14,0.031
2009-05-15,0.031400000000000004
2009-05-18,0.0322
2009-05-19,0.0325
2009-05-20,0.0319
2009-05-21,0.0335
2009-05-22,0.0345
2009-05-26,0.035
2009-05-27,0.0371
2009-05-28,0.036699999999999997
2009-05-29,0.0347
2009-06-01,0.0371
2009-06-02,0.0365
2009-06-03,0.0356
2009-06-04,0.037200000000000004
2009-06-05,0.0384
2009-06-08,0.0391
2009-06-09,0.038599999999999995
2009-06-10,0.0398
2009-06-11,0.0388
2009-06-12,0.0381
2009-06-15,0.037599999999999995
2009-06-16,0.036699999999999997
2009-06-17,0.0368
2009-06-18,0.038599999999999995
2009-06-19,0.0379
2009-06-22,0.037200000000000004
2009-06-23,0.0365
2009-06-24,0.037200000000000004
2009-06-25,0.0355
2009-06-26,0.0352
2009-06-29,0.0351
2009-06-30,0.0353
2009-07-01,0.0355
2009-07-02,0.0351
2009-07-06,0.0352
2009-07-07,0.0347
2009-07-08,0.0333
2009-07-09,0.0344
2009-07-10,0.0332
2009-07-13,0.0338
2009-07-14,0.035
2009-07-15,0.0363
2009-07-16,0.0359
2009-07-17,0.036699999999999997
2009-07-20,0.0361
2009-07-21,0.035
2009-07-22,0.0358
2009-07-23,0.037200000000000004
2009-07-24,0.037000000000000005
2009-07-27,0.0375
2009-07-28,0.037200000000000004
2009-07-29,0.0369
2009-07-30,0.036699999999999997
2009-07-31,0.0352
2009-08-03,0.0366
2009-08-04,0.037000000000000005
2009-08-05,0.038
2009-08-06,0.0379
2009-08-07,0.038900000000000004
2009-08-10,0.038
2009-08-11,0.0371
2009-08-12,0.037200000000000004
2009-08-13,0.0359
2009-08-14,0.0355
2009-08-17,0.0348
2009-08-18,0.0351
2009-08-19,0.0345
2009-08-20,0.0342
2009-08-21,0.0356
2009-08-24,0.0348
2009-08-25,0.0345
2009-08-26,0.0344
2009-08-27,0.0347
2009-08-28,0.0346
2009-08-31,0.034
2009-09-01,0.0338
2009-09-02,0.0329
2009-09-03,0.0333
2009-09-04,0.0345
2009-09-08,0.0347
2009-09-09,0.0348
2009-09-10,0.0336
2009-09-11,0.0334
2009-09-14,0.0342
2009-09-15,0.0347
2009-09-16,0.0348
2009-09-17,0.0342
2009-09-18,0.0349
2009-09-21,0.0349
2009-09-22,0.0346
2009-09-23,0.0344
2009-09-24,0.034
2009-09-25,0.0334
2009-09-28,0.0331
2009-09-29,0.0331
2009-09-30,0.0331
2009-10-01,0.0321
2009-10-02,0.032400000000000005
2009-10-05,0.032400000000000005
2009-10-06,0.0327
2009-10-07,0.0321
2009-10-08,0.0327
2009-10-09,0.034
2009-10-13,0.0334
2009-10-14,0.0345
2009-10-15,0.0349
2009-10-16,0.034300000000000004
2009-10-19,0.0341
2009-10-20,0.0335
2009-10-21,0.0342
2009-10-22,0.0344
2009-10-23,0.0351
2009-10-26,0.0359
2009-10-27,0.0349
2009-10-28,0.0344
2009-10-29,0.0353
2009-10-30,0.0341
2009-11-02,0.0345
2009-11-03,0.035
2009-11-04,0.035699999999999996
2009-11-05,0.035699999999999996
2009-11-06,0.0354
2009-11-09,0.0352
2009-11-10,0.035
2009-11-12,0.0345
2009-11-13,0.034300000000000004
2009-11-16,0.0333
2009-11-17,0.0333
2009-11-18,0.0336
2009-11-19,0.0335
2009-11-20,0.0336
2009-11-23,0.0337
2009-11-24,0.0332
2009-11-25,0.032799999999999996
2009-11-27,0.0321
2009-11-30,0.0321
2009-12-01,0.032799999999999996
2009-12-02,0.0332
2009-12-03,0.0339
2009-12-04,0.0348
2009-12-07,0.0344
2009-12-08,0.034
2009-12-09,0.0345
2009-12-10,0.0349
2009-12-11,0.0355
2009-12-14,0.0356
2009-12-15,0.036000000000000004
2009-12-16,0.0361
2009-12-17,0.035
2009-12-18,0.0355
2009-12-21,0.0369
2009-12-22,0.037599999999999995
2009-12-23,0.0377
2009-12-24,0.0382
2009-12-28,0.0385
2009-12-29,0.0382
2009-12-30,0.038
2009-12-31,0.0385
2010-01-04,0.0385
2010-01-05,0.0377
2010-01-06,0.0385
2010-01-07,0.0385
2010-01-08,0.0383
2010-01-11,0.0385
2010-01-12,0.0374
2010-01-13,0.038
2010-01-14,0.037599999999999995
2010-01-15,0.037000000000000005
2010-01-19,0.0373
2010-01-20,0.0368
2010-01-21,0.0362
2010-01-22,0.0362
2010-01-25,0.0366
2010-01-26,0.0365
2010-01-27,0.0366
2010-01-28,0.0368
2010-01-29,0.0363
2010-02-01,0.0368
2010-02-02,0.036699999999999997
2010-02-03,0.0373
2010-02-04,0.0362
2010-02-05,0.0359
2010-02-08,0.0362
2010-02-09,0.036699999999999997
2010-02-10,0.037200000000000004
2010-02-11,0.0373
2010-02-12,0.0369
2010-02-16,0.0366
2010-02-17,0.0374
2010-02-18,0.0379
2010-02-19,0.0378
2010-02-22,0.038
2010-02-23,0.0369
2010-02-24,0.037000000000000005
2010-02-25,0.0364
2010-02-26,0.0361
2010-03-01,0.0361
2010-03-02,0.0362
2010-03-03,0.0363
2010-03-04,0.0361
2010-03-05,0.0369
2010-03-08,0.037200000000000004
2010-03-09,0.0371
2010-03-10,0.0373
2010-03-11,0.0373
2010-03-12,0.0371
2010-03-15,0.0371
2010-03-16,0.0366
2010-03-17,0.0365
2010-03-18,0.0368
2010-03-19,0.037000000000000005
2010-03-22,0.036699999999999997
2010-03-23,0.0369
2010-03-24,0.0384
2010-03-25,0.0391
2010-03-26,0.038599999999999995
2010-03-29,0.0388
2010-03-30,0.0388
2010-03-31,0.0384
2010-04-01,0.038900000000000004
2010-04-02,0.039599999999999996
2010-04-05,0.0401
2010-04-06,0.0398
2010-04-07,0.038900000000000004
2010-04-08,0.0391
2010-04-09,0.039
2010-04-12,0.0387
2010-04-13,0.0384
2010-04-14,0.0388
2010-04-15,0.038599999999999995
2010-04-16,0.0379
2010-04-19,0.0383
2010-04-20,0.0382
2010-04-21,0.0377
2010-04-22,0.038
2010-04-23,0.0384
2010-04-26,0.0383
2010-04-27,0.0371
2010-04-28,0.038
2010-04-29,0.037599999999999995
2010-04-30,0.0369
2010-05-03,0.037200000000000004
2010-05-04,0.0363
2010-05-05,0.0358
2010-05-06,0.0341
2010-05-07,0.0345
2010-05-10,0.035699999999999996
2010-05-11,0.0356
2010-05-12,0.0356
2010-05-13,0.0355
2010-05-14,0.0344
2010-05-17,0.0347
2010-05-18,0.0338
2010-05-19,0.0336
2010-05-20,0.0325
2010-05-21,0.032
2010-05-24,0.0323
2010-05-25,0.0318
2010-05-26,0.0321
2010-05-27,0.0334
2010-05-28,0.0331
2010-06-01,0.0329
2010-06-02,0.0335
2010-06-03,0.0339
2010-06-04,0.032
2010-06-07,0.0317
2010-06-08,0.0318
2010-06-09,0.032
2010-06-10,0.0333
2010-06-11,0.032400000000000005
2010-06-14,0.032799999999999996
2010-06-15,0.0332
2010-06-16,0.0327
2010-06-17,0.0321
2010-06-18,0.032400000000000005
2010-06-21,0.0326
2010-06-22,0.0318
2010-06-23,0.0313
2010-06-24,0.031400000000000004
2010-06-25,0.031200000000000002
2010-06-28,0.0305
2010-06-29,0.0297
2010-06-30,0.0297
2010-07-01,0.0296
2010-07-02,0.03
2010-07-06,0.029500000000000002
2010-07-07,0.03
2010-07-08,0.0304
2010-07-09,0.030699999999999998
2010-07-12,0.0308
2010-07-13,0.0315
2010-07-14,0.030699999999999998
2010-07-15,0.03
2010-07-16,0.0296
2010-07-19,0.029900000000000003
2010-07-20,0.0298
2010-07-21,0.028999999999999998
2010-07-22,0.0296
2010-07-23,0.0302
2010-07-26,0.030299999999999997
2010-07-27,0.0308
2010-07-28,0.030299999999999997
2010-07-29,0.030299999999999997
2010-07-30,0.0294
2010-08-02,0.029900000000000003
2010-08-03,0.0294
2010-08-04,0.0298
2010-08-05,0.0294
2010-08-06,0.0286
2010-08-09,0.0286
2010-08-10,0.0279
2010-08-11,0.027200000000000002
2010-08-12,0.0274
2010-08-13,0.0268
2010-08-16,0.0258
2010-08-17,0.0264
2010-08-18,0.0264
2010-08-19,0.0258
2010-08-20,0.0262
2010-08-23,0.026000000000000002
2010-08-24,0.025
2010-08-25,0.0254
2010-08-26,0.025
2010-08-27,0.026600000000000002
2010-08-30,0.0254
2010-08-31,0.024700000000000003
2010-09-01,0.0258
2010-09-02,0.0263
2010-09-03,0.027200000000000002
2010-09-07,0.026099999999999998
2010-09-08,0.026600000000000002
2010-09-09,0.0277
2010-09-10,0.0281
2010-09-13,0.0274
2010-09-14,0.0268
2010-09-15,0.0274
2010-09-16,0.0277
2010-09-17,0.0275
2010-09-20,0.027200000000000002
2010-09-21,0.026099999999999998
2010-09-22,0.0256
2010-09-23,0.0256
2010-09-24,0.0262
2010-09-27,0.0254
2010-09-28,0.0248
2010-09-29,0.0252
2010-09-30,0.0253
2010-10-01,0.0254
2010-10-04,0.025
2010-10-05,0.025
2010-10-06,0.0241
2010-10-07,0.0241
2010-10-08,0.0241
2010-10-12,0.024399999999999998
2010-10-13,0.0246
2010-10-14,0.0252
2010-10-15,0.0259
2010-10-18,0.0252
2010-10-19,0.025
2010-10-20,0.025099999999999997
2010-10-21,0.025699999999999997
2010-10-22,0.0259
2010-10-25,0.0259
2010-10-26,0.026699999999999998
2010-10-27,0.0275
2010-10-28,0.0269
2010-10-29,0.0263
2010-11-01,0.026600000000000002
2010-11-02,0.0263
2010-11-03,0.026699999999999998
2010-11-04,0.0253
2010-11-05,0.0258
2010-11-08,0.026000000000000002
2010-11-09,0.027200000000000002
2010-11-10,0.0265
2010-11-12,0.0276
2010-11-15,0.0292
2010-11-16,0.0285
2010-11-17,0.028900000000000002
2010-11-18,0.028999999999999998
2010-11-19,0.0288
2010-11-22,0.027999999999999997
2010-11-23,0.0277
2010-11-24,0.029300000000000003
2010-11-26,0.0287
2010-11-29,0.028399999999999998
2010-11-30,0.0281
2010-12-01,0.0297
2010-12-02,0.0301
2010-12-03,0.030299999999999997
2010-12-06,0.029500000000000002
2010-12-07,0.0315
2010-12-08,0.0326
2010-12-09,0.0323
2010-12-10,0.0332
2010-12-13,0.0329
2010-12-14,0.0349
2010-12-15,0.0353
2010-12-16,0.0347
2010-12-17,0.0333
2010-12-20,0.0336
2010-12-21,0.0335
2010-12-22,0.0336
2010-12-23,0.0341
2010-12-27,0.0336
2010-12-28,0.035
2010-12-29,0.0335
2010-12-30,0.0338
2010-12-31,0.033
2011-01-03,0.0336
2011-01-04,0.0336
2011-01-05,0.035
2011-01-06,0.0344
2011-01-07,0.0334
2011-01-10,0.0332
2011-01-11,0.0337
2011-01-12,0.034
2011-01-13,0.0334
2011-01-14,0.0335
2011-01-18,0.0339
2011-01-19,0.0337
2011-01-20,0.0347
2011-01-21,0.0344
2011-01-24,0.034300000000000004
2011-01-25,0.0335
2011-01-26,0.0345
2011-01-27,0.0342
2011-01-28,0.0336
2011-01-31,0.0342
2011-02-01,0.0348
2011-02-02,0.0352
2011-02-03,0.0358
2011-02-04,0.0368
2011-02-07,0.0368
2011-02-08,0.0375
2011-02-09,0.0365
2011-02-10,0.037000000000000005
2011-02-11,0.0364
2011-02-14,0.0362
2011-02-15,0.0361
2011-02-16,0.0362
2011-02-17,0.0358
2011-02-18,0.0359
2011-02-22,0.0346
2011-02-23,0.0349
2011-02-24,0.0346
2011-02-25,0.0342
2011-02-28,0.0342
2011-03-01,0.0341
2011-03-02,0.0346
2011-03-03,0.0358
2011-03-04,0.0349
2011-03-07,0.0351
2011-03-08,0.0356
2011-03-09,0.0348
2011-03-10,0.0337
2011-03-11,0.034
2011-03-14,0.0336
2011-03-15,0.0333
2011-03-16,0.0322
2011-03-17,0.0325
2011-03-18,0.032799999999999996
2011-03-21,0.0334
2011-03-22,0.0334
2011-03-23,0.0336
2011-03-24,0.0342
2011-03-25,0.0346
2011-03-28,0.0347
2011-03-29,0.035
2011-03-30,0.0347
2011-03-31,0.0347
2011-04-01,0.0346
2011-04-04,0.0345
2011-04-05,0.035
2011-04-06,0.0356
2011-04-07,0.0358
2011-04-08,0.0359
2011-04-11,0.0359
2011-04-12,0.0352
2011-04-13,0.0349
2011-04-14,0.0351
2011-04-15,0.034300000000000004
2011-04-18,0.034
2011-04-19,0.0339
2011-04-20,0.034300000000000004
2011-04-21,0.0342
2011-04-25,0.0339
2011-04-26,0.0334
2011-04-27,0.0339
2011-04-28,0.0334
2011-04-29,0.0332
2011-05-02,0.0331
2011-05-03,0.032799999999999996
2011-05-04,0.0325
2011-05-05,0.0318
2011-05-06,0.0319
2011-05-09,0.0317
2011-05-10,0.0323
2011-05-11,0.0319
2011-05-12,0.0322
2011-05-13,0.0318
2011-05-16,0.0315
2011-05-17,0.031200000000000002
2011-05-18,0.0318
2011-05-19,0.0317
2011-05-20,0.0315
2011-05-23,0.0313
2011-05-24,0.031200000000000002
2011-05-25,0.0313
2011-05-26,0.030699999999999998
2011-05-27,0.030699999999999998
2011-05-31,0.0305
2011-06-01,0.0296
2011-06-02,0.0304
2011-06-03,0.029900000000000003
2011-06-06,0.0301
2011-06-07,0.0301
2011-06-08,0.0298
2011-06-09,0.0301
2011-06-10,0.029900000000000003
2011-06-13,0.03
2011-06-14,0.0311
2011-06-15,0.0298
2011-06-16,0.029300000000000003
2011-06-17,0.0294
2011-06-20,0.0297
2011-06-21,0.029900000000000003
2011-06-22,0.0301
2011-06-23,0.029300000000000003
2011-06-24,0.0288
2011-06-27,0.029500000000000002
2011-06-28,0.0305
2011-06-29,0.031400000000000004
2011-06-30,0.0318
2011-07-01,0.0322
2011-07-05,0.0316
2011-07-06,0.031200000000000002
2011-07-07,0.0317
2011-07-08,0.030299999999999997
2011-07-11,0.0294
2011-07-12,0.0292
2011-07-13,0.0292
2011-07-14,0.0298
2011-07-15,0.0294
2011-07-18,0.0294
2011-07-19,0.0291
2011-07-20,0.0296
2011-07-21,0.030299999999999997
2011-07-22,0.029900000000000003
2011-07-25,0.030299999999999997
2011-07-26,0.029900000000000003
2011-07-27,0.0301
2011-07-28,0.0298
2011-07-29,0.0282
2011-08-01,0.0277
2011-08-02,0.026600000000000002
2011-08-03,0.0264
2011-08-04,0.024700000000000003
2011-08-05,0.0258
2011-08-08,0.024
2011-08-09,0.022000000000000002
2011-08-10,0.0217
2011-08-11,0.023399999999999997
2011-08-12,0.022400000000000003
2011-08-15,0.0229
2011-08-16,0.0223
2011-08-17,0.0217
2011-08-18,0.0208
2011-08-19,0.0207
2011-08-22,0.021
2011-08-23,0.0215
2011-08-24,0.0229
2011-08-25,0.0223
2011-08-26,0.0219
2011-08-29,0.022799999999999997
2011-08-30,0.0219
2011-08-31,0.0223
2011-09-01,0.0215
2011-09-02,0.0202
2011-09-06,0.019799999999999998
2011-09-07,0.020499999999999997
2011-09-08,0.02
2011-09-09,0.019299999999999998
2011-09-12,0.0194
2011-09-13,0.02
2011-09-14,0.0203
2011-09-15,0.0209
2011-09-16,0.0208
2011-09-19,0.0197
2011-09-20,0.0195
2011-09-21,0.018799999999999997
2011-09-22,0.0172
2011-09-23,0.0184
2011-09-26,0.0191
2011-09-27,0.02
2011-09-28,0.0203
2011-09-29,0.0199
2011-09-30,0.0192
2011-10-03,0.018000000000000002
2011-10-04,0.0181
2011-10-05,0.0192
2011-10-06,0.020099999999999996
2011-10-07,0.021
2011-10-11,0.0218
2011-10-12,0.022400000000000003
2011-10-13,0.0219
2011-10-14,0.0226
2011-10-17,0.0218
2011-10-18,0.0219
2011-10-19,0.0218
2011-10-20,0.022000000000000002
2011-10-21,0.0223
2011-10-24,0.0225
2011-10-25,0.021400000000000002
2011-10-26,0.0223
2011-10-27,0.0242
2011-10-28,0.023399999999999997
2011-10-31,0.0217
2011-11-01,0.020099999999999996
2011-11-02,0.0203
2011-11-03,0.0209
2011-11-04,0.0206
2011-11-07,0.0204
2011-11-08,0.021
2011-11-09,0.02
2011-11-10,0.0204
2011-11-14,0.0204
2011-11-15,0.0206
2011-11-16,0.020099999999999996
2011-11-17,0.0196
2011-11-18,0.020099999999999996
2011-11-21,0.0197
2011-11-22,0.0194
2011-11-23,0.0189
2011-11-25,0.0197
2011-11-28,0.0197
2011-11-29,0.02
2011-11-30,0.0208
2011-12-01,0.021099999999999997
2011-12-02,0.020499999999999997
2011-12-05,0.0204
2011-12-06,0.0208
2011-12-07,0.0202
2011-12-08,0.0199
2011-12-09,0.0207
2011-12-12,0.0203
2011-12-13,0.0196
2011-12-14,0.0192
2011-12-15,0.0192
2011-12-16,0.018600000000000002
2011-12-19,0.0182
2011-12-20,0.0194
2011-12-21,0.019799999999999998
2011-12-22,0.0197
2011-12-23,0.0203
2011-12-27,0.0202
2011-12-28,0.019299999999999998
2011-12-29,0.0191
2011-12-30,0.0189
2012-01-03,0.0197
2012-01-04,0.02
2012-01-05,0.0202
2012-01-06,0.019799999999999998
2012-01-09,0.019799999999999998
2012-01-10,0.02
2012-01-11,0.019299999999999998
2012-01-12,0.0194
2012-01-13,0.0189
2012-01-17,0.0187
2012-01-18,0.0192
2012-01-19,0.020099999999999996
2012-01-20,0.020499999999999997
2012-01-23,0.0209
2012-01-24,0.0208
2012-01-25,0.020099999999999996
2012-01-26,0.0196
2012-01-27,0.019299999999999998
2012-01-30,0.0187
2012-01-31,0.0183
2012-02-01,0.0187
2012-02-02,0.018600000000000002
2012-02-03,0.0197
2012-02-06,0.019299999999999998
2012-02-07,0.02
2012-02-08,0.020099999999999996
2012-02-09,0.0204
2012-02-10,0.0196
2012-02-13,0.0199
2012-02-14,0.0192
2012-02-15,0.019299999999999998
2012-02-16,0.0199
2012-02-17,0.020099999999999996
2012-02-21,0.020499999999999997
2012-02-22,0.020099999999999996
2012-02-23,0.0199
2012-02-24,0.019799999999999998
2012-02-27,0.0192
2012-02-28,0.0194
2012-02-29,0.019799999999999998
2012-03-01,0.0203
2012-03-02,0.0199
2012-03-05,0.02
2012-03-06,0.0196
2012-03-07,0.019799999999999998
2012-03-08,0.0203
2012-03-09,0.0204
2012-03-12,0.0204
2012-03-13,0.021400000000000002
2012-03-14,0.0229
2012-03-15,0.0229
2012-03-16,0.0231
2012-03-19,0.0239
2012-03-20,0.023799999999999998
2012-03-21,0.0231
2012-03-22,0.0229
2012-03-23,0.0225
2012-03-26,0.0226
2012-03-27,0.022000000000000002
2012-03-28,0.022099999999999998
2012-03-29,0.0218
2012-03-30,0.0223
2012-04-02,0.0222
2012-04-03,0.023
2012-04-04,0.0225
2012-04-05,0.0219
2012-04-06,0.0207
2012-04-09,0.0206
2012-04-10,0.020099999999999996
2012-04-11,0.020499999999999997
2012-04-12,0.0208
2012-04-13,0.0202
2012-04-16,0.02
2012-04-17,0.0203
2012-04-18,0.02
2012-04-19,0.019799999999999998
2012-04-20,0.0199
2012-04-23,0.0196
2012-04-24,0.02
2012-04-25,0.020099999999999996
2012-04-26,0.019799999999999998
2012-04-27,0.0196
2012-04-30,0.0195
2012-05-01,0.019799999999999998
2012-05-02,0.0196
2012-05-03,0.0196
2012-05-04,0.0191
2012-05-07,0.0192
2012-05-08,0.018799999999999997
2012-05-09,0.0187
2012-05-10,0.0189
2012-05-11,0.0184
2012-05-14,0.0178
2012-05-15,0.0176
2012-05-16,0.0176
2012-05-17,0.017
2012-05-18,0.0171
2012-05-21,0.0175
2012-05-22,0.0179
2012-05-23,0.0173
2012-05-24,0.0177
2012-05-25,0.0175
2012-05-29,0.0174
2012-05-30,0.0163
2012-05-31,0.0159
2012-06-01,0.0147
2012-06-04,0.015300000000000001
2012-06-05,0.015700000000000002
2012-06-06,0.0166
2012-06-07,0.0166
2012-06-08,0.0165
2012-06-11,0.016
2012-06-12,0.0167
2012-06-13,0.0161
2012-06-14,0.016399999999999998
2012-06-15,0.016
2012-06-18,0.0159
2012-06-19,0.016399999999999998
2012-06-20,0.0165
2012-06-21,0.0163
2012-06-22,0.0169
2012-06-25,0.0163
2012-06-26,0.0166
2012-06-27,0.0165
2012-06-28,0.016
2012-06-29,0.0167
2012-07-02,0.0161
2012-07-03,0.0165
2012-07-05,0.016200000000000003
2012-07-06,0.015700000000000002
2012-07-09,0.015300000000000001
2012-07-10,0.015300000000000001
2012-07-11,0.0154
2012-07-12,0.015
2012-07-13,0.0152
2012-07-16,0.015
2012-07-17,0.015300000000000001
2012-07-18,0.0152
2012-07-19,0.0154
2012-07-20,0.0149
2012-07-23,0.0147
2012-07-24,0.0144
2012-07-25,0.0143
2012-07-26,0.014499999999999999
2012-07-27,0.0158
2012-07-30,0.015300000000000001
2012-07-31,0.0151
2012-08-01,0.015600000000000001
2012-08-02,0.0151
2012-08-03,0.016
2012-08-06,0.0159
2012-08-07,0.0166
2012-08-08,0.0168
2012-08-09,0.0169
2012-08-10,0.0165
2012-08-13,0.0165
2012-08-14,0.0173
2012-08-15,0.018000000000000002
2012-08-16,0.0183
2012-08-17,0.0181
2012-08-20,0.0182
2012-08-21,0.018000000000000002
2012-08-22,0.0171
2012-08-23,0.0168
2012-08-24,0.0168
2012-08-27,0.0165
2012-08-28,0.016399999999999998
2012-08-29,0.0166
2012-08-30,0.0163
2012-08-31,0.015700000000000002
2012-09-04,0.0159
2012-09-05,0.016
2012-09-06,0.0168
2012-09-07,0.0167
2012-09-10,0.0168
2012-09-11,0.017
2012-09-12,0.0177
2012-09-13,0.0175
2012-09-14,0.018799999999999997
2012-09-17,0.018500000000000003
2012-09-18,0.0182
2012-09-19,0.0179
2012-09-20,0.018000000000000002
2012-09-21,0.0177
2012-09-24,0.0174
2012-09-25,0.017
2012-09-26,0.016399999999999998
2012-09-27,0.0166
2012-09-28,0.0165
2012-10-01,0.016399999999999998
2012-10-02,0.016399999999999998
2012-10-03,0.016399999999999998
2012-10-04,0.017
2012-10-05,0.0175
2012-10-09,0.0174
2012-10-10,0.0172
2012-10-11,0.017
2012-10-12,0.0169
2012-10-15,0.017
2012-10-16,0.0175
2012-10-17,0.0183
2012-10-18,0.018600000000000002
2012-10-19,0.0179
2012-10-22,0.0183
2012-10-23,0.0179
2012-10-24,0.018000000000000002
2012-10-25,0.018600000000000002
2012-10-26,0.0178
2012-10-29,0.0174
2012-10-31,0.0172
2012-11-01,0.0175
2012-11-02,0.0175
2012-11-05,0.0172
2012-11-06,0.0178
2012-11-07,0.0168
2012-11-08,0.016200000000000003
2012-11-09,0.0161
2012-11-13,0.0159
2012-11-14,0.0159
2012-11-15,0.0158
2012-11-16,0.0158
2012-11-19,0.0161
2012-11-20,0.0166
2012-11-21,0.0169
2012-11-23,0.017
2012-11-26,0.0166
2012-11-27,0.016399999999999998
2012-11-28,0.0163
2012-11-29,0.016200000000000003
2012-11-30,0.016200000000000003
2012-12-03,0.0163
2012-12-04,0.016200000000000003
2012-12-05,0.016
2012-12-06,0.0159
2012-12-07,0.016399999999999998
2012-12-10,0.0163
2012-12-11,0.0166
2012-12-12,0.0172
2012-12-13,0.0174
2012-12-14,0.0172
2012-12-17,0.0178
2012-12-18,0.0184
2012-12-19,0.0182
2012-12-20,0.0181
2012-12-21,0.0177
2012-12-24,0.0179
2012-12-26,0.0177
2012-12-27,0.0174
2012-12-28,0.0173
2012-12-31,0.0178
2013-01-02,0.018600000000000002
2013-01-03,0.0192
2013-01-04,0.019299999999999998
2013-01-07,0.0192
2013-01-08,0.0189
2013-01-09,0.018799999999999997
2013-01-10,0.0191
2013-01-11,0.0189
2013-01-14,0.0189
2013-01-15,0.018600000000000002
2013-01-16,0.0184
2013-01-17,0.0189
2013-01-18,0.0187
2013-01-22,0.018600000000000002
2013-01-23,0.018600000000000002
2013-01-24,0.018799999999999997
2013-01-25,0.019799999999999998
2013-01-28,0.02
2013-01-29,0.0203
2013-01-30,0.0203
2013-01-31,0.0202
2013-02-01,0.0204
2013-02-04,0.02
2013-02-05,0.0204
2013-02-06,0.02
2013-02-07,0.0199
2013-02-08,0.0199
2013-02-11,0.0199
2013-02-12,0.0202
2013-02-13,0.020499999999999997
2013-02-14,0.02
2013-02-15,0.020099999999999996
2013-02-19,0.0203
2013-02-20,0.0202
2013-02-21,0.0199
2013-02-22,0.0197
2013-02-25,0.018799999999999997
2013-02-26,0.018799999999999997
2013-02-27,0.0191
2013-02-28,0.0189
2013-03-01,0.018600000000000002
2013-03-04,0.018799999999999997
2013-03-05,0.019
2013-03-06,0.0195
2013-03-07,0.02
2013-03-08,0.0206
2013-03-11,0.0207
2013-03-12,0.0203
2013-03-13,0.0204
2013-03-14,0.0204
2013-03-15,0.020099999999999996
2013-03-18,0.0196
2013-03-19,0.0192
2013-03-20,0.0196
2013-03-21,0.0195
2013-03-22,0.019299999999999998
2013-03-25,0.019299999999999998
2013-03-26,0.0192
2013-03-27,0.0187
2013-03-28,0.0187
2013-04-01,0.018600000000000002
2013-04-02,0.018799999999999997
2013-04-03,0.0183
2013-04-04,0.0178
2013-04-05,0.0172
2013-04-08,0.0176
2013-04-09,0.0178
2013-04-10,0.0184
2013-04-11,0.0182
2013-04-12,0.0175
2013-04-15,0.0172
2013-04-16,0.0175
2013-04-17,0.0173
2013-04-18,0.0172
2013-04-19,0.0173
2013-04-22,0.0172
2013-04-23,0.0174
2013-04-24,0.0173
2013-04-25,0.0174
2013-04-26,0.017
2013-04-29,0.017
2013-04-30,0.017
2013-05-01,0.0166
2013-05-02,0.0166
2013-05-03,0.0178
2013-05-06,0.018000000000000002
2013-05-07,0.0182
2013-05-08,0.0181
2013-05-09,0.0181
2013-05-10,0.019
2013-05-13,0.0192
2013-05-14,0.0196
2013-05-15,0.0194
2013-05-16,0.0187
2013-05-17,0.0195
2013-05-20,0.0197
2013-05-21,0.0194
2013-05-22,0.0203
2013-05-23,0.0202
2013-05-24,0.020099999999999996
2013-05-28,0.0215
2013-05-29,0.0213
2013-05-30,0.0213
2013-05-31,0.0216
2013-06-03,0.0213
2013-06-04,0.021400000000000002
2013-06-05,0.021
2013-06-06,0.0208
2013-06-07,0.0217
2013-06-10,0.0222
2013-06-11,0.022000000000000002
2013-06-12,0.0225
2013-06-13,0.0219
2013-06-14,0.021400000000000002
2013-06-17,0.0219
2013-06-18,0.022000000000000002
2013-06-19,0.0233
2013-06-20,0.0241
2013-06-21,0.0252
2013-06-24,0.025699999999999997
2013-06-25,0.026000000000000002
2013-06-26,0.0255
2013-06-27,0.024900000000000002
2013-06-28,0.0252
2013-07-01,0.025
2013-07-02,0.0248
2013-07-03,0.0252
2013-07-05,0.0273
2013-07-08,0.0265
2013-07-09,0.0265
2013-07-10,0.027000000000000003
2013-07-11,0.026000000000000002
2013-07-12,0.026099999999999998
2013-07-15,0.025699999999999997
2013-07-16,0.0255
2013-07-17,0.0252
2013-07-18,0.0256
2013-07-19,0.025
2013-07-22,0.025
2013-07-23,0.0253
2013-07-24,0.026099999999999998
2013-07-25,0.026099999999999998
2013-07-26,0.0258
2013-07-29,0.026099999999999998
2013-07-30,0.0263
2013-07-31,0.026000000000000002
2013-08-01,0.0274
2013-08-02,0.0263
2013-08-05,0.026699999999999998
2013-08-06,0.026699999999999998
2013-08-07,0.026099999999999998
2013-08-08,0.0258
2013-08-09,0.025699999999999997
2013-08-12,0.026099999999999998
2013-08-13,0.0271
2013-08-14,0.0271
2013-08-15,0.0277
2013-08-16,0.028399999999999998
2013-08-19,0.0288
2013-08-20,0.0282
2013-08-21,0.0287
2013-08-22,0.028999999999999998
2013-08-23,0.0282
2013-08-26,0.0279
2013-08-27,0.027200000000000002
2013-08-28,0.0278
2013-08-29,0.0275
2013-08-30,0.0278
2013-09-03,0.0286
2013-09-04,0.028999999999999998
2013-09-05,0.0298
2013-09-06,0.0294
2013-09-09,0.028999999999999998
2013-09-10,0.0296
2013-09-11,0.029300000000000003
2013-09-12,0.0292
2013-09-13,0.028999999999999998
2013-09-16,0.0288
2013-09-17,0.0286
2013-09-18,0.0269
2013-09-19,0.0276
2013-09-20,0.0275
2013-09-23,0.027200000000000002
2013-09-24,0.026699999999999998
2013-09-25,0.0263
2013-09-26,0.026600000000000002
2013-09-27,0.0264
2013-09-30,0.0264
2013-10-01,0.026600000000000002
2013-10-02,0.0263
2013-10-03,0.0262
2013-10-04,0.026600000000000002
2013-10-07,0.0265
2013-10-08,0.026600000000000002
2013-10-09,0.0268
2013-10-10,0.0271
2013-10-11,0.027000000000000003
2013-10-15,0.0275
2013-10-16,0.0269
2013-10-17,0.026099999999999998
2013-10-18,0.026000000000000002
2013-10-21,0.0263
2013-10-22,0.0254
2013-10-23,0.025099999999999997
2013-10-24,0.0253
2013-10-25,0.0253
2013-10-28,0.0254
2013-10-29,0.0253
2013-10-30,0.0255
2013-10-31,0.025699999999999997
2013-11-01,0.0265
2013-11-04,0.0263
2013-11-05,0.0269
2013-11-06,0.026699999999999998
2013-11-07,0.0263
2013-11-08,0.0277
2013-11-12,0.027999999999999997
2013-11-13,0.0275
2013-11-14,0.0269
2013-11-15,0.0271
2013-11-18,0.026699999999999998
2013-11-19,0.0271
2013-11-20,0.027999999999999997
2013-11-21,0.0279
2013-11-22,0.0275
2013-11-25,0.0274
2013-11-26,0.0271
2013-11-27,0.0274
2013-11-29,0.0275
2013-12-02,0.0281
2013-12-03,0.0279
2013-12-04,0.028399999999999998
2013-12-05,0.0288
2013-12-06,0.0288
2013-12-09,0.0286
2013-12-10,0.0281
2013-12-11,0.0286
2013-12-12,0.028900000000000002
2013-12-13,0.0288
2013-12-16,0.028900000000000002
2013-12-17,0.0285
2013-12-18,0.028900000000000002
2013-12-19,0.0294
2013-12-20,0.028900000000000002
2013-12-23,0.0294
2013-12-24,0.029900000000000003
2013-12-26,0.03
2013-12-27,0.0302
2013-12-30,0.029900000000000003
2013-12-31,0.0304
2014-01-02,0.03
2014-01-03,0.0301
2014-01-06,0.0298
2014-01-07,0.0296
2014-01-08,0.0301
2014-01-09,0.0297
2014-01-10,0.0288
2014-01-13,0.028399999999999998
2014-01-14,0.0288
2014-01-15,0.028999999999999998
2014-01-16,0.0286
2014-01-17,0.028399999999999998
2014-01-21,0.0285
2014-01-22,0.0287
2014-01-23,0.0279
2014-01-24,0.0275
2014-01-27,0.0278
2014-01-28,0.0277
2014-01-29,0.0269
2014-01-30,0.027200000000000002
2014-01-31,0.026699999999999998
2014-02-03,0.026099999999999998
2014-02-04,0.0264
2014-02-05,0.027000000000000003
2014-02-06,0.0273
2014-02-07,0.0271
2014-02-10,0.027000000000000003
2014-02-11,0.0275
2014-02-12,0.027999999999999997
2014-02-13,0.0273
2014-02-14,0.0275
2014-02-18,0.0271
2014-02-19,0.0273
2014-02-20,0.0276
2014-02-21,0.0273
2014-02-24,0.0275
2014-02-25,0.027000000000000003
2014-02-26,0.026699999999999998
2014-02-27,0.0265
2014-02-28,0.026600000000000002
2014-03-03,0.026000000000000002
2014-03-04,0.027000000000000003
2014-03-05,0.027000000000000003
2014-03-06,0.0274
2014-03-07,0.027999999999999997
2014-03-10,0.0279
2014-03-11,0.0277
2014-03-12,0.0273
2014-03-13,0.026600000000000002
2014-03-14,0.0265
2014-03-17,0.027000000000000003
2014-03-18,0.0268
2014-03-19,0.0278
2014-03-20,0.0279
2014-03-21,0.0275
2014-03-24,0.0274
2014-03-25,0.0275
2014-03-26,0.0271
2014-03-27,0.0269
2014-03-28,0.0273
2014-03-31,0.0273
2014-04-01,0.0277
2014-04-02,0.0282
2014-04-03,0.027999999999999997
2014-04-04,0.0274
2014-04-07,0.0271
2014-04-08,0.0269
2014-04-09,0.0271
2014-04-10,0.0265
2014-04-11,0.0263
2014-04-14,0.0265
2014-04-15,0.0264
2014-04-16,0.0265
2014-04-17,0.0273
2014-04-21,0.0273
2014-04-22,0.0273
2014-04-23,0.027000000000000003
2014-04-24,0.027000000000000003
2014-04-25,0.0268
2014-04-28,0.027000000000000003
2014-04-29,0.0271
2014-04-30,0.026699999999999998
2014-05-01,0.0263
2014-05-02,0.026000000000000002
2014-05-05,0.0263
2014-05-06,0.026099999999999998
2014-05-07,0.0262
2014-05-08,0.026099999999999998
2014-05-09,0.0262
2014-05-12,0.026600000000000002
2014-05-13,0.026099999999999998
2014-05-14,0.0254
2014-05-15,0.025
2014-05-16,0.0252
2014-05-19,0.0254
2014-05-20,0.0252
2014-05-21,0.0254
2014-05-22,0.0256
2014-05-23,0.0254
2014-05-27,0.0252
2014-05-28,0.024399999999999998
2014-05-29,0.0245
2014-05-30,0.0248
2014-06-02,0.0254
2014-06-03,0.026000000000000002
2014-06-04,0.026099999999999998
2014-06-05,0.0259
2014-06-06,0.026000000000000002
2014-06-09,0.0262
2014-06-10,0.0264
2014-06-11,0.0265
2014-06-12,0.0258
2014-06-13,0.026000000000000002
2014-06-16,0.026099999999999998
2014-06-17,0.026600000000000002
2014-06-18,0.026099999999999998
2014-06-19,0.0264
2014-06-20,0.0263
2014-06-23,0.0263
2014-06-24,0.0259
2014-06-25,0.025699999999999997
2014-06-26,0.0253
2014-06-27,0.0254
2014-06-30,0.0253
2014-07-01,0.0258
2014-07-02,0.0264
2014-07-03,0.0265
2014-07-07,0.0263
2014-07-08,0.0258
2014-07-09,0.025699999999999997
2014-07-10,0.0255
2014-07-11,0.0253
2014-07-14,0.0255
2014-07-15,0.0256
2014-07-16,0.0255
2014-07-17,0.024700000000000003
2014-07-18,0.025
2014-07-21,0.024900000000000002
2014-07-22,0.0248
2014-07-23,0.0248
2014-07-24,0.0252
2014-07-25,0.0248
2014-07-28,0.025
2014-07-29,0.024700000000000003
2014-07-30,0.025699999999999997
2014-07-31,0.0258
2014-08-01,0.0252
2014-08-04,0.025099999999999997
2014-08-05,0.024900000000000002
2014-08-06,0.024900000000000002
2014-08-07,0.024300000000000002
2014-08-08,0.024399999999999998
2014-08-11,0.024399999999999998
2014-08-12,0.0246
2014-08-13,0.024300000000000002
2014-08-14,0.024
2014-08-15,0.023399999999999997
2014-08-18,0.0239
2014-08-19,0.024
2014-08-20,0.024300000000000002
2014-08-21,0.0241
2014-08-22,0.024
2014-08-25,0.0239
2014-08-26,0.0239
2014-08-27,0.023700000000000002
2014-08-28,0.023399999999999997
2014-08-29,0.0235
2014-09-02,0.0242
2014-09-03,0.0241
2014-09-04,0.0245
2014-09-05,0.0246
2014-09-08,0.0248
2014-09-09,0.025
2014-09-10,0.0254
2014-09-11,0.0254
2014-09-12,0.0262
2014-09-15,0.026000000000000002
2014-09-16,0.026000000000000002
2014-09-17,0.0262
2014-09-18,0.0263
2014-09-19,0.0259
2014-09-22,0.025699999999999997
2014-09-23,0.0254
2014-09-24,0.025699999999999997
2014-09-25,0.0252
2014-09-26,0.0254
2014-09-29,0.025
2014-09-30,0.0252
2014-10-01,0.0242
2014-10-02,0.024399999999999998
2014-10-03,0.0245
2014-10-06,0.024300000000000002
2014-10-07,0.0236
2014-10-08,0.0235
2014-10-09,0.023399999999999997
2014-10-10,0.0231
2014-10-14,0.022099999999999998
2014-10-15,0.0215
2014-10-16,0.0217
2014-10-17,0.0222
2014-10-20,0.022000000000000002
2014-10-21,0.0223
2014-10-22,0.0225
2014-10-23,0.0229
2014-10-24,0.0229
2014-10-27,0.0227
2014-10-28,0.023
2014-10-29,0.023399999999999997
2014-10-30,0.0232
2014-10-31,0.0235
2014-11-03,0.0236
2014-11-04,0.0235
2014-11-05,0.0236
2014-11-06,0.0239
2014-11-07,0.0232
2014-11-10,0.023799999999999998
2014-11-12,0.023700000000000002
2014-11-13,0.0235
2014-11-14,0.0232
2014-11-17,0.023399999999999997
2014-11-18,0.0232
2014-11-19,0.0236
2014-11-20,0.023399999999999997
2014-11-21,0.0231
2014-11-24,0.023
2014-11-25,0.0227
2014-11-26,0.022400000000000003
2014-11-28,0.0218
2014-12-01,0.0222
2014-12-02,0.022799999999999997
2014-12-03,0.0229
2014-12-04,0.0225
2014-12-05,0.0231
2014-12-08,0.0226
2014-12-09,0.0222
2014-12-10,0.0218
2014-12-11,0.0219
2014-12-12,0.021
2014-12-15,0.0212
2014-12-16,0.0207
2014-12-17,0.021400000000000002
2014-12-18,0.0222
2014-12-19,0.0217
2014-12-22,0.0217
2014-12-23,0.0226
2014-12-24,0.0227
2014-12-26,0.0225
2014-12-29,0.0222
2014-12-30,0.022000000000000002
2014-12-31,0.0217
2015-01-02,0.0212
2015-01-05,0.0204
2015-01-06,0.0197
2015-01-07,0.0196
2015-01-08,0.0203
2015-01-09,0.019799999999999998
2015-01-12,0.0192
2015-01-13,0.0191
2015-01-14,0.018600000000000002
2015-01-15,0.0177
2015-01-16,0.0183
2015-01-20,0.0182
2015-01-21,0.0187
2015-01-22,0.019
2015-01-23,0.0181
2015-01-26,0.0183
2015-01-27,0.0183
2015-01-28,0.0173
2015-01-29,0.0177
2015-01-30,0.0168
2015-02-02,0.0168
2015-02-03,0.0179
2015-02-04,0.0181
2015-02-05,0.0183
2015-02-06,0.0195
2015-02-09,0.0196
2015-02-10,0.020099999999999996
2015-02-11,0.02
2015-02-12,0.0199
2015-02-13,0.0202
2015-02-17,0.021400000000000002
2015-02-18,0.0207
2015-02-19,0.021099999999999997
2015-02-20,0.0213
2015-02-23,0.0206
2015-02-24,0.0199
2015-02-25,0.0196
2015-02-26,0.0203
2015-02-27,0.02
2015-03-02,0.0208
2015-03-03,0.0212
2015-03-04,0.0212
2015-03-05,0.021099999999999997
2015-03-06,0.022400000000000003
2015-03-09,0.022000000000000002
2015-03-10,0.021400000000000002
2015-03-11,0.021099999999999997
2015-03-12,0.021
2015-03-13,0.0213
2015-03-16,0.021
2015-03-17,0.0206
2015-03-18,0.019299999999999998
2015-03-19,0.019799999999999998
2015-03-20,0.019299999999999998
2015-03-23,0.0192
2015-03-24,0.018799999999999997
2015-03-25,0.019299999999999998
2015-03-26,0.020099999999999996
2015-03-27,0.0195
2015-03-30,0.0196
2015-03-31,0.0194
2015-04-01,0.0187
2015-04-02,0.0192
2015-04-03,0.018500000000000003
2015-04-06,0.0192
2015-04-07,0.0189
2015-04-08,0.0192
2015-04-09,0.0197
2015-04-10,0.0196
2015-04-13,0.0194
2015-04-14,0.019
2015-04-15,0.0191
2015-04-16,0.019
2015-04-17,0.0187
2015-04-20,0.019
2015-04-21,0.0192
2015-04-22,0.0199
2015-04-23,0.0196
2015-04-24,0.019299999999999998
2015-04-27,0.0194
2015-04-28,0.02
2015-04-29,0.0206
2015-04-30,0.020499999999999997
2015-05-01,0.0212
2015-05-04,0.0216
2015-05-05,0.0219
2015-05-06,0.0225
2015-05-07,0.0218
2015-05-08,0.0216
2015-05-11,0.022799999999999997
2015-05-12,0.022799999999999997
2015-05-13,0.0227
2015-05-14,0.0223
2015-05-15,0.021400000000000002
2015-05-18,0.0223
2015-05-19,0.0227
2015-05-20,0.0226
2015-05-21,0.0219
2015-05-22,0.022099999999999998
2015-05-26,0.021400000000000002
2015-05-27,0.021400000000000002
2015-05-28,0.0213
2015-05-29,0.0212
2015-06-01,0.0219
2015-06-02,0.0227
2015-06-03,0.023799999999999998
2015-06-04,0.0231
2015-06-05,0.0241
2015-06-08,0.0239
2015-06-09,0.0242
2015-06-10,0.025
2015-06-11,0.0239
2015-06-12,0.0239
2015-06-15,0.0236
2015-06-16,0.0232
2015-06-17,0.0232
2015-06-18,0.0235
2015-06-19,0.0226
2015-06-22,0.023700000000000002
2015-06-23,0.0242
2015-06-24,0.023799999999999998
2015-06-25,0.024
2015-06-26,0.024900000000000002
2015-06-29,0.0233
2015-06-30,0.0235
2015-07-01,0.024300000000000002
2015-07-02,0.024
2015-07-06,0.023
2015-07-07,0.0227
2015-07-08,0.0222
2015-07-09,0.0232
2015-07-10,0.0242
2015-07-13,0.024399999999999998
2015-07-14,0.0241
2015-07-15,0.0236
2015-07-16,0.0236
2015-07-17,0.023399999999999997
2015-07-20,0.023799999999999998
2015-07-21,0.0235
2015-07-22,0.0233
2015-07-23,0.022799999999999997
2015-07-24,0.0227
2015-07-27,0.0223
2015-07-28,0.0226
2015-07-29,0.0229
2015-07-30,0.022799999999999997
2015-07-31,0.022000000000000002
2015-08-03,0.0216
2015-08-04,0.0223
2015-08-05,0.022799999999999997
2015-08-06,0.0223
2015-08-07,0.0218
2015-08-10,0.022400000000000003
2015-08-11,0.0215
2015-08-12,0.021400000000000002
2015-08-13,0.0219
2015-08-14,0.022000000000000002
2015-08-17,0.0216
2015-08-18,0.022000000000000002
2015-08-19,0.0212
2015-08-20,0.0209
2015-08-21,0.020499999999999997
2015-08-24,0.020099999999999996
2015-08-25,0.0212
2015-08-26,0.0218
2015-08-27,0.0218
2015-08-28,0.0219
2015-08-31,0.022099999999999998
2015-09-01,0.0217
2015-09-02,0.022000000000000002
2015-09-03,0.0218
2015-09-04,0.0213
2015-09-08,0.022000000000000002
2015-09-09,0.022099999999999998
2015-09-10,0.0223
2015-09-11,0.022000000000000002
2015-09-14,0.0218
2015-09-15,0.022799999999999997
2015-09-16,0.023
2015-09-17,0.022099999999999998
2015-09-18,0.0213
2015-09-21,0.022000000000000002
2015-09-22,0.021400000000000002
2015-09-23,0.0216
2015-09-24,0.0213
2015-09-25,0.0217
2015-09-28,0.021
2015-09-29,0.020499999999999997
2015-09-30,0.0206
2015-10-01,0.020499999999999997
2015-10-02,0.0199
2015-10-05,0.0207
2015-10-06,0.020499999999999997
2015-10-07,0.0208
2015-10-08,0.0212
2015-10-09,0.0212
2015-10-13,0.0206
2015-10-14,0.0199
2015-10-15,0.0204
2015-10-16,0.0204
2015-10-19,0.0204
2015-10-20,0.0208
2015-10-21,0.0204
2015-10-22,0.0204
2015-10-23,0.0209
2015-10-26,0.0207
2015-10-27,0.020499999999999997
2015-10-28,0.021
2015-10-29,0.0219
2015-10-30,0.0216
2015-11-02,0.022000000000000002
2015-11-03,0.0223
2015-11-04,0.0225
2015-11-05,0.0226
2015-11-06,0.023399999999999997
2015-11-09,0.0236
2015-11-10,0.0232
2015-11-12,0.0232
2015-11-13,0.022799999999999997
2015-11-16,0.0227
2015-11-17,0.0225
2015-11-18,0.0227
2015-11-19,0.022400000000000003
2015-11-20,0.0226
2015-11-23,0.0225
2015-11-24,0.022400000000000003
2015-11-25,0.0223
2015-11-27,0.0222
2015-11-30,0.022099999999999998
2015-12-01,0.0215
2015-12-02,0.0218
2015-12-03,0.0233
2015-12-04,0.022799999999999997
2015-12-07,0.0223
2015-12-08,0.022400000000000003
2015-12-09,0.0222
2015-12-10,0.022400000000000003
2015-12-11,0.0213
2015-12-14,0.0223
2015-12-15,0.022799999999999997
2015-12-16,0.023
2015-12-17,0.022400000000000003
2015-12-18,0.0219
2015-12-21,0.022000000000000002
2015-12-22,0.022400000000000003
2015-12-23,0.0227
2015-12-24,0.0225
2015-12-28,0.022400000000000003
2015-12-29,0.0232
2015-12-30,0.0231
2015-12-31,0.0227
2016-01-04,0.022400000000000003
2016-01-05,0.0225
2016-01-06,0.0218
2016-01-07,0.0216
2016-01-08,0.0213
2016-01-11,0.0217
2016-01-12,0.0212
2016-01-13,0.0208
2016-01-14,0.021
2016-01-15,0.0203
2016-01-19,0.0206
2016-01-20,0.020099999999999996
2016-01-21,0.0202
2016-01-22,0.0207
2016-01-25,0.0203
2016-01-26,0.020099999999999996
2016-01-27,0.0202
2016-01-28,0.02
2016-01-29,0.0194
2016-02-01,0.0197
2016-02-02,0.0187
2016-02-03,0.018799999999999997
2016-02-04,0.0187
2016-02-05,0.018600000000000002
2016-02-08,0.0175
2016-02-09,0.0174
2016-02-10,0.0171
2016-02-11,0.0163
2016-02-12,0.0174
2016-02-16,0.0178
2016-02-17,0.0181
2016-02-18,0.0175
2016-02-19,0.0176
2016-02-22,0.0177
2016-02-23,0.0174
2016-02-24,0.0175
2016-02-25,0.0171
2016-02-26,0.0176
2016-02-29,0.0174
2016-03-01,0.0183
2016-03-02,0.0184
2016-03-03,0.0183
2016-03-04,0.018799999999999997
2016-03-07,0.0191
2016-03-08,0.0183
2016-03-09,0.019
2016-03-10,0.019299999999999998
2016-03-11,0.019799999999999998
2016-03-14,0.0197
2016-03-15,0.0197
2016-03-16,0.0194
2016-03-17,0.0191
2016-03-18,0.018799999999999997
2016-03-21,0.0192
2016-03-22,0.0194
2016-03-23,0.018799999999999997
2016-03-24,0.0191
2016-03-28,0.0189
2016-03-29,0.0181
2016-03-30,0.0183
2016-03-31,0.0178
2016-04-01,0.0179
2016-04-04,0.0178
2016-04-05,0.0173
2016-04-06,0.0176
2016-04-07,0.017
2016-04-08,0.0172
2016-04-11,0.0173
2016-04-12,0.0179
2016-04-13,0.0177
2016-04-14,0.018000000000000002
2016-04-15,0.0176
2016-04-18,0.0178
2016-04-19,0.0179
2016-04-20,0.018500000000000003
2016-04-21,0.018799999999999997
2016-04-22,0.0189
2016-04-25,0.0191
2016-04-26,0.0194
2016-04-27,0.0187
2016-04-28,0.0184
2016-04-29,0.0183
2016-05-02,0.018799999999999997
2016-05-03,0.0181
2016-05-04,0.0179
2016-05-05,0.0176
2016-05-06,0.0179
2016-05-09,0.0177
2016-05-10,0.0177
2016-05-11,0.0173
2016-05-12,0.0175
2016-05-13,0.0171
2016-05-16,0.0175
2016-05-17,0.0176
2016-05-18,0.0187
2016-05-19,0.018500000000000003
2016-05-20,0.018500000000000003
2016-05-23,0.0184
2016-05-24,0.018600000000000002
2016-05-25,0.0187
2016-05-26,0.0183
2016-05-27,0.018500000000000003
2016-05-31,0.0184
2016-06-01,0.018500000000000003
2016-06-02,0.0181
2016-06-03,0.0171
2016-06-06,0.0173
2016-06-07,0.0172
2016-06-08,0.0171
2016-06-09,0.0168
2016-06-10,0.016399999999999998
2016-06-13,0.016200000000000003
2016-06-14,0.016200000000000003
2016-06-15,0.016
2016-06-16,0.015700000000000002
2016-06-17,0.016200000000000003
2016-06-20,0.0167
2016-06-21,0.0171
2016-06-22,0.0169
2016-06-23,0.0174
2016-06-24,0.015700000000000002
2016-06-27,0.0146
2016-06-28,0.0146
2016-06-29,0.015
2016-06-30,0.0149
2016-07-01,0.0146
2016-07-05,0.0137
2016-07-06,0.0138
2016-07-07,0.013999999999999999
2016-07-08,0.0137
2016-07-11,0.0143
2016-07-12,0.015300000000000001
2016-07-13,0.0148
2016-07-14,0.015300000000000001
2016-07-15,0.016
2016-07-18,0.0159
2016-07-19,0.015600000000000001
2016-07-20,0.0159
2016-07-21,0.015700000000000002
2016-07-22,0.015700000000000002
2016-07-25,0.0158
2016-07-26,0.015700000000000002
2016-07-27,0.0152
2016-07-28,0.0152
2016-07-29,0.0146
2016-08-01,0.0151
2016-08-02,0.0155
2016-08-03,0.0155
2016-08-04,0.0151
2016-08-05,0.0159
2016-08-08,0.0159
2016-08-09,0.0155
2016-08-10,0.015
2016-08-11,0.015700000000000002
2016-08-12,0.0151
2016-08-15,0.0155
2016-08-16,0.015700000000000002
2016-08-17,0.015600000000000001
2016-08-18,0.015300000000000001
2016-08-19,0.0158
2016-08-22,0.0155
2016-08-23,0.0155
2016-08-24,0.015600000000000001
2016-08-25,0.0158
2016-08-26,0.016200000000000003
2016-08-29,0.015700000000000002
2016-08-30,0.015700000000000002
2016-08-31,0.0158
2016-09-01,0.015700000000000002
2016-09-02,0.016
2016-09-06,0.0155
2016-09-07,0.0154
2016-09-08,0.0161
2016-09-09,0.0167
2016-09-12,0.0168
2016-09-13,0.0173
2016-09-14,0.017
2016-09-15,0.0171
2016-09-16,0.017
2016-09-19,0.017
2016-09-20,0.0169
2016-09-21,0.0166
2016-09-22,0.0163
2016-09-23,0.016200000000000003
2016-09-26,0.0159
2016-09-27,0.015600000000000001
2016-09-28,0.015700000000000002
2016-09-29,0.015600000000000001
2016-09-30,0.016
2016-10-03,0.0163
2016-10-04,0.0169
2016-10-05,0.0172
2016-10-06,0.0175
2016-10-07,0.0173
2016-10-11,0.0177
2016-10-12,0.0179
2016-10-13,0.0175
2016-10-14,0.018000000000000002
2016-10-17,0.0177
2016-10-18,0.0175
2016-10-19,0.0176
2016-10-20,0.0176
2016-10-21,0.0174
2016-10-24,0.0177
2016-10-25,0.0177
2016-10-26,0.0179
2016-10-27,0.018500000000000003
2016-10-28,0.018600000000000002
2016-10-31,0.0184
2016-11-01,0.0183
2016-11-02,0.0181
2016-11-03,0.0182
2016-11-04,0.0179
2016-11-07,0.0183
2016-11-08,0.018799999999999997
2016-11-09,0.0207
2016-11-10,0.0215
2016-11-14,0.0223
2016-11-15,0.0223
2016-11-16,0.0222
2016-11-17,0.0229
2016-11-18,0.023399999999999997
2016-11-21,0.0233
2016-11-22,0.0231
2016-11-23,0.0236
2016-11-25,0.0236
2016-11-28,0.0232
2016-11-29,0.023
2016-11-30,0.023700000000000002
2016-12-01,0.0245
2016-12-02,0.024
2016-12-05,0.0239
2016-12-06,0.0239
2016-12-07,0.023399999999999997
2016-12-08,0.024
2016-12-09,0.024700000000000003
2016-12-12,0.024900000000000002
2016-12-13,0.0248
2016-12-14,0.0254
2016-12-15,0.026000000000000002
2016-12-16,0.026000000000000002
2016-12-19,0.0254
2016-12-20,0.025699999999999997
2016-12-21,0.0255
2016-12-22,0.0255
2016-12-23,0.0255
2016-12-27,0.025699999999999997
2016-12-28,0.025099999999999997
2016-12-29,0.024900000000000002
2016-12-30,0.0245
2017-01-03,0.0245
2017-01-04,0.0246
2017-01-05,0.023700000000000002
2017-01-06,0.0242
2017-01-09,0.023799999999999998
2017-01-10,0.023799999999999998
2017-01-11,0.023799999999999998
2017-01-12,0.0236
2017-01-13,0.024
2017-01-17,0.0233
2017-01-18,0.0242
2017-01-19,0.024700000000000003
2017-01-20,0.0248
2017-01-23,0.0241
2017-01-24,0.024700000000000003
2017-01-25,0.0253
2017-01-26,0.025099999999999997
2017-01-27,0.024900000000000002
2017-01-30,0.024900000000000002
2017-01-31,0.0245
2017-02-01,0.0248
2017-02-02,0.0248
2017-02-03,0.024900000000000002
2017-02-06,0.0242
2017-02-07,0.024
2017-02-08,0.023399999999999997
2017-02-09,0.024
2017-02-10,0.0241
2017-02-13,0.024300000000000002
2017-02-14,0.024700000000000003
2017-02-15,0.025099999999999997
2017-02-16,0.0245
2017-02-17,0.0242
2017-02-21,0.024300000000000002
2017-02-22,0.0242
2017-02-23,0.023799999999999998
2017-02-24,0.0231
2017-02-27,0.0236
2017-02-28,0.0236
2017-03-01,0.0246
2017-03-02,0.024900000000000002
2017-03-03,0.024900000000000002
2017-03-06,0.024900000000000002
2017-03-07,0.0252
2017-03-08,0.025699999999999997
2017-03-09,0.026000000000000002
2017-03-10,0.0258
2017-03-13,0.0262
2017-03-14,0.026000000000000002
2017-03-15,0.025099999999999997
2017-03-16,0.0253
2017-03-17,0.025
2017-03-20,0.024700000000000003
2017-03-21,0.024300000000000002
2017-03-22,0.024
2017-03-23,0.0241
2017-03-24,0.024
2017-03-27,0.023799999999999998
2017-03-28,0.0242
2017-03-29,0.0239
2017-03-30,0.0242
2017-03-31,0.024
2017-04-03,0.0235
2017-04-04,0.0236
2017-04-05,0.023399999999999997
2017-04-06,0.023399999999999997
2017-04-07,0.023799999999999998
2017-04-10,0.023700000000000002
2017-04-11,0.0232
2017-04-12,0.022799999999999997
2017-04-13,0.022400000000000003
2017-04-17,0.0226
2017-04-18,0.0218
2017-04-19,0.022099999999999998
2017-04-20,0.022400000000000003
2017-04-21,0.022400000000000003
2017-04-24,0.022799999999999997
2017-04-25,0.0235
2017-04-26,0.0232
2017-04-27,0.023
2017-04-28,0.0229
2017-05-01,0.0233
2017-05-02,0.0229
2017-05-03,0.0233
2017-05-04,0.0236
2017-05-05,0.0236
2017-05-08,0.0239
2017-05-09,0.0242
2017-05-10,0.0241
2017-05-11,0.0239
2017-05-12,0.0233
2017-05-15,0.023399999999999997
2017-05-16,0.0233
2017-05-17,0.0222
2017-05-18,0.0223
2017-05-19,0.0223
2017-05-22,0.0225
2017-05-23,0.0229
2017-05-24,0.0226
2017-05-25,0.0225
2017-05-26,0.0225
2017-05-30,0.022099999999999998
2017-05-31,0.022099999999999998
2017-06-01,0.022099999999999998
2017-06-02,0.0215
2017-06-05,0.0218
2017-06-06,0.021400000000000002
2017-06-07,0.0218
2017-06-08,0.0219
2017-06-09,0.022099999999999998
2017-06-12,0.022099999999999998
2017-06-13,0.022099999999999998
2017-06-14,0.0215
2017-06-15,0.0216
2017-06-16,0.0216
2017-06-19,0.0219
2017-06-20,0.0216
2017-06-21,0.0216
2017-06-22,0.0215
2017-06-23,0.0215
2017-06-26,0.021400000000000002
2017-06-27,0.022099999999999998
2017-06-28,0.0222
2017-06-29,0.0227
2017-06-30,0.0231
2017-07-03,0.0235
2017-07-05,0.0233
2017-07-06,0.023700000000000002
2017-07-07,0.0239
2017-07-10,0.023799999999999998
2017-07-11,0.023700000000000002
2017-07-12,0.0233
2017-07-13,0.0235
2017-07-14,0.0233
2017-07-17,0.0231
2017-07-18,0.0227
2017-07-19,0.0227
2017-07-20,0.0227
2017-07-21,0.022400000000000003
2017-07-24,0.0226
2017-07-25,0.0233
2017-07-26,0.0229
2017-07-27,0.0232
2017-07-28,0.023
2017-07-31,0.023
2017-08-01,0.0226
2017-08-02,0.0227
2017-08-03,0.022400000000000003
2017-08-04,0.0227
2017-08-07,0.0226
2017-08-08,0.0229
2017-08-09,0.022400000000000003
2017-08-10,0.022000000000000002
2017-08-11,0.0219
2017-08-14,0.0222
2017-08-15,0.0227
2017-08-16,0.0223
2017-08-17,0.0219
2017-08-18,0.0219
2017-08-21,0.0218
2017-08-22,0.0222
2017-08-23,0.0217
2017-08-24,0.0219
2017-08-25,0.0217
2017-08-28,0.0216
2017-08-29,0.0213
2017-08-30,0.0215
2017-08-31,0.0212
2017-09-01,0.0216
2017-09-05,0.0207
2017-09-06,0.021
2017-09-07,0.020499999999999997
2017-09-08,0.0206
2017-09-11,0.021400000000000002
2017-09-12,0.0217
2017-09-13,0.022000000000000002
2017-09-14,0.022000000000000002
2017-09-15,0.022000000000000002
2017-09-18,0.0223
2017-09-19,0.022400000000000003
2017-09-20,0.022799999999999997
2017-09-21,0.0227
2017-09-22,0.0226
2017-09-25,0.0222
2017-09-26,0.022400000000000003
2017-09-27,0.0231
2017-09-28,0.0231
2017-09-29,0.0233
2017-10-02,0.023399999999999997
2017-10-03,0.0233
2017-10-04,0.0233
2017-10-05,0.0235
2017-10-06,0.023700000000000002
2017-10-10,0.0235
2017-10-11,0.0235
2017-10-12,0.0233
2017-10-13,0.022799999999999997
2017-10-16,0.023
2017-10-17,0.023
2017-10-18,0.023399999999999997
2017-10-19,0.0233
2017-10-20,0.0239
2017-10-23,0.023799999999999998
2017-10-24,0.0242
2017-10-25,0.024399999999999998
2017-10-26,0.0246
2017-10-27,0.0242
2017-10-30,0.023700000000000002
2017-10-31,0.023799999999999998
2017-11-01,0.023700000000000002
2017-11-02,0.0235
2017-11-03,0.023399999999999997
2017-11-06,0.0232
2017-11-07,0.0232
2017-11-08,0.0232
2017-11-09,0.0233
2017-11-10,0.024
2017-11-13,0.024
2017-11-14,0.023799999999999998
2017-11-15,0.0233
2017-11-16,0.023700000000000002
2017-11-17,0.0235
2017-11-20,0.023700000000000002
2017-11-21,0.0236
2017-11-22,0.0232
2017-11-24,0.023399999999999997
2017-11-27,0.0232
2017-11-28,0.023399999999999997
2017-11-29,0.023700000000000002
2017-11-30,0.0242
2017-12-01,0.023700000000000002
2017-12-04,0.023700000000000002
2017-12-05,0.0236
2017-12-06,0.0233
2017-12-07,0.023700000000000002
2017-12-08,0.023799999999999998
2017-12-11,0.0239
2017-12-12,0.024
2017-12-13,0.0236
2017-12-14,0.0235
2017-12-15,0.0235
2017-12-18,0.0239
2017-12-19,0.0246
2017-12-20,0.024900000000000002
2017-12-21,0.0248
2017-12-22,0.0248
2017-12-26,0.024700000000000003
2017-12-27,0.0242
2017-12-28,0.024300000000000002
2017-12-29,0.024
2018-01-02,0.0246
2018-01-03,0.024399999999999998
2018-01-04,0.0246
2018-01-05,0.024700000000000003
2018-01-08,0.024900000000000002
2018-01-09,0.0255
2018-01-10,0.0255
2018-01-11,0.0254
2018-01-12,0.0255
2018-01-16,0.0254
2018-01-17,0.025699999999999997
2018-01-18,0.0262
2018-01-19,0.0264
2018-01-22,0.026600000000000002
2018-01-23,0.0263
2018-01-24,0.0265
2018-01-25,0.0263
2018-01-26,0.026600000000000002
2018-01-29,0.027000000000000003
2018-01-30,0.0273
2018-01-31,0.027200000000000002
2018-02-01,0.0278
2018-02-02,0.028399999999999998
2018-02-05,0.0277
2018-02-06,0.0279
2018-02-07,0.028399999999999998
2018-02-08,0.0285
2018-02-09,0.028300000000000002
2018-02-12,0.0286
2018-02-13,0.028300000000000002
2018-02-14,0.0291
2018-02-15,0.028999999999999998
2018-02-16,0.0287
2018-02-20,0.0288
2018-02-21,0.0294
2018-02-22,0.0292
2018-02-23,0.0288
2018-02-26,0.0286
2018-02-27,0.028999999999999998
2018-02-28,0.0287
2018-03-01,0.0281
2018-03-02,0.0286
2018-03-05,0.0288
2018-03-06,0.0288
2018-03-07,0.028900000000000002
2018-03-08,0.0286
2018-03-09,0.028999999999999998
2018-03-12,0.0287
2018-03-13,0.028399999999999998
2018-03-14,0.0281
2018-03-15,0.0282
2018-03-16,0.0285
2018-03-19,0.0285
2018-03-20,0.028900000000000002
2018-03-21,0.028900000000000002
2018-03-22,0.028300000000000002
2018-03-23,0.0282
2018-03-26,0.0285
2018-03-27,0.0278
2018-03-28,0.0277
2018-03-29,0.0274
2018-04-02,0.0273
2018-04-03,0.0279
2018-04-04,0.0279
2018-04-05,0.028300000000000002
2018-04-06,0.0277
2018-04-09,0.0278
2018-04-10,0.027999999999999997
2018-04-11,0.0279
2018-04-12,0.028300000000000002
2018-04-13,0.0282
2018-04-16,0.028300000000000002
2018-04-17,0.0282
2018-04-18,0.0287
2018-04-19,0.0292
2018-04-20,0.0296
2018-04-23,0.0298
2018-04-24,0.03
2018-04-25,0.030299999999999997
2018-04-26,0.03
2018-04-27,0.0296
2018-04-30,0.029500000000000002
2018-05-01,0.0297
2018-05-02,0.0297
2018-05-03,0.0294
2018-05-04,0.029500000000000002
2018-05-07,0.029500000000000002
2018-05-08,0.0297
2018-05-09,0.03
2018-05-10,0.0297
2018-05-11,0.0297
2018-05-14,0.03
2018-05-15,0.0308
2018-05-16,0.030899999999999997
2018-05-17,0.0311
2018-05-18,0.030600000000000002
2018-05-21,0.030600000000000002
2018-05-22,0.030600000000000002
2018-05-23,0.0301
2018-05-24,0.0298
2018-05-25,0.029300000000000003
2018-05-29,0.0277
2018-05-30,0.028399999999999998
2018-05-31,0.028300000000000002
2018-06-01,0.028900000000000002
2018-06-04,0.0294
2018-06-05,0.0292
2018-06-06,0.0297
2018-06-07,0.029300000000000003
2018-06-08,0.029300000000000003
2018-06-11,0.0296
2018-06-12,0.0296
2018-06-13,0.0298
2018-06-14,0.0294
2018-06-15,0.029300000000000003
2018-06-18,0.0292
2018-06-19,0.028900000000000002
2018-06-20,0.029300000000000003
2018-06-21,0.028999999999999998
2018-06-22,0.028999999999999998
2018-06-25,0.0287
2018-06-26,0.0288
2018-06-27,0.028300000000000002
2018-06-28,0.028399999999999998
2018-06-29,0.0285
2018-07-02,0.0287
2018-07-03,0.028300000000000002
2018-07-05,0.028399999999999998
2018-07-06,0.0282
2018-07-09,0.0286
2018-07-10,0.0287
2018-07-11,0.0285
2018-07-12,0.0285
2018-07-13,0.028300000000000002
2018-07-16,0.0285
2018-07-17,0.0286
2018-07-18,0.0288
2018-07-19,0.028399999999999998
2018-07-20,0.028900000000000002
2018-07-23,0.0296
2018-07-24,0.029500000000000002
2018-07-25,0.0294
2018-07-26,0.0298
2018-07-27,0.0296
2018-07-30,0.0298
2018-07-31,0.0296
2018-08-01,0.03
2018-08-02,0.0298
2018-08-03,0.029500000000000002
2018-08-06,0.0294
2018-08-07,0.0298
2018-08-08,0.0296
2018-08-09,0.029300000000000003
2018-08-10,0.0287
2018-08-13,0.0288
2018-08-14,0.028900000000000002
2018-08-15,0.0286
2018-08-16,0.0287
2018-08-17,0.0287
2018-08-20,0.0282
2018-08-21,0.0285
2018-08-22,0.0282
2018-08-23,0.0282
2018-08-24,0.0282
2018-08-27,0.0285
2018-08-28,0.0288
2018-08-29,0.028900000000000002
2018-08-30,0.0286
2018-08-31,0.0286
2018-09-04,0.028999999999999998
2018-09-05,0.028999999999999998
2018-09-06,0.0288
2018-09-07,0.0294
2018-09-10,0.0294
2018-09-11,0.0298
2018-09-12,0.0297
2018-09-13,0.0297
2018-09-14,0.029900000000000003
2018-09-17,0.029900000000000003
2018-09-18,0.0305
2018-09-19,0.0308
2018-09-20,0.030699999999999998
2018-09-21,0.030699999999999998
2018-09-24,0.0308
2018-09-25,0.031
2018-09-26,0.030600000000000002
2018-09-27,0.030600000000000002
2018-09-28,0.0305
2018-10-01,0.030899999999999997
2018-10-02,0.0305
2018-10-03,0.0315
2018-10-04,0.0319
2018-10-05,0.0323
2018-10-09,0.0321
2018-10-10,0.0322
2018-10-11,0.031400000000000004
2018-10-12,0.0315
2018-10-15,0.0316
2018-10-16,0.0316
2018-10-17,0.0319
2018-10-18,0.0317
2018-10-19,0.032
2018-10-22,0.032
2018-10-23,0.0317
2018-10-24,0.031
2018-10-25,0.031400000000000004
2018-10-26,0.0308
2018-10-29,0.0308
2018-10-30,0.031200000000000002
2018-10-31,0.0315
2018-11-01,0.031400000000000004
2018-11-02,0.0322
2018-11-05,0.032
2018-11-06,0.0322
2018-11-07,0.0322
2018-11-08,0.032400000000000005
2018-11-09,0.0319
2018-11-13,0.031400000000000004
2018-11-14,0.031200000000000002
2018-11-15,0.0311
2018-11-16,0.0308
2018-11-19,0.030600000000000002
2018-11-20,0.030600000000000002
2018-11-21,0.030600000000000002
2018-11-23,0.0305
2018-11-26,0.030699999999999998
2018-11-27,0.030600000000000002
2018-11-28,0.030600000000000002
2018-11-29,0.030299999999999997
2018-11-30,0.0301
2018-12-03,0.0298
2018-12-04,0.0291
2018-12-06,0.0287
2018-12-07,0.0285
2018-12-10,0.0285
2018-12-11,0.028900000000000002
2018-12-12,0.0291
2018-12-13,0.0291
2018-12-14,0.028900000000000002
2018-12-17,0.0286
2018-12-18,0.0282
2018-12-19,0.0277
2018-12-20,0.0279
2018-12-21,0.0279
2018-12-24,0.0274
2018-12-26,0.0281
2018-12-27,0.0277
2018-12-28,0.027200000000000002
2018-12-31,0.0269
2019-01-02,0.026600000000000002
2019-01-03,0.0256
2019-01-04,0.026699999999999998
2019-01-07,0.027000000000000003
2019-01-08,0.0273
2019-01-09,0.0274
2019-01-10,0.0274
2019-01-11,0.0271
2019-01-14,0.0271
2019-01-15,0.027200000000000002
2019-01-16,0.0273
2019-01-17,0.0275
2019-01-18,0.0279
2019-01-22,0.0274
2019-01-23,0.0276
2019-01-24,0.027200000000000002
2019-01-25,0.0276
2019-01-28,0.0275
2019-01-29,0.027200000000000002
2019-01-30,0.027000000000000003
2019-01-31,0.0263
2019-02-01,0.027000000000000003
2019-02-04,0.0273
2019-02-05,0.0271
2019-02-06,0.027000000000000003
2019-02-07,0.0265
2019-02-08,0.0263
2019-02-11,0.0265
2019-02-12,0.0268
2019-02-13,0.0271
2019-02-14,0.026600000000000002
2019-02-15,0.026600000000000002
2019-02-19,0.0265
2019-02-20,0.0265
2019-02-21,0.0269
2019-02-22,0.0265
2019-02-25,0.026699999999999998
2019-02-26,0.0264
2019-02-27,0.0269
2019-02-28,0.0273
2019-03-01,0.0276
2019-03-04,0.027200000000000002
2019-03-05,0.027200000000000002
2019-03-06,0.0269
2019-03-07,0.0264
2019-03-08,0.0262
2019-03-11,0.0264
2019-03-12,0.026099999999999998
2019-03-13,0.026099999999999998
2019-03-14,0.0263
2019-03-15,0.0259
2019-03-18,0.026000000000000002
2019-03-19,0.026099999999999998
2019-03-20,0.0254
2019-03-21,0.0254
2019-03-22,0.024399999999999998
2019-03-25,0.024300000000000002
2019-03-26,0.0241
2019-03-27,0.0239
2019-03-28,0.0239
2019-03-29,0.0241
2019-04-01,0.024900000000000002
2019-04-02,0.0248
2019-04-03,0.0252
2019-04-04,0.025099999999999997
2019-04-05,0.025
2019-04-08,0.0252
2019-04-09,0.025099999999999997
2019-04-10,0.0248
2019-04-11,0.025099999999999997
2019-04-12,0.0256
2019-04-15,0.0255
2019-04-16,0.026000000000000002
2019-04-17,0.0259
2019-04-18,0.025699999999999997
2019-04-22,0.0259
2019-04-23,0.025699999999999997
2019-04-24,0.0253
2019-04-25,0.0254
2019-04-26,0.025099999999999997
2019-04-29,0.0254
2019-04-30,0.025099999999999997
2019-05-01,0.0252
2019-05-02,0.0255
2019-05-03,0.0254
2019-05-06,0.025099999999999997
2019-05-07,0.0245
2019-05-08,0.024900000000000002
2019-05-09,0.0245
2019-05-10,0.024700000000000003
2019-05-13,0.024
2019-05-14,0.0242
2019-05-15,0.023700000000000002
2019-05-16,0.024
2019-05-17,0.0239
2019-05-20,0.0241
2019-05-21,0.024300000000000002
2019-05-22,0.0239
2019-05-23,0.0231
2019-05-24,0.0232
2019-05-28,0.0226
2019-05-29,0.0225
2019-05-30,0.0222
2019-05-31,0.021400000000000002
2019-06-03,0.0207
2019-06-04,0.0212
2019-06-05,0.0212
2019-06-06,0.0212
2019-06-07,0.0209
2019-06-10,0.0215
2019-06-11,0.0215
2019-06-12,0.0213
2019-06-13,0.021
2019-06-14,0.0209
2019-06-17,0.0209
2019-06-18,0.0206
2019-06-19,0.0203
2019-06-20,0.020099999999999996
2019-06-21,0.0207
2019-06-24,0.0202
2019-06-25,0.02
2019-06-26,0.020499999999999997
2019-06-27,0.020099999999999996
2019-06-28,0.02
2019-07-01,0.0203
2019-07-02,0.019799999999999998
2019-07-03,0.0196
2019-07-05,0.0204
2019-07-08,0.020499999999999997
2019-07-09,0.0207
2019-07-10,0.0207
2019-07-11,0.0213
2019-07-12,0.0212
2019-07-15,0.0209
2019-07-16,0.0213
2019-07-17,0.0206
2019-07-18,0.0204
2019-07-19,0.020499999999999997
2019-07-22,0.020499999999999997
2019-07-23,0.0208
2019-07-24,0.020499999999999997
2019-07-25,0.0208
2019-07-26,0.0208
2019-07-29,0.0206
2019-07-30,0.0206
2019-07-31,0.0202
2019-08-01,0.019
2019-08-02,0.018600000000000002
2019-08-05,0.0175
2019-08-06,0.0173
2019-08-07,0.0171
2019-08-08,0.0172
2019-08-09,0.0174
2019-08-12,0.0165
2019-08-13,0.0168
2019-08-14,0.0159
2019-08-15,0.0152
2019-08-16,0.0155
2019-08-19,0.016
2019-08-20,0.0155
2019-08-21,0.0159
2019-08-22,0.016200000000000003
2019-08-23,0.0152
2019-08-26,0.0154
2019-08-27,0.0149
2019-08-28,0.0147
2019-08-29,0.015
2019-08-30,0.015
2019-09-03,0.0147
2019-09-04,0.0147
2019-09-05,0.015700000000000002
2019-09-06,0.0155
2019-09-09,0.0163
2019-09-10,0.0172
2019-09-11,0.0175
2019-09-12,0.0179
2019-09-13,0.019
2019-09-16,0.0184
2019-09-17,0.0181
2019-09-18,0.018000000000000002
2019-09-19,0.0179
2019-09-20,0.0174
2019-09-23,0.0172
2019-09-24,0.016399999999999998
2019-09-25,0.0173
2019-09-26,0.017
2019-09-27,0.0169
2019-09-30,0.0168
2019-10-01,0.0165
2019-10-02,0.016
2019-10-03,0.0154
2019-10-04,0.0152
2019-10-07,0.015600000000000001
2019-10-08,0.0154
2019-10-09,0.0159
2019-10-10,0.0167
2019-10-11,0.0176
2019-10-15,0.0177
2019-10-16,0.0175
2019-10-17,0.0176
2019-10-18,0.0176
2019-10-21,0.018000000000000002
2019-10-22,0.0178
2019-10-23,0.0177
2019-10-24,0.0177
2019-10-25,0.018000000000000002
2019-10-28,0.018500000000000003
2019-10-29,0.0184
2019-10-30,0.0178
2019-10-31,0.0169
2019-11-01,0.0173
2019-11-04,0.0179
2019-11-05,0.018600000000000002
2019-11-06,0.0181
2019-11-07,0.0192
2019-11-08,0.0194
2019-11-12,0.0192
2019-11-13,0.018799999999999997
2019-11-14,0.0182
2019-11-15,0.0184
2019-11-18,0.0181
2019-11-19,0.0179
2019-11-20,0.0173
2019-11-21,0.0177
2019-11-22,0.0177
2019-11-25,0.0176
2019-11-26,0.0174
2019-11-27,0.0177
2019-11-29,0.0178
2019-12-02,0.0183
2019-12-03,0.0172
2019-12-04,0.0177
2019-12-05,0.018000000000000002
2019-12-06,0.0184
2019-12-09,0.0183
2019-12-10,0.018500000000000003
2019-12-11,0.0179
2019-12-12,0.019
2019-12-13,0.0182
2019-12-16,0.0189
2019-12-17,0.0189
2019-12-18,0.0192
2019-12-19,0.0192
2019-12-20,0.0192
2019-12-23,0.019299999999999998
2019-12-24,0.019
2019-12-26,0.019
2019-12-27,0.018799999999999997
2019-12-30,0.019
2019-12-31,0.0192
2020-01-02,0.018799999999999997
2020-01-03,0.018000000000000002
2020-01-06,0.0181
2020-01-07,0.0183
2020-01-08,0.0187
2020-01-09,0.018500000000000003
2020-01-10,0.0183
2020-01-13,0.018500000000000003
2020-01-14,0.0182
2020-01-15,0.0179
2020-01-16,0.0181
2020-01-17,0.0184
2020-01-21,0.0178
2020-01-22,0.0177
2020-01-23,0.0174
2020-01-24,0.017
2020-01-27,0.0161
2020-01-28,0.0165
2020-01-29,0.016
2020-01-30,0.015700000000000002
2020-01-31,0.0151
2020-02-03,0.0154
2020-02-04,0.0161
2020-02-05,0.0166
2020-02-06,0.0165
2020-02-07,0.0159
2020-02-10,0.015600000000000001
2020-02-11,0.0159
2020-02-12,0.016200000000000003
2020-02-13,0.0161
2020-02-14,0.0159
2020-02-18,0.0155
2020-02-19,0.015600000000000001
2020-02-20,0.0152
2020-02-21,0.0146
2020-02-24,0.0138
2020-02-25,0.013300000000000001
2020-02-26,0.013300000000000001
2020-02-27,0.013000000000000001
2020-02-28,0.0113
2020-03-02,0.011000000000000001
2020-03-03,0.0102
2020-03-04,0.0102
2020-03-05,0.0092
2020-03-06,0.0074
2020-03-09,0.0054
2020-03-10,0.0076
2020-03-11,0.008199999999999999
2020-03-12,0.0088
2020-03-13,0.009399999999999999
2020-03-16,0.0073
2020-03-17,0.0102
2020-03-18,0.0118
2020-03-19,0.011200000000000002
2020-03-20,0.0092
2020-03-23,0.0076
2020-03-24,0.0084
2020-03-25,0.0088
2020-03-26,0.0083
2020-03-27,0.0072
2020-03-30,0.006999999999999999
2020-03-31,0.006999999999999999
2020-04-01,0.0062
2020-04-02,0.0063
2020-04-03,0.0062
2020-04-06,0.0067
2020-04-07,0.0075
2020-04-08,0.0077
2020-04-09,0.0073
2020-04-13,0.0076
2020-04-14,0.0076
2020-04-15,0.0063
2020-04-16,0.0060999999999999995
2020-04-17,0.006500000000000001
2020-04-20,0.0063
2020-04-21,0.0058
2020-04-22,0.0063
2020-04-23,0.0060999999999999995
2020-04-24,0.006
2020-04-27,0.0067
2020-04-28,0.0062
2020-04-29,0.0063
2020-04-30,0.0064
2020-05-01,0.0064
2020-05-04,0.0064
2020-05-05,0.0066
2020-05-06,0.0072
2020-05-07,0.0063
2020-05-08,0.0069
2020-05-11,0.0073
2020-05-12,0.0069
2020-05-13,0.0064
2020-05-14,0.0063
2020-05-15,0.0064
2020-05-18,0.0073
2020-05-19,0.006999999999999999
2020-05-20,0.0068000000000000005
2020-05-21,0.0068000000000000005
2020-05-22,0.0066
2020-05-26,0.0069
2020-05-27,0.0068000000000000005
2020-05-28,0.006999999999999999
2020-05-29,0.006500000000000001
2020-06-01,0.0066
2020-06-02,0.0068000000000000005
2020-06-03,0.0077
2020-06-04,0.008199999999999999
2020-06-05,0.0091
2020-06-08,0.0088
2020-06-09,0.0084
2020-06-10,0.0075
2020-06-11,0.0066
2020-06-12,0.0070999999999999995
2020-06-15,0.0070999999999999995
2020-06-16,0.0075
2020-06-17,0.0074
2020-06-18,0.0070999999999999995
2020-06-19,0.006999999999999999
2020-06-22,0.0070999999999999995
2020-06-23,0.0072
2020-06-24,0.0069
2020-06-25,0.0068000000000000005
2020-06-26,0.0064
2020-06-29,0.0064
2020-06-30,0.0066
2020-07-01,0.0069
2020-07-02,0.0068000000000000005
2020-07-06,0.0069
2020-07-07,0.006500000000000001
2020-07-08,0.0067
2020-07-09,0.0062
2020-07-10,0.006500000000000001
2020-07-13,0.0064
2020-07-14,0.0063
2020-07-15,0.0064
2020-07-16,0.0062
2020-07-17,0.0064
2020-07-20,0.0062
2020-07-21,0.0060999999999999995
2020-07-22,0.006
2020-07-23,0.0059
2020-07-24,0.0059
2020-07-27,0.0062
2020-07-28,0.0059
2020-07-29,0.0058
2020-07-30,0.0055000000000000005
2020-07-31,0.0055000000000000005
2020-08-03,0.005600000000000001
2020-08-04,0.0052
2020-08-05,0.0055000000000000005
2020-08-06,0.0055000000000000005
2020-08-07,0.005699999999999999
2020-08-10,0.0059
2020-08-11,0.0064
2020-08-12,0.0069
2020-08-13,0.0070999999999999995
2020-08-14,0.0070999999999999995
2020-08-17,0.0069
2020-08-18,0.0067
2020-08-19,0.0068000000000000005
2020-08-20,0.006500000000000001
2020-08-21,0.0064
2020-08-24,0.006500000000000001
2020-08-25,0.0069
2020-08-26,0.0069
2020-08-27,0.0074
2020-08-28,0.0074
2020-08-31,0.0072
2020-09-01,0.0068000000000000005
2020-09-02,0.0066
2020-09-03,0.0063
2020-09-04,0.0072
2020-09-08,0.0069
2020-09-09,0.0070999999999999995
2020-09-10,0.0068000000000000005
2020-09-11,0.0067
2020-09-14,0.0068000000000000005
2020-09-15,0.0068000000000000005
2020-09-16,0.0069
2020-09-17,0.0069
2020-09-18,0.006999999999999999
2020-09-21,0.0068000000000000005
2020-09-22,0.0068000000000000005
2020-09-23,0.0068000000000000005
2020-09-24,0.0067
2020-09-25,0.0066
2020-09-28,0.0067
2020-09-29,0.0066
2020-09-30,0.0069
2020-10-01,0.0068000000000000005
2020-10-02,0.006999999999999999
2020-10-05,0.0078000000000000005
2020-10-06,0.0076
2020-10-07,0.008100000000000001
2020-10-08,0.0078000000000000005
2020-10-09,0.0079
2020-10-13,0.0074
2020-10-14,0.0073
2020-10-15,0.0074
2020-10-16,0.0076
2020-10-19,0.0078000000000000005
2020-10-20,0.008100000000000001
2020-10-21,0.0083
2020-10-22,0.0087
2020-10-23,0.0085
2020-10-26,0.008100000000000001
2020-10-27,0.0079
2020-10-28,0.0079
2020-10-29,0.0085
2020-10-30,0.0088
2020-11-02,0.0087
2020-11-03,0.009000000000000001
2020-11-04,0.0078000000000000005
2020-11-05,0.0079
2020-11-06,0.0083
2020-11-09,0.0096
2020-11-10,0.0098
2020-11-12,0.0088
2020-11-13,0.0089
2020-11-16,0.0091
2020-11-17,0.0087
2020-11-18,0.0088
2020-11-19,0.0086
2020-11-20,0.0083
2020-11-23,0.0086
2020-11-24,0.0088
2020-11-25,0.0088
2020-11-27,0.0084
2020-11-30,0.0084
2020-12-01,0.0092
2020-12-02,0.0095
2020-12-03,0.0092
2020-12-04,0.0097
2020-12-07,0.009399999999999999
2020-12-08,0.0092
2020-12-09,0.0095
2020-12-10,0.0092
2020-12-11,0.009000000000000001
2020-12-14,0.009000000000000001
2020-12-15,0.0092
2020-12-16,0.0092
2020-12-17,0.009399999999999999
2020-12-18,0.0095
2020-12-21,0.0095
2020-12-22,0.009300000000000001
2020-12-23,0.0096
2020-12-24,0.009399999999999999
2020-12-28,0.009399999999999999
2020-12-29,0.009399999999999999
2020-12-30,0.009300000000000001
2020-12-31,0.009300000000000001
2021-01-04,0.009300000000000001
2021-01-05,0.0096
2021-01-06,0.0104
2021-01-07,0.0108
2021-01-08,0.0113
2021-01-11,0.0115
2021-01-12,0.0115
2021-01-13,0.011000000000000001
2021-01-14,0.0115
2021-01-15,0.0111
2021-01-19,0.011000000000000001
2021-01-20,0.011000000000000001
2021-01-21,0.011200000000000002
2021-01-22,0.011000000000000001
2021-01-25,0.0105
2021-01-26,0.0105
2021-01-27,0.0104
2021-01-28,0.010700000000000001
2021-01-29,0.0111
2021-02-01,0.0109
2021-02-02,0.011200000000000002
2021-02-03,0.0115
2021-02-04,0.0115
2021-02-05,0.011899999999999999
2021-02-08,0.011899999999999999
2021-02-09,0.0118
2021-02-10,0.0115
2021-02-11,0.0116
2021-02-12,0.012
2021-02-16,0.013000000000000001
2021-02-17,0.0129
2021-02-18,0.0129
2021-02-19,0.0134
2021-02-22,0.0137
2021-02-23,0.0137
2021-02-24,0.0138
2021-02-25,0.0154
2021-02-26,0.0144
2021-03-01,0.014499999999999999
2021-03-02,0.014199999999999999
2021-03-03,0.0147
2021-03-04,0.0154
2021-03-05,0.015600000000000001
2021-03-08,0.0159
2021-03-09,0.0155
2021-03-10,0.015300000000000001
2021-03-11,0.0154
2021-03-12,0.016399999999999998
2021-03-15,0.016200000000000003
2021-03-16,0.016200000000000003
2021-03-17,0.0163
2021-03-18,0.0171
2021-03-19,0.0174
2021-03-22,0.0169
2021-03-23,0.0163
2021-03-24,0.016200000000000003
2021-03-25,0.0163
2021-03-26,0.0167
2021-03-29,0.0173
2021-03-30,0.0173
2021-03-31,0.0174
2021-04-01,0.0169
2021-04-02,0.0172
2021-04-05,0.0173
2021-04-06,0.0167
2021-04-07,0.0168
2021-04-08,0.016399999999999998
2021-04-09,0.0167
2021-04-12,0.0169
2021-04-13,0.016399999999999998
2021-04-14,0.016399999999999998
2021-04-15,0.015600000000000001
2021-04-16,0.0159
2021-04-19,0.0161
2021-04-20,0.0158
2021-04-21,0.015700000000000002
2021-04-22,0.015700000000000002
2021-04-23,0.0158
2021-04-26,0.0158
2021-04-27,0.0163
2021-04-28,0.0163
2021-04-29,0.0165
2021-04-30,0.0165
2021-05-03,0.0163
2021-05-04,0.0161
2021-05-05,0.0159
2021-05-06,0.0158
2021-05-07,0.016
2021-05-10,0.0163
2021-05-11,0.016399999999999998
2021-05-12,0.0169
2021-05-13,0.0166
2021-05-14,0.0163
2021-05-17,0.016399999999999998
2021-05-18,0.016399999999999998
2021-05-19,0.0168
2021-05-20,0.0163
2021-05-21,0.0163
2021-05-24,0.0161
2021-05-25,0.015600000000000001
2021-05-26,0.0158
2021-05-27,0.0161
2021-05-28,0.0158
2021-06-01,0.016200000000000003
2021-06-02,0.0159
2021-06-03,0.0163
2021-06-04,0.015600000000000001
2021-06-07,0.015700000000000002
2021-06-08,0.015300000000000001
2021-06-09,0.015
2021-06-10,0.014499999999999999
2021-06-11,0.0147
2021-06-14,0.0151
2021-06-15,0.0151
2021-06-16,0.015700000000000002
2021-06-17,0.0152
2021-06-18,0.014499999999999999
2021-06-21,0.015
2021-06-22,0.0148
2021-06-23,0.015
2021-06-24,0.0149
2021-06-25,0.0154
2021-06-28,0.0149
2021-06-29,0.0149
2021-06-30,0.014499999999999999
2021-07-01,0.0148
2021-07-02,0.0144
2021-07-06,0.0137
2021-07-07,0.013300000000000001
2021-07-08,0.013000000000000001
2021-07-09,0.0137
2021-07-12,0.0138
2021-07-13,0.014199999999999999
2021-07-14,0.0137
2021-07-15,0.0131
2021-07-16,0.0131
2021-07-19,0.011899999999999999
2021-07-20,0.0123
2021-07-21,0.013000000000000001
2021-07-22,0.0127
2021-07-23,0.013000000000000001
2021-07-26,0.0129
2021-07-27,0.0125
2021-07-28,0.0126
2021-07-29,0.0128
2021-07-30,0.0124
2021-08-02,0.012
2021-08-03,0.011899999999999999
2021-08-04,0.011899999999999999
2021-08-05,0.0123
2021-08-06,0.0131
2021-08-09,0.013300000000000001
2021-08-10,0.013600000000000001
2021-08-11,0.013500000000000002
2021-08-12,0.013600000000000001
2021-08-13,0.0129
2021-08-16,0.0126
2021-08-17,0.0126
2021-08-18,0.0127
2021-08-19,0.0124
2021-08-20,0.0126
2021-08-23,0.0125
2021-08-24,0.0129
2021-08-25,0.013500000000000002
2021-08-26,0.0134
2021-08-27,0.0131
2021-08-30,0.0129
2021-08-31,0.013000000000000001
2021-09-01,0.0131
2021-09-02,0.0129
2021-09-03,0.013300000000000001
2021-09-07,0.0138
2021-09-08,0.013500000000000002
2021-09-09,0.013000000000000001
2021-09-10,0.013500000000000002
2021-09-13,0.013300000000000001
2021-09-14,0.0128
2021-09-15,0.0131
2021-09-16,0.0134
2021-09-17,0.0137
2021-09-20,0.0131
2021-09-21,0.013300000000000001
2021-09-22,0.0132
2021-09-23,0.0141
2021-09-24,0.0147
2021-09-27,0.0148
2021-09-28,0.0154
2021-09-29,0.0155
2021-09-30,0.0152
2021-10-01,0.0148
2021-10-04,0.0149
2021-10-05,0.0154
2021-10-06,0.015300000000000001
2021-10-07,0.0158
2021-10-08,0.0161
2021-10-12,0.0159
2021-10-13,0.015600000000000001
2021-10-14,0.0152
2021-10-15,0.0159
2021-10-18,0.0159
2021-10-19,0.0165
2021-10-20,0.0165
2021-10-21,0.0168
2021-10-22,0.0166
2021-10-25,0.016399999999999998
2021-10-26,0.0163
2021-10-27,0.0154
2021-10-28,0.015700000000000002
2021-10-29,0.0155
2021-11-01,0.0158
2021-11-02,0.015600000000000001
2021-11-03,0.016
2021-11-04,0.015300000000000001
2021-11-05,0.014499999999999999
2021-11-08,0.0151
2021-11-09,0.0146
2021-11-10,0.015600000000000001
2021-11-12,0.0158
2021-11-15,0.0163
2021-11-16,0.0163
2021-11-17,0.016
2021-11-18,0.0159
2021-11-19,0.0154
2021-11-22,0.0163
2021-11-23,0.0167
2021-11-24,0.016399999999999998
2021-11-26,0.0148
2021-11-29,0.0152
2021-11-30,0.0143
2021-12-01,0.0143
2021-12-02,0.0144
2021-12-03,0.013500000000000002
2021-12-06,0.0143
2021-12-07,0.0148
2021-12-08,0.0152
2021-12-09,0.0149
2021-12-10,0.0148
2021-12-13,0.014199999999999999
2021-12-14,0.0144
2021-12-15,0.0147
2021-12-16,0.0144
2021-12-17,0.0141
2021-12-20,0.0143
2021-12-21,0.0148
2021-12-22,0.0146
2021-12-23,0.015
2021-12-27,0.0148
2021-12-28,0.0149
2021-12-29,0.0155
2021-12-30,0.0152
2021-12-31,0.0152
2022-01-03,0.0163
2022-01-04,0.0166
2022-01-05,0.0171
2022-01-06,0.0173
2022-01-07,0.0176
2022-01-10,0.0178
2022-01-11,0.0175
2022-01-12,0.0174
2022-01-13,0.017
2022-01-14,0.0178
2022-01-18,0.0187
2022-01-19,0.0183
2022-01-20,0.0183
2022-01-21,0.0175
2022-01-24,0.0175
2022-01-25,0.0178
2022-01-26,0.018500000000000003
2022-01-27,0.0181
2022-01-28,0.0178
2022-01-31,0.0179
2022-02-01,0.0181
2022-02-02,0.0178
2022-02-03,0.0182
2022-02-04,0.019299999999999998
2022-02-07,0.0192
2022-02-08,0.0196
2022-02-09,0.0194
2022-02-10,0.0203
2022-02-11,0.0192
2022-02-14,0.019799999999999998
2022-02-15,0.020499999999999997
2022-02-16,0.0203
2022-02-17,0.0197
2022-02-18,0.0192
2022-02-22,0.0194
2022-02-23,0.0199
2022-02-24,0.0196
2022-02-25,0.0197
2022-02-28,0.0183
2022-03-01,0.0172
2022-03-02,0.018600000000000002
2022-03-03,0.018600000000000002
2022-03-04,0.0174
2022-03-07,0.0178
2022-03-08,0.018600000000000002
2022-03-09,0.0194
2022-03-10,0.019799999999999998
2022-03-11,0.02
2022-03-14,0.021400000000000002
2022-03-15,0.0215
2022-03-16,0.0219
2022-03-17,0.022000000000000002
2022-03-18,0.021400000000000002
2022-03-21,0.0232
2022-03-22,0.023799999999999998
2022-03-23,0.0232
2022-03-24,0.023399999999999997
2022-03-25,0.0248
2022-03-28,0.0246
2022-03-29,0.0241
2022-03-30,0.0235
2022-03-31,0.0232
2022-04-01,0.0239
2022-04-04,0.0242
2022-04-05,0.0254
2022-04-06,0.026099999999999998
2022-04-07,0.026600000000000002
2022-04-08,0.027200000000000002
2022-04-11,0.0279
2022-04-12,0.027200000000000002
2022-04-13,0.027000000000000003
2022-04-14,0.028300000000000002
2022-04-18,0.0285
2022-04-19,0.029300000000000003
2022-04-20,0.0285
2022-04-21,0.028999999999999998
2022-04-22,0.028999999999999998
2022-04-25,0.0281
2022-04-26,0.0277
2022-04-27,0.0282
2022-04-28,0.0285
2022-04-29,0.028900000000000002
2022-05-02,0.029900000000000003
2022-05-03,0.0297
2022-05-04,0.029300000000000003
2022-05-05,0.0305
2022-05-06,0.031200000000000002
2022-05-09,0.0305
2022-05-10,0.029900000000000003
2022-05-11,0.0291
2022-05-12,0.028399999999999998
2022-05-13,0.029300000000000003
2022-05-16,0.0288
2022-05-17,0.0298
2022-05-18,0.028900000000000002
2022-05-19,0.028399999999999998
2022-05-20,0.0278
2022-05-23,0.0286
2022-05-24,0.0276
2022-05-25,0.0275
2022-05-26,0.0275
2022-05-27,0.0274
2022-05-31,0.0285
2022-06-01,0.0294
2022-06-02,0.0292
2022-06-03,0.0296
2022-06-06,0.0304
2022-06-07,0.0298
2022-06-08,0.030299999999999997
2022-06-09,0.0304
2022-06-10,0.0315
2022-06-13,0.034300000000000004
2022-06-14,0.0349
2022-06-15,0.0333
2022-06-16,0.032799999999999996
2022-06-17,0.0325
2022-06-21,0.0331
2022-06-22,0.0316
2022-06-23,0.030899999999999997
2022-06-24,0.0313
2022-06-27,0.032
2022-06-28,0.032
2022-06-29,0.031
2022-06-30,0.0298
2022-07-01,0.0288
2022-07-05,0.0282
2022-07-06,0.029300000000000003
2022-07-07,0.0301
2022-07-08,0.030899999999999997
2022-07-11,0.029900000000000003
2022-07-12,0.0296
2022-07-13,0.0291
2022-07-14,0.0296
2022-07-15,0.029300000000000003
2022-07-18,0.0296
2022-07-19,0.0301
2022-07-20,0.0304
2022-07-21,0.0291
2022-07-22,0.0277
2022-07-25,0.0281
2022-07-26,0.0281
2022-07-27,0.0278
2022-07-28,0.0268
2022-07-29,0.026699999999999998
2022-08-01,0.026000000000000002
2022-08-02,0.0275
2022-08-03,0.0273
2022-08-04,0.0268
2022-08-05,0.028300000000000002
2022-08-08,0.0277
2022-08-09,0.027999999999999997
2022-08-10,0.0278
2022-08-11,0.0287
2022-08-12,0.028399999999999998
2022-08-15,0.0279
2022-08-16,0.0282
2022-08-17,0.028900000000000002
2022-08-18,0.0288
2022-08-19,0.0298
2022-08-22,0.030299999999999997
2022-08-23,0.0305
2022-08-24,0.0311
2022-08-25,0.030299999999999997
2022-08-26,0.0304
2022-08-29,0.031200000000000002
2022-08-30,0.0311
2022-08-31,0.0315
2022-09-01,0.0326
2022-09-02,0.032
2022-09-06,0.0333
2022-09-07,0.0327
2022-09-08,0.0329
2022-09-09,0.0333
2022-09-12,0.0337
2022-09-13,0.0342
2022-09-14,0.0341
2022-09-15,0.0345
2022-09-16,0.0345
2022-09-19,0.0349
2022-09-20,0.035699999999999996
2022-09-21,0.0351
2022-09-22,0.037000000000000005
2022-09-23,0.0369
2022-09-26,0.0388
2022-09-27,0.0397
2022-09-28,0.037200000000000004
2022-09-29,0.037599999999999995
2022-09-30,0.0383
2022-10-03,0.036699999999999997
2022-10-04,0.0362
2022-10-05,0.037599999999999995
2022-10-06,0.0383
2022-10-07,0.038900000000000004
2022-10-11,0.0393
2022-10-12,0.0391
2022-10-13,0.0397
2022-10-14,0.04
2022-10-17,0.04019999999999999
2022-10-18,0.0401
2022-10-19,0.0414
2022-10-20,0.0424
2022-10-21,0.0421
2022-10-24,0.0425
2022-10-25,0.040999999999999995
2022-10-26,0.0404
2022-10-27,0.039599999999999996
2022-10-28,0.04019999999999999
2022-10-31,0.040999999999999995
2022-11-01,0.0407
2022-11-02,0.040999999999999995
2022-11-03,0.0414
2022-11-04,0.0417
2022-11-07,0.042199999999999994
2022-11-08,0.0414
2022-11-09,0.0412
2022-11-10,0.0382
2022-11-14,0.0388
2022-11-15,0.038
2022-11-16,0.036699999999999997
2022-11-17,0.0377
2022-11-18,0.0382
2022-11-21,0.0383
2022-11-22,0.037599999999999995
2022-11-23,0.0371
2022-11-25,0.0368
2022-11-28,0.0369
2022-11-29,0.0375
2022-11-30,0.0368
2022-12-01,0.0353
2022-12-02,0.0351
2022-12-05,0.036000000000000004
2022-12-06,0.0351
2022-12-07,0.0342
2022-12-08,0.0348
2022-12-09,0.035699999999999996
2022-12-12,0.0361
2022-12-13,0.0351
2022-12-14,0.0349
2022-12-15,0.0344
2022-12-16,0.0348
2022-12-19,0.035699999999999996
2022-12-20,0.0369
2022-12-21,0.0368
2022-12-22,0.036699999999999997
2022-12-23,0.0375
2022-12-27,0.0384
2022-12-28,0.0388
2022-12-29,0.0383
2022-12-30,0.0388
2023-01-03,0.0379
2023-01-04,0.0369
2023-01-05,0.0371
2023-01-06,0.0355
2023-01-09,0.0353
2023-01-10,0.0361
2023-01-11,0.0354
2023-01-12,0.034300000000000004
2023-01-13,0.0349
2023-01-17,0.0353
2023-01-18,0.0337
2023-01-19,0.0339
2023-01-20,0.0348
2023-01-23,0.0352
2023-01-24,0.0346
2023-01-25,0.0346
2023-01-26,0.0349
2023-01-27,0.0352
2023-01-30,0.0355
2023-01-31,0.0352
2023-02-01,0.0339
2023-02-02,0.034
2023-02-03,0.0353
2023-02-06,0.0363
2023-02-07,0.036699999999999997
2023-02-08,0.0363
2023-02-09,0.036699999999999997
2023-02-10,0.0374
2023-02-13,0.037200000000000004
2023-02-14,0.0377
2023-02-15,0.0381
2023-02-16,0.038599999999999995
2023-02-17,0.0382
2023-02-21,0.0395
2023-02-22,0.0393
2023-02-23,0.0388
2023-02-24,0.0395
2023-02-27,0.0392
2023-02-28,0.0392
2023-03-01,0.0401
2023-03-02,0.0408
2023-03-03,0.0397
2023-03-06,0.0398
2023-03-07,0.0397
2023-03-08,0.0398
2023-03-09,0.0393
2023-03-10,0.037000000000000005
2023-03-13,0.0355
2023-03-14,0.0364
2023-03-15,0.0351
2023-03-16,0.0356
2023-03-17,0.0339
2023-03-20,0.0347
2023-03-21,0.0359
2023-03-22,0.0348
2023-03-23,0.0338
2023-03-24,0.0338
2023-03-27,0.0353
2023-03-28,0.0355
2023-03-29,0.035699999999999996
2023-03-30,0.0355
2023-03-31,0.0348
2023-04-03,0.034300000000000004
2023-04-04,0.0335
2023-04-05,0.033
2023-04-06,0.033
2023-04-07,0.0339
2023-04-10,0.0341
2023-04-11,0.034300000000000004
2023-04-12,0.0341
2023-04-13,0.0345
2023-04-14,0.0352
2023-04-17,0.036000000000000004
2023-04-18,0.0358
2023-04-19,0.036000000000000004
2023-04-20,0.0354
2023-04-21,0.035699999999999996
2023-04-24,0.0352
2023-04-25,0.034
2023-04-26,0.034300000000000004
2023-04-27,0.0353
2023-04-28,0.0344
2023-05-01,0.0359
2023-05-02,0.0344
2023-05-03,0.0338
2023-05-04,0.0337
2023-05-05,0.0344
2023-05-08,0.0352
2023-05-09,0.0353
2023-05-10,0.034300000000000004
2023-05-11,0.0339
2023-05-12,0.0346
2023-05-15,0.035
2023-05-16,0.0354
2023-05-17,0.035699999999999996
2023-05-18,0.0365
2023-05-19,0.037000000000000005
2023-05-22,0.037200000000000004
2023-05-23,0.037000000000000005
2023-05-24,0.0373
2023-05-25,0.0383
2023-05-26,0.038
2023-05-30,0.0369
2023-05-31,0.0364
2023-06-01,0.0361
2023-06-02,0.0369
2023-06-05,0.0369
2023-06-06,0.037000000000000005
2023-06-07,0.0379
2023-06-08,0.0373
2023-06-09,0.0375
2023-06-12,0.0373
2023-06-13,0.0384
2023-06-14,0.0383
2023-06-15,0.037200000000000004
2023-06-16,0.0377
2023-06-20,0.0374
2023-06-21,0.037200000000000004
2023-06-22,0.038
2023-06-23,0.0374
2023-06-26,0.037200000000000004
2023-06-27,0.0377
2023-06-28,0.0371
2023-06-29,0.0385
2023-06-30,0.0381
2023-07-03,0.038599999999999995
2023-07-05,0.0395
2023-07-06,0.0405
2023-07-07,0.0406
2023-07-10,0.0401
2023-07-11,0.039900000000000005
2023-07-12,0.038599999999999995
2023-07-13,0.037599999999999995
2023-07-14,0.0383
2023-07-17,0.0381
2023-07-18,0.038
2023-07-19,0.0375
2023-07-20,0.0385
2023-07-21,0.0384
2023-07-24,0.038599999999999995
2023-07-25,0.0391
2023-07-26,0.038599999999999995
2023-07-27,0.0401
2023-07-28,0.039599999999999996
2023-07-31,0.0397
2023-08-01,0.0405
2023-08-02,0.0408
2023-08-03,0.042
2023-08-04,0.0405
2023-08-07,0.0409
2023-08-08,0.04019999999999999
2023-08-09,0.04
2023-08-10,0.0409
2023-08-11,0.0416
2023-08-14,0.04190000000000001
2023-08-15,0.0421
2023-08-16,0.042800000000000005
2023-08-17,0.043
2023-08-18,0.0426
2023-08-21,0.0434
2023-08-22,0.0434
2023-08-23,0.04190000000000001
2023-08-24,0.042300000000000004
2023-08-25,0.0425
2023-08-28,0.042
2023-08-29,0.0412
2023-08-30,0.0412
2023-08-31,0.0409
2023-09-01,0.0418
2023-09-05,0.042699999999999995
2023-09-06,0.043
2023-09-07,0.042699999999999995
2023-09-08,0.0426
2023-09-11,0.0429
2023-09-12,0.042699999999999995
2023-09-13,0.0425
2023-09-14,0.0429
2023-09-15,0.0433
2023-09-18,0.0432
2023-09-19,0.0437
2023-09-20,0.0435
2023-09-21,0.0449
2023-09-22,0.0444
2023-09-25,0.0455
2023-09-26,0.045599999999999995
2023-09-27,0.0461
2023-09-28,0.045899999999999996
2023-09-29,0.045899999999999996
2023-10-02,0.046900000000000004
2023-10-03,0.0481
2023-10-04,0.0473
2023-10-05,0.0472
2023-10-06,0.0478
2023-10-10,0.0466
2023-10-11,0.0458
2023-10-12,0.047
2023-10-13,0.0463
2023-10-16,0.0471
2023-10-17,0.0483
2023-10-18,0.049100000000000005
2023-10-19,0.049800000000000004
2023-10-20,0.0493
2023-10-23,0.048600000000000004
2023-10-24,0.0483
2023-10-25,0.0495
2023-10-26,0.048600000000000004
2023-10-27,0.0484
2023-10-30,0.048799999999999996
2023-10-31,0.048799999999999996
2023-11-01,0.04769999999999999
2023-11-02,0.0467
2023-11-03,0.045700000000000005
2023-11-06,0.0467
2023-11-07,0.0458
2023-11-08,0.0449
2023-11-09,0.0462
2023-11-10,0.0461
2023-11-13,0.0463
2023-11-14,0.0444
2023-11-15,0.0453
2023-11-16,0.044500000000000005
2023-11-17,0.0444
2023-11-20,0.044199999999999996
2023-11-21,0.0441
2023-11-22,0.044199999999999996
2023-11-24,0.0447
2023-11-27,0.043899999999999995
2023-11-28,0.0434
2023-11-29,0.042699999999999995
2023-11-30,0.0437
2023-12-01,0.042199999999999994
2023-12-04,0.042800000000000005
2023-12-05,0.0418
2023-12-06,0.0412
2023-12-07,0.0414
2023-12-08,0.042300000000000004
2023-12-11,0.042300000000000004
2023-12-12,0.042
2023-12-13,0.0404
2023-12-14,0.0392
2023-12-15,0.0391
2023-12-18,0.0395
2023-12-19,0.0393
2023-12-20,0.038599999999999995
2023-12-21,0.038900000000000004
2023-12-22,0.039
2023-12-26,0.038900000000000004
2023-12-27,0.0379
2023-12-28,0.0384
2023-12-29,0.0388
2024-01-02,0.0395
2024-01-03,0.0391
2024-01-04,0.039900000000000005
2024-01-05,0.0405
2024-01-08,0.0401
2024-01-09,0.04019999999999999
2024-01-10,0.0404
2024-01-11,0.0398
2024-01-12,0.039599999999999996
2024-01-16,0.0407
2024-01-17,0.040999999999999995
2024-01-18,0.0414
2024-01-19,0.0415
2024-01-22,0.041100000000000005
2024-01-23,0.0414
2024-01-24,0.0418
2024-01-25,0.0414
2024-01-26,0.0415
2024-01-29,0.0408
2024-01-30,0.0406
2024-01-31,0.039900000000000005
2024-02-01,0.0387
2024-02-02,0.0403
2024-02-05,0.0417
2024-02-06,0.0409
2024-02-07,0.0409
2024-02-08,0.0415
2024-02-09,0.0417
2024-02-12,0.0417
2024-02-13,0.0431
2024-02-14,0.042699999999999995
2024-02-15,0.0424
2024-02-16,0.043
2024-02-20,0.042699999999999995
2024-02-21,0.0432
2024-02-22,0.0433
2024-02-23,0.0426
2024-02-26,0.042800000000000005
2024-02-27,0.0431
2024-02-28,0.042699999999999995
2024-02-29,0.0425
2024-03-01,0.04190000000000001
2024-03-04,0.042199999999999994
2024-03-05,0.041299999999999996
2024-03-06,0.041100000000000005
2024-03-07,0.0409
2024-03-08,0.0409
2024-03-11,0.040999999999999995
2024-03-12,0.0416
2024-03-13,0.04190000000000001
2024-03-14,0.0429
2024-03-15,0.0431
2024-03-18,0.0434
2024-03-19,0.043
2024-03-20,0.042699999999999995
2024-03-21,0.042699999999999995
2024-03-22,0.042199999999999994
2024-03-25,0.0425
2024-03-26,0.0424
2024-03-27,0.042
2024-03-28,0.042
2024-04-01,0.0433
2024-04-02,0.0436
2024-04-03,0.0436
2024-04-04,0.0431
2024-04-05,0.043899999999999995
2024-04-08,0.044199999999999996
2024-04-09,0.0436
2024-04-10,0.0455
2024-04-11,0.045599999999999995
2024-04-12,0.045
2024-04-15,0.0463
2024-04-16,0.0467
2024-04-17,0.045899999999999996
2024-04-18,0.0464
2024-04-19,0.0462
2024-04-22,0.0462
2024-04-23,0.0461
2024-04-24,0.04650000000000001
2024-04-25,0.047
2024-04-26,0.0467
2024-04-29,0.0463
2024-04-30,0.046900000000000004
2024-05-01,0.0463
2024-05-02,0.0458
2024-05-03,0.045
2024-05-06,0.0449
2024-05-07,0.0447
2024-05-08,0.044800000000000006
2024-05-09,0.044500000000000005
2024-05-10,0.045
2024-05-13,0.044800000000000006
2024-05-14,0.044500000000000005
2024-05-15,0.0436
2024-05-16,0.0438
2024-05-17,0.044199999999999996
2024-05-20,0.0444
2024-05-21,0.0441
2024-05-22,0.0443
2024-05-23,0.0447
2024-05-24,0.0446
2024-05-28,0.0454
2024-05-29,0.0461
2024-05-30,0.0455
2024-05-31,0.0451
2024-06-03,0.0441
2024-06-04,0.0433
2024-06-05,0.0429
2024-06-06,0.042800000000000005
2024-06-07,0.0443
2024-06-10,0.0447
2024-06-11,0.043899999999999995
2024-06-12,0.0431
2024-06-13,0.0424
2024-06-14,0.042
2024-06-17,0.042800000000000005
2024-06-18,0.042199999999999994
2024-06-20,0.0425
2024-06-21,0.0425
2024-06-24,0.0425
2024-06-25,0.042300000000000004
2024-06-26,0.0432
2024-06-27,0.0429
2024-06-28,0.0436
2024-07-01,0.044800000000000006
2024-07-02,0.0443
2024-07-03,0.0436
2024-07-05,0.042800000000000005
2024-07-08,0.042800000000000005
2024-07-09,0.043
2024-07-10,0.042800000000000005
2024-07-11,0.042
2024-07-12,0.0418
2024-07-15,0.042300000000000004
2024-07-16,0.0417
2024-07-17,0.0416
2024-07-18,0.042
2024-07-19,0.0425
2024-07-22,0.0426
2024-07-23,0.0425
2024-07-24,0.042800000000000005
2024-07-25,0.042699999999999995
2024-07-26,0.042
2024-07-29,0.0417
2024-07-30,0.0415
2024-07-31,0.0409
2024-08-01,0.039900000000000005
2024-08-02,0.038
2024-08-05,0.0378
2024-08-06,0.039
2024-08-07,0.039599999999999996
2024-08-08,0.039900000000000005
2024-08-09,0.0394
2024-08-12,0.039
2024-08-13,0.0385
2024-08-14,0.0383
2024-08-15,0.0392
2024-08-16,0.038900000000000004
2024-08-19,0.038599999999999995
2024-08-20,0.0382
2024-08-21,0.0379
2024-08-22,0.038599999999999995
2024-08-23,0.0381
2024-08-26,0.0382
2024-08-27,0.0383
2024-08-28,0.0384
2024-08-29,0.0387
2024-08-30,0.0391
2024-09-03,0.0384
2024-09-04,0.0377
2024-09-05,0.0373
2024-09-06,0.037200000000000004
2024-09-09,0.037000000000000005
2024-09-10,0.0365
2024-09-11,0.0365
2024-09-12,0.0368
2024-09-13,0.0366
2024-09-16,0.0363
2024-09-17,0.0365
2024-09-18,0.037000000000000005
2024-09-19,0.0373
2024-09-20,0.0373
2024-09-23,0.0375
2024-09-24,0.0374
2024-09-25,0.0379
2024-09-26,0.0379
2024-09-27,0.0375
2024-09-30,0.0381
2024-10-01,0.0374
2024-10-02,0.0379
2024-10-03,0.0385
2024-10-04,0.0398
2024-10-07,0.0403
2024-10-08,0.0404
2024-10-09,0.0406
2024-10-10,0.0409
2024-10-11,0.0408
2024-10-15,0.0403
2024-10-16,0.04019999999999999
2024-10-17,0.0409
2024-10-18,0.0408
2024-10-21,0.04190000000000001
2024-10-22,0.042
2024-10-23,0.0424
2024-10-24,0.0421
2024-10-25,0.0425
2024-10-28,0.042800000000000005
2024-10-29,0.042800000000000005
2024-10-30,0.0429
2024-10-31,0.042800000000000005
2024-11-01,0.0437
2024-11-04,0.0431
2024-11-05,0.0426
2024-11-06,0.044199999999999996
2024-11-07,0.0431
2024-11-08,0.043
2024-11-12,0.0443
2024-11-13,0.0444
2024-11-14,0.0443
2024-11-15,0.0443
2024-11-18,0.044199999999999996
2024-11-19,0.043899999999999995
2024-11-20,0.0441
2024-11-21,0.0443
2024-11-22,0.0441
2024-11-25,0.042699999999999995
2024-11-26,0.043
2024-11-27,0.0425
2024-11-29,0.0418
2024-12-02,0.04190000000000001
2024-12-03,0.042300000000000004
2024-12-04,0.04190000000000001
2024-12-05,0.0417
2024-12-06,0.0415
2024-12-09,0.042
2024-12-10,0.042199999999999994
2024-12-11,0.0426
2024-12-12,0.0432
2024-12-13,0.044000000000000004
2024-12-16,0.043899999999999995
2024-12-17,0.044000000000000004
2024-12-18,0.045
2024-12-19,0.045700000000000005
2024-12-20,0.0452
2024-12-23,0.045899999999999996
2024-12-24,0.045899999999999996
2024-12-26,0.0458
2024-12-27,0.0462
2024-12-30,0.0455
2024-12-31,0.0458
2025-01-02,0.045700000000000005
2025-01-03,0.046
2025-01-06,0.0462
2025-01-07,0.0467
2025-01-08,0.0467
2025-01-09,0.046799999999999994
2025-01-10,0.04769999999999999
2025-01-13,0.0479
2025-01-14,0.0478
2025-01-15,0.0466
2025-01-16,0.0461
2025-01-17,0.0461
2025-01-21,0.045700000000000005
2025-01-22,0.046
2025-01-23,0.04650000000000001
2025-01-24,0.0463
2025-01-27,0.0453
2025-01-28,0.0455
2025-01-29,0.0455
2025-01-30,0.0452
2025-01-31,0.0458
2025-02-03,0.0454
2025-02-04,0.0452
2025-02-05,0.0443
2025-02-06,0.044500000000000005
2025-02-07,0.0449
2025-02-10,0.0451
2025-02-11,0.0454
2025-02-12,0.0462
2025-02-13,0.0452
2025-02-14,0.0447
2025-02-18,0.0455
2025-02-19,0.0453
2025-02-20,0.045
2025-02-21,0.044199999999999996
2025-02-24,0.044000000000000004
2025-02-25,0.043
2025-02-26,0.0425
2025-02-27,0.0429
2025-02-28,0.0424
2025-03-03,0.0416
2025-03-04,0.042199999999999994
2025-03-05,0.042800000000000005
2025-03-06,0.0429
2025-03-07,0.0432
2025-03-10,0.042199999999999994
2025-03-11,0.042800000000000005
2025-03-12,0.0432
2025-03-13,0.042699999999999995
2025-03-14,0.0431
2025-03-17,0.0431
2025-03-18,0.0429
2025-03-19,0.0425
2025-03-20,0.0424
2025-03-21,0.0425
2025-03-24,0.0434
2025-03-25,0.0431
2025-03-26,0.0435
2025-03-27,0.0438
2025-03-28,0.042699999999999995
2025-03-31,0.042300000000000004
2025-04-01,0.0417
2025-04-02,0.042
2025-04-03,0.0406
2025-04-04,0.0401
2025-04-07,0.0415
2025-04-08,0.0426
2025-04-09,0.0434
2025-04-10,0.044000000000000004
2025-04-11,0.044800000000000006
2025-04-14,0.0438
2025-04-15,0.0435
2025-04-16,0.0429
2025-04-17,0.0434
2025-04-21,0.044199999999999996
2025-04-22,0.0441
2025-04-23,0.044000000000000004
2025-04-24,0.0432
2025-04-25,0.0429
2025-04-28,0.042300000000000004
2025-04-29,0.04190000000000001
2025-04-30,0.0417
2025-05-01,0.0425
2025-05-02,0.0433
2025-05-05,0.0436
2025-05-06,0.043
2025-05-07,0.0426
2025-05-08,0.0437
2025-05-09,0.0437
2025-05-12,0.044500000000000005
2025-05-13,0.0449
2025-05-14,0.0453
2025-05-15,0.044500000000000005
2025-05-16,0.0443
2025-05-19,0.0446
2025-05-20,0.044800000000000006
2025-05-21,0.0458
2025-05-22,0.0454
2025-05-23,0.0451
2025-05-27,0.0443
2025-05-28,0.0447
2025-05-29,0.0443
2025-05-30,0.0441
2025-06-02,0.0446
2025-06-03,0.0446
2025-06-04,0.0437
2025-06-05,0.044000000000000004
2025-06-06,0.0451
2025-06-09,0.0449
2025-06-10,0.0447
2025-06-11,0.0441
2025-06-12,0.0436
2025-06-13,0.0441
2025-06-16,0.0446
2025-06-17,0.043899999999999995
2025-06-18,0.0438
2025-06-20,0.0438
2025-06-23,0.0434
2025-06-24,0.043
2025-06-25,0.0429
2025-06-26,0.0426
2025-06-27,0.0429
2025-06-30,0.0424
2025-07-01,0.0426
2025-07-02,0.043
2025-07-03,0.0435
2025-07-07,0.044000000000000004
2025-07-08,0.044199999999999996
2025-07-09,0.0434
2025-07-10,0.0435
2025-07-11,0.0443
2025-07-14,0.0443
2025-07-15,0.045
2025-07-16,0.0446
2025-07-17,0.0447
2025-07-18,0.0444
2025-07-21,0.0438
2025-07-22,0.0435
2025-07-23,0.044000000000000004
2025-07-24,0.0443
2025-07-25,0.044000000000000004
2025-07-28,0.044199999999999996
2025-07-29,0.0434
2025-07-30,0.0438
2025-07-31,0.0437
2025-08-01,0.042300000000000004
2025-08-04,0.042199999999999994
2025-08-05,0.042199999999999994
2025-08-06,0.042199999999999994
2025-08-07,0.042300000000000004
2025-08-08,0.042699999999999995
2025-08-11,0.042699999999999995
2025-08-12,0.0429
2025-08-13,0.0424
2025-08-14,0.0429
2025-08-15,0.0433
2025-08-18,0.0434
2025-08-19,0.043
2025-08-20,0.0429
2025-08-21,0.0433
2025-08-22,0.0426
2025-08-25,0.042800000000000005
2025-08-26,0.0426
2025-08-27,0.0424
2025-08-28,0.042199999999999994
2025-08-29,0.042300000000000004
2025-09-02,0.042800000000000005
2025-09-03,0.042199999999999994
2025-09-04,0.0417
2025-09-05,0.040999999999999995
2025-09-08,0.0405
2025-09-09,0.0408
2025-09-10,0.0404
2025-09-11,0.0401
2025-09-12,0.0406
2025-09-15,0.0405
2025-09-16,0.0404
2025-09-17,0.0406
2025-09-18,0.041100000000000005
2025-09-19,0.0414
2025-09-22,0.0415
2025-09-23,0.0412
2025-09-24,0.0416
2025-09-25,0.0418
2025-09-26,0.042
2025-09-29,0.0415
2025-09-30,0.0416
2025-10-01,0.0412
2025-10-02,0.040999999999999995
2025-10-03,0.041299999999999996
2025-10-06,0.0418
2025-10-07,0.0414
2025-10-08,0.041299999999999996
2025-10-09,0.0414
2025-10-10,0.0405
2025-10-14,0.0403
2025-10-15,0.0405
2025-10-16,0.039900000000000005
2025-10-17,0.04019999999999999
2025-10-20,0.04
2025-10-21,0.0398
2025-10-22,0.0397
2025-10-23,0.0401
2025-10-24,0.04019999999999999
2025-10-27,0.0401
2025-10-28,0.039900000000000005
2025-10-29,0.0408
2025-10-30,0.041100000000000005
2025-10-31,0.041100000000000005
2025-11-03,0.041299999999999996
2025-11-04,0.040999999999999995
2025-11-05,0.0417
2025-11-06,0.041100000000000005
2025-11-07,0.041100000000000005
2025-11-10,0.041299999999999996
2025-11-12,0.0408
2025-11-13,0.041100000000000005
2025-11-14,0.0414
2025-11-17,0.041299999999999996
2025-11-18,0.0412
2025-11-19,0.041299999999999996
2025-11-20,0.040999999999999995
2025-11-21,0.0406
2025-11-24,0.0404
2025-11-25,0.0401
2025-11-26,0.04
2025-11-28,0.04019999999999999
2025-12-01,0.0409
2025-12-02,0.0409
2025-12-03,0.0406
2025-12-04,0.041100000000000005
2025-12-05,0.0414
2025-12-08,0.0417
2025-12-09,0.0418
2025-12-10,0.041299999999999996
2025-12-11,0.0414
2025-12-12,0.04190000000000001
2025-12-15,0.0418
2025-12-16,0.0415
2025-12-17,0.0416
2025-12-18,0.0412
2025-12-19,0.0416
2025-12-22,0.0417
2025-12-23,0.0418
2025-12-24,0.0415
2025-12-26,0.0414
2025-12-29,0.0412
2025-12-30,0.0414
2025-12-31,0.0418
